{"base_name":{"0":"Sirius B","1":"\u0414\u0435\u0442\u0438 \u042d\u0439\u043b\u0435\u0440\u0430","2":"\u0411\u043e\u0434\u0440\u044f\u0447\u043a\u043e\u043c","3":"\u041d\u0430\u043d\u043e\u0442\u0440\u043e\u043b\u043b\u0438","4":"\u0425\u0430\u0439\u0432\u043c\u0430\u0439\u043d\u0434","5":"\u041d\u0430 \u0441\u0432\u043e\u0435\u0439 \u0432\u043e\u043b\u043d\u0435","6":"\u0422\u0440\u0430\u043f\u0435\u0446\u0438\u044f \u0410\u043c\u0435\u0440\u0438\u043a\u0430\u043d\u043e","7":"\u0422\u0430\u0439\u043d\u0430 \u043f\u0435\u0440\u0435\u0432\u0430\u043b\u0430 \u043a\u043e\u0442\u0438\u043a\u0430 \u0441 \u0431\u043e\u043a\u0443 \u043d\u0430 \u0431\u043e\u043a","8":"\u041f\u043d\u0438 \u043f\u043e\u0434\u043e\u0437\u0440\u0435\u043d\u0438\u044f"},"bonus_a":{"0":258,"1":1962,"2":1424,"3":1206,"4":2119,"5":773,"6":0,"7":584,"8":0},"bonus_b":{"0":46,"1":472,"2":305,"3":180,"4":666,"5":93,"6":392,"7":73,"8":150},"current_name":{"0":"Sirius B","1":"\u0414\u0435\u0442\u0438 \u042d\u0439\u043b\u0435\u0440\u0430","2":"\u0411\u043e\u0434\u0440\u044f\u0447\u043a\u043e\u043c","3":"\u041d\u0430\u043d\u043e\u0442\u0440\u043e\u043b\u043b\u0438","4":"\u0425\u0430\u0439\u0432\u043c\u0430\u0439\u043d\u0434","5":"\u041d\u0430 \u0441\u0432\u043e\u0435\u0439 \u0432\u043e\u043b\u043d\u0435","6":"\u0422\u0440\u0430\u043f\u0435\u0446\u0438\u044f \u0410\u043c\u0435\u0440\u0438\u043a\u0430\u043d\u043e","7":"\u0422\u0430\u0439\u043d\u0430 \u043f\u0435\u0440\u0435\u0432\u0430\u043b\u0430 \u043a\u043e\u0442\u0438\u043a\u0430 \u0441 \u0431\u043e\u043a\u0443 \u043d\u0430 \u0431\u043e\u043a","8":"\u041f\u043d\u0438 \u043f\u043e\u0434\u043e\u0437\u0440\u0435\u043d\u0438\u044f"},"d_bonus_a":{"0":258,"1":1962,"2":1424,"3":1206,"4":2119,"5":773,"6":1710,"7":584,"8":935},"d_bonus_b":{"0":46,"1":472,"2":305,"3":180,"4":666,"5":93,"6":392,"7":73,"8":150},"d_diff_bonus":{"0":-14,"1":1,"2":1,"3":30,"4":2,"5":47,"6":1,"7":-10,"8":-15},"diff_bonus":{"0":-14,"1":1,"2":1,"3":30,"4":2,"5":47,"6":1,"7":-10,"8":-15},"idteam":{"0":8614,"1":8723,"2":28103,"3":28391,"4":38722,"5":39152,"6":43840,"7":45807,"8":49869},"included_in_rating":{"0":1,"1":1,"2":1,"3":1,"4":1,"5":1,"6":0,"7":1,"8":0},"mask":{"0":1.11e+299,"1":1.101001e+299,"2":1.11e+299,"3":1.1e+299,"4":1.11111e+299,"5":1e+299,"6":1.0100011e+297,"7":1.00001001e+299,"8":1.1e+299},"position":{"0":9,"1":2,"2":4,"3":5,"4":1,"5":7,"6":3,"7":8,"8":6},"predicted_position":{"0":8,"1":2,"2":4,"3":6,"4":1,"5":9,"6":3,"7":7,"8":5},"questions_total":{"0":51,"1":140,"2":110,"3":93,"4":182,"5":62,"6":131,"7":57,"8":79},"tech_rating":{"0":493,"1":2708,"2":2106,"3":1017,"4":4218,"5":455,"6":2349,"7":555,"8":1032}}