{"base_name":{"0":"Alta vista","1":"\u0423\u041a\u0411\u0422\u041c","2":"Metro","3":"\u0421\u0431\u043e\u0440\u043d\u0430\u044f","4":"\u041e\u0440\u0434\u0435\u043d","5":"\u041a\u043e\u0440\u0437\u0438\u043d\u043a\u0430, \u0451\u0436\u0438\u043a\u0438, \u043a\u043e\u0432\u0451\u0440","6":"\u0412\u0435\u0442\u0435\u0440 \u043f\u043e\u0431\u0435\u0434\u044b","7":"\u041a\u0440\u0438\u043e\u0413\u0435\u043d\u0438\u0438","8":"\u0414\u043e\u043b\u0433 \u0410\u043a\u0443\u043d\u0438\u043d\u0430 - \u0434\u043e\u0434\u0435\u043b\u0430\u0442\u044c!","9":"\u0413\u043e\u043b\u043e\u0432\u0443 \u043d\u0435 \u0437\u0430\u0431\u044b\u043b\u0438"},"bonus_a":{"0":1623,"1":981,"2":2,"3":0,"4":446,"5":240,"6":0,"7":0,"8":0,"9":0},"bonus_b":{"0":378,"1":168,"2":16,"3":1,"4":75,"5":40,"6":0,"7":1,"8":378,"9":10},"current_name":{"0":"Alta vista","1":"\u0423\u041a\u0411\u0422\u041c","2":"Metro","3":"\u0421\u0431\u043e\u0440\u043d\u0430\u044f","4":"\u041e\u0440\u0434\u0435\u043d","5":"\u041a\u043e\u0440\u0437\u0438\u043d\u043a\u0430, \u0451\u0436\u0438\u043a\u0438, \u043a\u043e\u0432\u0451\u0440","6":"\u0412\u0435\u0442\u0435\u0440 \u043f\u043e\u0431\u0435\u0434\u044b","7":"\u041a\u0440\u0438\u043e\u0413\u0435\u043d\u0438\u0438","8":"\u0414\u043e\u043b\u0433 \u0410\u043a\u0443\u043d\u0438\u043d\u0430 - \u0434\u043e\u0434\u0435\u043b\u0430\u0442\u044c!","9":"\u0413\u043e\u043b\u043e\u0432\u0443 \u043d\u0435 \u0437\u0430\u0431\u044b\u043b\u0438"},"d_bonus_a":{"0":1623,"1":981,"2":2,"3":0,"4":446,"5":240,"6":0,"7":0,"8":1623,"9":0},"d_bonus_b":{"0":378,"1":168,"2":16,"3":1,"4":75,"5":40,"6":0,"7":1,"8":378,"9":10},"d_diff_bonus":{"0":106,"1":0,"2":14,"3":-5,"4":0,"5":0,"6":0,"7":1,"8":-51,"9":-3},"diff_bonus":{"0":106,"1":0,"2":14,"3":-5,"4":0,"5":0,"6":0,"7":1,"8":-51,"9":-3},"idteam":{"0":1337,"1":6232,"2":6802,"3":7900,"4":27906,"5":40233,"6":42030,"7":42034,"8":45469,"9":49079},"included_in_rating":{"0":1,"1":1,"2":1,"3":0,"4":1,"5":1,"6":1,"7":1,"8":0,"9":1},"mask":{"0":1.0011011e+34,"1":1.0011011e+34,"2":1.000001e+28,"3":1e+18,"4":1.1111e+31,"5":1.1001001e+31,"6":1.000000001e+27,"7":1.000000001e+27,"8":1.110111111e+32,"9":1.00011e+27},"position":{"0":1.5,"1":3.0,"2":6.0,"3":8.5,"4":4.0,"5":5.0,"6":10.0,"7":8.5,"8":1.5,"9":7.0},"predicted_position":{"0":2,"1":3,"2":8,"3":7,"4":4,"5":5,"6":9,"7":10,"8":1,"9":6},"questions_total":{"0":20,"1":17,"2":10,"3":5,"4":16,"5":13,"6":4,"7":5,"8":20,"9":7},"tech_rating":{"0":1852,"1":1284,"2":17,"3":92,"4":538,"5":319,"6":4,"7":0,"8":3386,"9":102}}