{"base_name":{"0":"\u041e\u0430\u0437\u0438\u0441","1":"\u0427\u0442\u043e \u043f\u0438\u0441\u0430\u0442\u044c?","2":"\u041c\u0430\u044f\u043a","3":"Savage","4":"\u0412\u0442\u043e\u0440\u0430\u044f \u0437\u0432\u0435\u0437\u0434\u0430","5":"\u0411\u0430\u0433\u0438 \u041c\u0451\u0431\u0438\u0443\u0441\u0430","6":"\u042f\u0442\u044c","7":"\u041c\u0430\u044f\u043a - \u041b\u0438\u0446\u0435\u0439 \u0413\u043e\u0433\u043e\u043b\u044f","8":"Vault101","9":"\u0411\u043e\u0435\u0432\u044b\u0435 \u0431\u043e\u0442\u0430\u043d\u0438\u043a\u0438","10":"\u041d\u0418\u0418\u0427\u0410\u0412\u041e","11":"\u041c\u04212"},"bonus_a":{"0":617,"1":0,"2":27,"3":1130,"4":194,"5":54,"6":113,"7":1661,"8":427,"9":0,"10":0,"11":0},"bonus_b":{"0":142,"1":9,"2":16,"3":192,"4":81,"5":35,"6":54,"7":282,"8":110,"9":0,"10":13,"11":2},"current_name":{"0":"\u041e\u0430\u0437\u0438\u0441","1":"\u0427\u0442\u043e \u043f\u0438\u0441\u0430\u0442\u044c?","2":"\u041c\u0430\u044f\u043a","3":"Savage","4":"\u0412\u0442\u043e\u0440\u0430\u044f \u0437\u0432\u0435\u0437\u0434\u0430","5":"\u0411\u0430\u0433\u0438 \u041c\u0451\u0431\u0438\u0443\u0441\u0430","6":"\u042f\u0442\u044c","7":"\u041c\u0430\u044f\u043a - \u041b\u0438\u0446\u0435\u0439 \u0413\u043e\u0433\u043e\u043b\u044f","8":"Vault101","9":"\u0411\u043e\u0435\u0432\u044b\u0435 \u0431\u043e\u0442\u0430\u043d\u0438\u043a\u0438","10":"\u041d\u0418\u0418\u0427\u0410\u0412\u041e","11":"\u041c\u04212"},"d_bonus_a":{"0":617,"1":0,"2":27,"3":1130,"4":194,"5":54,"6":113,"7":1661,"8":427,"9":0,"10":0,"11":0},"d_bonus_b":{"0":142,"1":9,"2":16,"3":192,"4":81,"5":35,"6":54,"7":282,"8":110,"9":0,"10":13,"11":2},"d_diff_bonus":{"0":-25,"1":-2,"2":-63,"3":-45,"4":27,"5":26,"6":19,"7":172,"8":29,"9":0,"10":-2,"11":0},"diff_bonus":{"0":-25,"1":-2,"2":-63,"3":-45,"4":27,"5":26,"6":19,"7":172,"8":29,"9":0,"10":-2,"11":0},"idteam":{"0":2765,"1":42248,"2":42258,"3":42558,"4":44108,"5":44527,"6":44532,"7":46793,"8":48122,"9":49394,"10":49906,"11":49907},"included_in_rating":{"0":1,"1":1,"2":1,"3":0,"4":1,"5":1,"6":1,"7":1,"8":1,"9":0,"10":1,"11":1},"mask":{"0":1.11e+35,"1":1.1e+35,"2":1e+35,"3":1.10000001e+35,"4":1.010000001e+35,"5":1.111000001e+35,"6":1.010000001e+35,"7":1.11000101e+35,"8":1.110000001e+35,"9":1.11e+35,"10":1.1e+35,"11":1.11e+35},"position":{"0":3,"1":10,"2":8,"3":2,"4":5,"5":7,"6":6,"7":1,"8":4,"9":12,"10":9,"11":11},"predicted_position":{"0":2,"1":9,"2":3,"3":1,"4":6,"5":10,"6":7,"7":4,"8":5,"9":12,"10":8,"11":11},"questions_total":{"0":17,"1":7,"2":10,"3":17,"4":14,"5":11,"6":14,"7":18,"8":16,"9":6,"10":9,"11":7},"tech_rating":{"0":1187,"1":82,"2":855,"3":1822,"4":363,"5":75,"6":260,"7":681,"8":532,"9":0,"10":95,"11":20}}