{"base_name":{"0":"\u0428\u0430\u043b\u0442\u0430\u0439-\u0411\u043e\u043b\u0442\u0430\u0439","1":"\u041a\u0430\u0440\u0440\u0430\u043c\u0431\u0430","2":"\u0410\u0432\u043e\u0441\u044c","3":"\u0410\u043f\u0440\u0435\u043b\u044c","4":"\u0422\u0430\u0447\u0430\u043d\u043a\u0430","5":"323 \u0440\u0443\u0431\u043b\u044f","6":"\u041c\u044b","7":"\u0411\u0440\u0438\u0442\u0430\u043d\u0441\u043a\u0438\u0435 \u0443\u0447\u0451\u043d\u044b\u0435","8":"\u0412\u044b\u043f\u044c","9":"\u042d\u0434\u0435\u043b\u044c\u0432\u0435\u0439\u0441","10":"\u0411\u043e\u043b\u044c\u0448\u0430\u044f \u0411\u0435\u0440\u0442\u0430","11":"\u0424\u043b\u0430\u0433\u043c\u0430\u043d"},"bonus_a":{"0":2189,"1":1479,"2":1933,"3":1238,"4":2265,"5":1662,"6":2052,"7":2153,"8":1802,"9":2238,"10":2116,"11":783},"bonus_b":{"0":582,"1":276,"2":422,"3":220,"4":888,"5":333,"6":447,"7":496,"8":374,"9":751,"10":471,"11":124},"current_name":{"0":"\u0428\u0430\u043b\u0442\u0430\u0439-\u0411\u043e\u043b\u0442\u0430\u0439","1":"\u041a\u0430\u0440\u0440\u0430\u043c\u0431\u0430","2":"\u0410\u0432\u043e\u0441\u044c","3":"\u0410\u043f\u0440\u0435\u043b\u044c","4":"\u0422\u0430\u0447\u0430\u043d\u043a\u0430","5":"323 \u0440\u0443\u0431\u043b\u044f","6":"\u041c\u044b","7":"\u0411\u0440\u0438\u0442\u0430\u043d\u0441\u043a\u0438\u0435 \u0443\u0447\u0451\u043d\u044b\u0435","8":"\u0412\u044b\u043f\u044c","9":"\u042d\u0434\u0435\u043b\u044c\u0432\u0435\u0439\u0441","10":"\u0411\u043e\u043b\u044c\u0448\u0430\u044f \u0411\u0435\u0440\u0442\u0430","11":"\u0424\u043b\u0430\u0433\u043c\u0430\u043d"},"d_bonus_a":{"0":2189,"1":1479,"2":1933,"3":1238,"4":2265,"5":1662,"6":2052,"7":2153,"8":1802,"9":2238,"10":2116,"11":783},"d_bonus_b":{"0":582,"1":276,"2":422,"3":220,"4":888,"5":333,"6":447,"7":496,"8":374,"9":751,"10":471,"11":124},"d_diff_bonus":{"0":2,"1":56,"2":147,"3":-77,"4":5,"5":-44,"6":115,"7":1,"8":-48,"9":3,"10":25,"11":0},"diff_bonus":{"0":2,"1":56,"2":147,"3":-77,"4":5,"5":-44,"6":115,"7":1,"8":-48,"9":3,"10":25,"11":0},"idteam":{"0":197,"1":227,"2":317,"3":318,"4":407,"5":595,"6":2376,"7":2673,"8":4228,"9":4405,"10":4795,"11":26789},"included_in_rating":{"0":1,"1":1,"2":1,"3":1,"4":1,"5":1,"6":1,"7":1,"8":1,"9":1,"10":1,"11":1},"mask":{"0":1.0110111e+164,"1":1.010101101e+163,"2":1.11001111e+164,"3":1.11101101e+164,"4":1.111111111e+164,"5":1.0110111e+164,"6":1.110111111e+163,"7":1.01001111e+164,"8":1.1001111e+163,"9":1.11001111e+164,"10":1.0000101e+160,"11":1.111010001e+159},"position":{"0":3,"1":10,"2":7,"3":11,"4":1,"5":9,"6":6,"7":4,"8":8,"9":2,"10":5,"11":12},"predicted_position":{"0":3,"1":11,"2":10,"3":8,"4":1,"5":7,"6":9,"7":4,"8":5,"9":2,"10":6,"11":12},"questions_total":{"0":97,"1":54,"2":67,"3":53,"4":111,"5":59,"6":62,"7":81,"8":63,"9":99,"10":76,"11":44},"tech_rating":{"0":3225,"1":1529,"2":1603,"3":2001,"4":4948,"5":2272,"6":1888,"7":2520,"8":2389,"9":4450,"10":2282,"11":1202}}