{"base_name":{"0":"\u0414\u0436\u0435\u0440\u043e\u043d\u0438\u043c\u043e!","1":"\u041c\u044b\u0448\u0435\u0440\u043e\u043a\u0435\u0440\u044b \u0441 \u041c\u0430\u0440\u0441\u0430","2":"\u0425\u043e\u0445\u043b\u043e\u043c\u0430","3":"\u042d\u0442\u0438 \u0434\u0432\u0435 \u0438 \u0439\u0435\u0442\u0438","4":"\u0413\u0430\u043c\u0441","5":"\u041d\u0435\u0443\u0436\u0435\u043b\u0438","6":"\u0420\u0421\u041c"},"bonus_a":{"0":980,"1":385,"2":1414,"3":1414,"4":155,"5":306,"6":0},"bonus_b":{"0":99,"1":53,"2":193,"3":193,"4":22,"5":38,"6":62},"current_name":{"0":"\u0414\u0436\u0435\u0440\u043e\u043d\u0438\u043c\u043e!","1":"\u041c\u044b\u0448\u0435\u0440\u043e\u043a\u0435\u0440\u044b \u0441 \u041c\u0430\u0440\u0441\u0430","2":"\u0425\u043e\u0445\u043b\u043e\u043c\u0430","3":"\u042d\u0442\u0438 \u0434\u0432\u0435 \u0438 \u0439\u0435\u0442\u0438","4":"\u0413\u0430\u043c\u0441","5":"\u041d\u0435\u0443\u0436\u0435\u043b\u0438","6":"\u0420\u0421\u041c"},"d_bonus_a":{"0":980,"1":385,"2":1414,"3":1414,"4":155,"5":306,"6":642},"d_bonus_b":{"0":99,"1":53,"2":193,"3":193,"4":22,"5":38,"6":62},"d_diff_bonus":{"0":0,"1":31,"2":131,"3":-35,"4":-8,"5":-43,"6":6},"diff_bonus":{"0":0,"1":31,"2":131,"3":-35,"4":-8,"5":-43,"6":6},"idteam":{"0":5379,"1":5534,"2":27161,"3":40247,"4":40945,"5":40961,"6":49419},"included_in_rating":{"0":1,"1":1,"2":1,"3":1,"4":1,"5":1,"6":1},"mask":{"0":1.00001e+179,"1":1.10101101e+179,"2":1.010111111e+178,"3":1.10101001e+174,"4":1.0010101e+174,"5":1e+171,"6":1e+174},"position":{"0":3.0,"1":5.0,"2":1.5,"3":1.5,"4":7.0,"5":6.0,"6":4.0},"predicted_position":{"0":3,"1":7,"2":4,"3":1,"4":6,"5":2,"6":5},"questions_total":{"0":47,"1":40,"2":53,"3":55,"4":15,"5":34,"6":39},"tech_rating":{"0":652,"1":211,"2":345,"3":1947,"4":262,"5":708,"6":329}}