{"base_name":{"0":"\u0415\u0440\u0430\u043b\u0430\u0448","1":"\u042d\u043b\u044c\u0444\u044b","2":"\u042b","3":"\u041d\u0430\u043b\u0435\u0432\u043e \u043e\u0442 \u041b\u044c\u0435\u0436\u0430","4":"\u0412\u0438\u043d\u0435\u0433\u0440\u0435\u0442"},"bonus_a":{"0":1692,"1":488,"2":1207,"3":730,"4":0},"bonus_b":{"0":311,"1":123,"2":242,"3":192,"4":73},"current_name":{"0":"\u0415\u0440\u0430\u043b\u0430\u0448","1":"\u042d\u043b\u044c\u0444\u044b","2":"\u042b","3":"\u041d\u0430\u043b\u0435\u0432\u043e \u043e\u0442 \u041b\u044c\u0435\u0436\u0430","4":"\u0412\u0438\u043d\u0435\u0433\u0440\u0435\u0442"},"d_bonus_a":{"0":1692,"1":488,"2":1207,"3":730,"4":251},"d_bonus_b":{"0":311,"1":123,"2":242,"3":192,"4":73},"d_diff_bonus":{"0":70,"1":50,"2":50,"3":-60,"4":-25},"diff_bonus":{"0":70,"1":50,"2":50,"3":-60,"4":-25},"idteam":{"0":276,"1":3694,"2":4711,"3":6167,"4":46233},"included_in_rating":{"0":0,"1":1,"2":1,"3":1,"4":0},"mask":{"0":1.100101e+34,"1":1.10100001e+33,"2":1.00001001e+35,"3":1.100010101e+25,"4":1e+35},"position":{"0":1,"1":4,"2":2,"3":3,"4":5},"predicted_position":{"0":2,"1":5,"2":3,"3":1,"4":4},"questions_total":{"0":16,"1":9,"2":13,"3":11,"4":6},"tech_rating":{"0":1428,"1":709,"2":1275,"3":1860,"4":848}}