{"base_name":{"0":"\u041a\u043e\u043c\u0430\u043d\u0434\u0430 \u0414\u043c\u0438\u0442\u0440\u0438\u044f \u0424\u0438\u043d\u043e\u0433\u0435\u0435\u0432\u0430","1":"\u0412\u0435\u0442\u0435\u0440\u0430\u043d","2":"\u0422\u0432\u043e\u0439 \u0433\u043e\u0440\u043e\u0434 \u0414\u0437\u0435\u0440\u0436\u0438\u043d\u0441\u043a","3":"\u0422\u0435\u043b\u0435\u043a\u043e\u043c\u043f\u0430\u043d\u0438\u044f \u0414\u0437\u0435\u0440\u0436\u0438\u043d\u0441\u043a","4":"\u041e\u0431\u043e\u0440\u043e\u043d\u0449\u0438\u043a","5":"Encounter-dzr","6":"\u041a\u0430\u043f\u0440\u043e\u043b\u0430\u043a\u0442\u0430\u043c\u043e\u0432\u0435\u0446","7":"\u041a\u043e\u043c\u0430\u043d\u0434\u0430 \u0431\u043e\u0439\u0446\u043e\u0432\u0441\u043a\u043e\u0433\u043e \u043a\u043b\u0443\u0431\u0430 \u0420\u0410\u0416"},"bonus_a":{"0":0,"1":0,"2":0,"3":0,"4":0,"5":0,"6":0,"7":0},"bonus_b":{"0":0,"1":0,"2":0,"3":0,"4":0,"5":0,"6":0,"7":0},"current_name":{"0":"\u041a\u043e\u043c\u0430\u043d\u0434\u0430 \u0414\u043c\u0438\u0442\u0440\u0438\u044f \u0424\u0438\u043d\u043e\u0433\u0435\u0435\u0432\u0430","1":"\u0412\u0435\u0442\u0435\u0440\u0430\u043d","2":"\u0422\u0432\u043e\u0439 \u0433\u043e\u0440\u043e\u0434 \u0414\u0437\u0435\u0440\u0436\u0438\u043d\u0441\u043a","3":"\u0422\u041a \u0414\u0437\u0435\u0440\u0436\u0438\u043d\u0441\u043a","4":"\u041e\u0431\u043e\u0440\u043e\u043d\u0449\u0438\u043a","5":"Encounter-dzr","6":"\u041a\u0430\u043f\u0440\u043e\u043b\u0430\u043a\u0442\u0430\u043c\u043e\u0432\u0435\u0446","7":"\u041a\u043e\u043c\u0430\u043d\u0434\u0430 \u0431\u043e\u0439\u0446\u043e\u0432\u0441\u043a\u043e\u0433\u043e \u043a\u043b\u0443\u0431\u0430 \u0420\u0410\u0416"},"d_bonus_a":{"0":0,"1":0,"2":0,"3":0,"4":0,"5":0,"6":0,"7":0},"d_bonus_b":{"0":0,"1":0,"2":0,"3":0,"4":0,"5":0,"6":0,"7":0},"d_diff_bonus":{"0":0,"1":0,"2":0,"3":0,"4":0,"5":0,"6":0,"7":0},"diff_bonus":{"0":0,"1":0,"2":0,"3":0,"4":0,"5":0,"6":0,"7":0},"idteam":{"0":48374,"1":48375,"2":48376,"3":48380,"4":50059,"5":50060,"6":50061,"7":50062},"included_in_rating":{"0":1,"1":1,"2":1,"3":1,"4":1,"5":1,"6":1,"7":0},"mask":{"0":1.11111001e+35,"1":1.01010011e+35,"2":1.111100111e+35,"3":1.100011001e+33,"4":1.000001101e+33,"5":1.11110011e+35,"6":1.1001e+34,"7":1.101001101e+33},"position":{"0":1.0,"1":5.5,"2":3.0,"3":5.5,"4":7.0,"5":2.0,"6":8.0,"7":4.0},"predicted_position":{"0":1,"1":5,"2":5,"3":5,"4":5,"5":5,"6":5,"7":5},"questions_total":{"0":26,"1":15,"2":22,"3":15,"4":12,"5":24,"6":11,"7":16},"tech_rating":{"0":2,"1":0,"2":0,"3":0,"4":0,"5":0,"6":0,"7":0}}