{"base_name":{"0":"\u041f\u0435\u0440\u0435\u0437\u0430\u0433\u0440\u0443\u0437\u043a\u0430","1":"\u0414\u0432\u0438\u043d","2":"\u041d\u0435\u043c\u0435\u0437\u0438\u0441","3":"\u041d\u0423\u0418\u0425","4":"\u0412\u041c","5":"\u0411\u0435\u043b\u044b\u0435 \u0438 \u043f\u0443\u0448\u0438\u0441\u0442\u044b\u0435","6":"\u042d\u0444\u0444\u0435\u043a\u0442 \u041f\u0430\u0443\u043b\u0438","7":"Anfield","8":"\u041f\u0441\u0438\u0445\u0435\u044f","9":"Prunus Armeniaca"},"bonus_a":{"0":1994,"1":1807,"2":1011,"3":2127,"4":1360,"5":1360,"6":385,"7":385,"8":799,"9":1},"bonus_b":{"0":508,"1":408,"2":131,"3":698,"4":185,"5":185,"6":41,"7":41,"8":89,"9":10},"current_name":{"0":"\u041f\u0435\u0440\u0435\u0437\u0430\u0433\u0440\u0443\u0437\u043a\u0430","1":"\u0414\u0432\u0438\u043d","2":"\u041d\u0435\u043c\u0435\u0437\u0438\u0441","3":"\u041d\u0423\u0418\u0425","4":"\u0412\u041c","5":"\u0411\u0435\u043b\u044b\u0435 \u0438 \u043f\u0443\u0448\u0438\u0441\u0442\u044b\u0435","6":"\u042d\u0444\u0444\u0435\u043a\u0442 \u041f\u0430\u0443\u043b\u0438","7":"Anfield","8":"\u041f\u0441\u0438\u0445\u0435\u044f","9":"Prunus Armeniaca"},"d_bonus_a":{"0":1994,"1":1807,"2":1011,"3":2127,"4":1360,"5":1360,"6":385,"7":385,"8":799,"9":1},"d_bonus_b":{"0":508,"1":408,"2":131,"3":698,"4":185,"5":185,"6":41,"7":41,"8":89,"9":10},"d_diff_bonus":{"0":-94,"1":-49,"2":-14,"3":293,"4":-13,"5":96,"6":-45,"7":-9,"8":65,"9":0},"diff_bonus":{"0":-94,"1":-49,"2":-14,"3":293,"4":-13,"5":96,"6":-45,"7":-9,"8":65,"9":0},"idteam":{"0":640,"1":1025,"2":3301,"3":5141,"4":6989,"5":28354,"6":38400,"7":38791,"8":42358,"9":47113},"included_in_rating":{"0":1,"1":1,"2":1,"3":1,"4":1,"5":1,"6":1,"7":1,"8":1,"9":1},"mask":{"0":1.111001101e+41,"1":1.11011e+36,"2":1.1000001e+41,"3":1.1010011e+41,"4":1.000001101e+41,"5":1.10001101e+40,"6":1.0001e+34,"7":1.0000001e+41,"8":1.000000101e+41,"9":1e+35},"position":{"0":2.0,"1":3.0,"2":6.0,"3":1.0,"4":4.5,"5":4.5,"6":8.5,"7":8.5,"8":7.0,"9":10.0},"predicted_position":{"0":1,"1":2,"2":5,"3":3,"4":4,"5":7,"6":6,"7":8,"8":9,"9":10},"questions_total":{"0":21,"1":18,"2":12,"3":23,"4":13,"5":13,"6":7,"7":7,"8":9,"9":5},"tech_rating":{"0":4306,"1":2957,"2":909,"3":2935,"4":1272,"5":578,"6":840,"7":447,"8":188,"9":93}}