{"base_name":{"0":"\u0411\u041d","1":"\u0411\u0440\u0430\u0432\u043e \u0440\u0443\u043b\u044f!","2":"\u0428\u0435\u0441\u0442\u044c \u0431\u0435\u0437 \u043a\u043e\u0437\u044b\u0440\u044f","3":"Billie Bob Top","4":"\u041a\u042d\u041f","5":"World of Use Goo","6":"\u0421\u0442\u0430\u043d\u0446\u0438\u044f \u041a\u0443\u0440\u0441\u043a\u0430\u044f","7":"\u041d\u0435\u0436\u0435\u043d\u0441\u043a\u0430\u044f \u043b\u043e\u0433\u0438\u043a\u0430","8":"\u0411\u0435\u0437 \u043a\u043e\u043c\u043c\u0435\u043d\u0442\u0430\u0440\u0438\u0435\u0432"},"bonus_a":{"0":2123,"1":1696,"2":1980,"3":835,"4":0,"5":0,"6":1350,"7":0,"8":0},"bonus_b":{"0":764,"1":468,"2":638,"3":169,"4":94,"5":130,"6":361,"7":25,"8":0},"current_name":{"0":"\u0411\u041d","1":"\u0411\u0440\u0430\u0432\u043e \u0440\u0443\u043b\u044f!","2":"\u0428\u0435\u0441\u0442\u044c \u0431\u0435\u0437 \u043a\u043e\u0437\u044b\u0440\u044f","3":"Billie Bob Top","4":"\u041a\u042d\u041f","5":"World of Use Goo","6":"\u0421\u0442\u0430\u043d\u0446\u0438\u044f \u041a\u0443\u0440\u0441\u043a\u0430\u044f","7":"\u041d\u0435\u0436\u0435\u043d\u0441\u043a\u0430\u044f \u043b\u043e\u0433\u0438\u043a\u0430","8":"\u0411\u0435\u0437 \u043a\u043e\u043c\u043c\u0435\u043d\u0442\u0430\u0440\u0438\u0435\u0432"},"d_bonus_a":{"0":2123,"1":1696,"2":1980,"3":835,"4":0,"5":0,"6":1350,"7":0,"8":0},"d_bonus_b":{"0":764,"1":468,"2":638,"3":169,"4":94,"5":130,"6":361,"7":25,"8":0},"d_diff_bonus":{"0":3,"1":108,"2":2,"3":0,"4":-18,"5":36,"6":-53,"7":25,"8":-13},"diff_bonus":{"0":3,"1":108,"2":2,"3":0,"4":-18,"5":36,"6":-53,"7":25,"8":-13},"idteam":{"0":205,"1":4728,"2":6451,"3":39893,"4":43691,"5":44536,"6":45541,"7":46072,"8":48584},"included_in_rating":{"0":1,"1":1,"2":1,"3":1,"4":1,"5":1,"6":1,"7":1,"8":1},"mask":{"0":1.111100101e+59,"1":1.111000001e+59,"2":1.110101001e+59,"3":1.1001011e+52,"4":1.011e+58,"5":1.00100001e+58,"6":1.01101001e+58,"7":1.11e+58,"8":1.1e+57},"position":{"0":1,"1":3,"2":2,"3":5,"4":7,"5":6,"6":4,"7":8,"8":9},"predicted_position":{"0":1,"1":4,"2":2,"3":5,"4":6,"5":7,"6":3,"7":9,"8":8},"questions_total":{"0":47,"1":33,"2":38,"3":20,"4":15,"5":18,"6":29,"7":10,"8":6},"tech_rating":{"0":4345,"1":2701,"2":3948,"3":1021,"4":810,"5":795,"6":2802,"7":3,"8":239}}