{"base_name":{"0":"6 LITroff","1":"ZipFile","2":"\u0421\u0430\u043c-\u0411\u0443\u043a\u0430","3":"Windows 95","4":"\u041a\u0430\u0442\u0430\u0440\u0441\u0438\u0441","5":"Poker","6":"\u041f\u043e\u0440\u0442\u0443\u0433\u0430\u043b\u044c\u0441\u043a\u0438\u0439 \u041a\u043e\u0440\u0430\u0431\u043b\u0438\u043a","7":"7-40","8":"\u041f\u0440\u0438\u043c\u0443\u0441","9":"Demo","10":"\u041f\u0430\u0440\u0430\u0434\u043e\u043a\u0441","11":"Halowoomess","12":"Haloimes Intl"},"bonus_a":{"0":1114,"1":0,"2":0,"3":0,"4":0,"5":622,"6":0,"7":66,"8":0,"9":0,"10":0,"11":0,"12":25},"bonus_b":{"0":195,"1":21,"2":0,"3":21,"4":5,"5":157,"6":5,"7":99,"8":0,"9":0,"10":0,"11":0,"12":39},"current_name":{"0":"6 LITroff","1":"ZipFile","2":"\u0421\u0430\u043c-\u0411\u0443\u043a\u0430","3":"Windows 95","4":"\u041a\u0430\u0442\u0430\u0440\u0441\u0438\u0441","5":"Poker","6":"\u041f\u043e\u0440\u0442\u0443\u0433\u0430\u043b\u044c\u0441\u043a\u0438\u0439 \u041a\u043e\u0440\u0430\u0431\u043b\u0438\u043a","7":"7-40","8":"\u041f\u0440\u0438\u043c\u0443\u0441","9":"Demo","10":"\u041f\u0430\u0440\u0430\u0434\u043e\u043a\u0441","11":"Halowoomess","12":"Haloimes Intl"},"d_bonus_a":{"0":1114,"1":0,"2":0,"3":0,"4":0,"5":622,"6":0,"7":66,"8":0,"9":0,"10":0,"11":0,"12":25},"d_bonus_b":{"0":195,"1":21,"2":0,"3":21,"4":5,"5":157,"6":5,"7":99,"8":0,"9":0,"10":0,"11":0,"12":39},"d_diff_bonus":{"0":38,"1":20,"2":-8,"3":7,"4":-11,"5":58,"6":-17,"7":99,"8":0,"9":0,"10":0,"11":-98,"12":39},"diff_bonus":{"0":38,"1":20,"2":-8,"3":7,"4":-11,"5":58,"6":-17,"7":99,"8":0,"9":0,"10":0,"11":-98,"12":39},"idteam":{"0":8148,"1":37674,"2":37762,"3":41816,"4":44726,"5":45455,"6":45539,"7":50569,"8":50570,"9":50585,"10":50586,"11":50587,"12":50588},"included_in_rating":{"0":1,"1":1,"2":1,"3":1,"4":1,"5":1,"6":1,"7":1,"8":1,"9":1,"10":1,"11":1,"12":1},"mask":{"0":1.00100101e+58,"1":1e+58,"2":1e+57,"3":1.0000001e+41,"4":1.1e+58,"5":1.1e+58,"6":1.1e+58,"7":1.0000001e+58,"8":1.1e+58,"9":1e+58,"10":0.0,"11":1.1e+58,"12":1.1e+58},"position":{"0":1.0,"1":5.5,"2":10.5,"3":5.5,"4":7.5,"5":2.0,"6":7.5,"7":3.0,"8":10.5,"9":10.5,"10":13.0,"11":10.5,"12":4.0},"predicted_position":{"0":2,"1":8,"2":6,"3":7,"4":5,"5":3,"6":4,"7":11,"8":11,"9":11,"10":11,"11":1,"12":11},"questions_total":{"0":18,"1":9,"2":7,"3":9,"4":8,"5":14,"6":8,"7":12,"8":7,"9":7,"10":0,"11":7,"12":10},"tech_rating":{"0":1039,"1":5,"2":102,"3":78,"4":194,"5":765,"6":248,"7":0,"8":0,"9":0,"10":0,"11":1124,"12":0}}