{"base_name":{"0":"Sirius B","1":"\u0414\u0435\u0442\u0438 \u042d\u0439\u043b\u0435\u0440\u0430","2":"\u0427\u0430\u0442\u043b\u0430\u043d\u0435","3":"\u0414\u0435\u0440\u0437\u043d\u043e\u0432\u0435\u043d\u044c\u0435","4":"\u0411\u043e\u0434\u0440\u044f\u0447\u043a\u043e\u043c","5":"\u0422\u0430\u0439\u043d\u0430 \u043f\u0435\u0440\u0435\u0432\u0430\u043b\u0430 \u043a\u043e\u0442\u0438\u043a\u0430 \u0441 \u0431\u043e\u043a\u0443 \u043d\u0430 \u0431\u043e\u043a","6":"\u041f\u043b\u0430\u043d \u0411","7":"\u041a\u043e\u0440\u0430\u0431\u043b\u044c \u0422\u0435\u0441\u0435\u044f","8":"\u0420\u043e\u0437\u0430 \u0432\u0435\u0442\u0440\u043e\u0432"},"bonus_a":{"0":723,"1":1748,"2":0,"3":0,"4":1748,"5":258,"6":0,"7":0,"8":723},"bonus_b":{"0":101,"1":372,"2":17,"3":372,"4":372,"5":62,"6":2,"7":372,"8":101},"current_name":{"0":"Sirius B","1":"\u0414\u0435\u0442\u0438 \u042d\u0439\u043b\u0435\u0440\u0430","2":"\u0427\u0430\u0442\u043b\u0430\u043d\u0435","3":"\u0414\u0435\u0440\u0437\u043d\u043e\u0432\u0435\u043d\u044c\u0435","4":"\u0411\u043e\u0434\u0440\u044f\u0447\u043a\u043e\u043c","5":"\u0422\u0430\u0439\u043d\u0430 \u043f\u0435\u0440\u0435\u0432\u0430\u043b\u0430 \u043a\u043e\u0442\u0438\u043a\u0430 \u0441 \u0431\u043e\u043a\u0443 \u043d\u0430 \u0431\u043e\u043a","6":"\u041f\u043b\u0430\u043d \u0411","7":"\u041a\u043e\u0440\u0430\u0431\u043b\u044c \u0422\u0435\u0441\u0435\u044f","8":"\u0420\u043e\u0437\u0430 \u0432\u0435\u0442\u0440\u043e\u0432"},"d_bonus_a":{"0":723,"1":1748,"2":0,"3":1748,"4":1748,"5":258,"6":0,"7":1748,"8":723},"d_bonus_b":{"0":101,"1":372,"2":17,"3":372,"4":372,"5":62,"6":2,"7":372,"8":101},"d_diff_bonus":{"0":39,"1":-24,"2":-36,"3":117,"4":65,"5":-26,"6":-8,"7":-94,"8":99},"diff_bonus":{"0":39,"1":-24,"2":-36,"3":117,"4":65,"5":-26,"6":-8,"7":-94,"8":99},"idteam":{"0":8614,"1":8723,"2":8727,"3":8824,"4":28103,"5":45807,"6":47064,"7":48417,"8":48985},"included_in_rating":{"0":1,"1":1,"2":1,"3":1,"4":1,"5":1,"6":1,"7":0,"8":1},"mask":{"0":1.10001001e+35,"1":1.100111011e+35,"2":1.10001e+35,"3":1.110110001e+35,"4":1.1000101e+35,"5":1.1000101e+35,"6":1.0000101e+35,"7":1.110010111e+35,"8":1.010110101e+35},"position":{"0":5.5,"1":2.5,"2":8.0,"3":2.5,"4":2.5,"5":7.0,"6":9.0,"7":2.5,"8":5.5},"predicted_position":{"0":7,"1":2,"2":6,"3":4,"4":3,"5":5,"6":8,"7":1,"8":9},"questions_total":{"0":13,"1":18,"2":10,"3":18,"4":18,"5":11,"6":9,"7":18,"8":13},"tech_rating":{"0":524,"1":2602,"2":570,"3":1375,"4":2048,"5":662,"6":154,"7":3428,"8":24}}