{"base_name":{"0":"\u0414\u0435\u0442\u0438 \u042d\u0439\u043b\u0435\u0440\u0430","1":"\u0425\u0430\u0439\u0432\u043c\u0430\u0439\u043d\u0434","2":"\u0412\u043e\u0432\u0430 \u0438 \u043c\u0435\u0434\u0432\u0435\u0434\u044c","3":"\u041b\u0435\u0432\u0430\u044f \u0433\u0440\u0443\u0434\u044c \u0410\u043d\u0434\u0436\u0435\u043b\u0438\u043d\u044b \u0414\u0436\u043e\u043b\u0438"},"bonus_a":{"0":1036,"1":0,"2":1631,"3":2107},"bonus_b":{"0":256,"1":477,"2":385,"3":651},"current_name":{"0":"\u0414\u0435\u0442\u0438 \u042d\u0439\u043b\u0435\u0440\u0430","1":"\u0425\u0430\u0439\u0432\u043c\u0430\u0439\u043d\u0434","2":"\u0412\u043e\u0432\u0430 \u0438 \u043c\u0435\u0434\u0432\u0435\u0434\u044c","3":"\u041b\u0435\u0432\u0430\u044f \u0433\u0440\u0443\u0434\u044c \u0410\u043d\u0434\u0436\u0435\u043b\u0438\u043d\u044b \u0414\u0436\u043e\u043b\u0438"},"d_bonus_a":{"0":1036,"1":1937,"2":1631,"3":2107},"d_bonus_b":{"0":256,"1":477,"2":385,"3":651},"d_diff_bonus":{"0":-33,"1":-43,"2":65,"3":88},"diff_bonus":{"0":-33,"1":-43,"2":65,"3":88},"idteam":{"0":8723,"1":38722,"2":39018,"3":42637},"included_in_rating":{"0":1,"1":1,"2":1,"3":1},"mask":{"0":1.1101e+40,"1":1.00100001e+47,"2":1.0101001e+46,"3":1.00110011e+47},"position":{"0":4,"1":2,"2":3,"3":1},"predicted_position":{"0":3,"1":1,"2":4,"3":2},"questions_total":{"0":11,"1":17,"2":16,"3":22},"tech_rating":{"0":2489,"1":3999,"2":2479,"3":2763}}