{"base_name":{"0":"\u041e\u0442 \u0412\u0438\u043d\u0442\u0430 - \u0411\u0440\u0430\u0442\u044c\u044f \u043f\u043e \u0444\u0430\u0437\u0435","1":"\u041d\u043e\u043c\u0435\u0440 6","2":"\u041c\u0438\u043d\u0443\u0441 \u043e\u0434\u0438\u043d","3":"\u041e\u0442 \u0412\u0438\u043d\u0442\u0430 - Zodiak","4":"\u0421\u041a\u0414","5":"Finntrolls","6":"\u041f\u0435\u0441\u0438\u0433\u043e\u043b\u043e\u0432\u0446\u044b","7":"\u0425\u0425\u0425 \u0432\u0435\u043a","8":"\u0421\u043b\u0438\u0432\u043a\u0438 - \u0424\u043e\u0440\u0441-\u041c\u0430\u0436\u043e\u0440","9":"\u041f\u0440\u0438\u043c\u0430\u0442\u044b","10":"26958","11":"Keisecker","12":"\u042d\u0440\u0443\u0434\u0438\u0442\u044b"},"bonus_a":{"0":2246,"1":2287,"2":2284,"3":1945,"4":1651,"5":1075,"6":2181,"7":2223,"8":2272,"9":2280,"10":2099,"11":2263,"12":2292},"bonus_b":{"0":922,"1":1235,"2":1171,"3":639,"4":499,"5":260,"6":815,"7":863,"8":1078,"9":1138,"10":721,"11":1012,"12":1475},"current_name":{"0":"\u041e\u0442 \u0412\u0438\u043d\u0442\u0430 - \u0411\u0440\u0430\u0442\u044c\u044f \u043f\u043e \u0444\u0430\u0437\u0435","1":"\u041d\u043e\u043c\u0435\u0440 6","2":"\u041c\u0438\u043d\u0443\u0441 \u043e\u0434\u0438\u043d","3":"\u041e\u0442 \u0412\u0438\u043d\u0442\u0430 - Zodiak","4":"\u0421\u041a\u0414","5":"Finntrolls","6":"\u041f\u0435\u0441\u0438\u0433\u043e\u043b\u043e\u0432\u0446\u044b","7":"\u0425\u0425\u0425 \u0432\u0435\u043a","8":"\u0421\u043b\u0438\u0432\u043a\u0438 - \u0424\u043e\u0440\u0441-\u041c\u0430\u0436\u043e\u0440","9":"\u041f\u0440\u0438\u043c\u0430\u0442\u044b","10":"26958","11":"Keisecker","12":"\u0417\u043d\u0430\u0439\u043a\u0438"},"d_bonus_a":{"0":2246,"1":2287,"2":2284,"3":1945,"4":1651,"5":1075,"6":2181,"7":2223,"8":2272,"9":2280,"10":2099,"11":2263,"12":2292},"d_bonus_b":{"0":922,"1":1235,"2":1171,"3":639,"4":499,"5":260,"6":815,"7":863,"8":1078,"9":1138,"10":721,"11":1012,"12":1475},"d_diff_bonus":{"0":64,"1":237,"2":44,"3":381,"4":-69,"5":-120,"6":98,"7":52,"8":165,"9":-39,"10":-176,"11":-73,"12":28},"diff_bonus":{"0":64,"1":237,"2":44,"3":381,"4":-69,"5":-120,"6":98,"7":52,"8":165,"9":-39,"10":-176,"11":-73,"12":28},"idteam":{"0":210,"1":308,"2":316,"3":1470,"4":7991,"5":8328,"6":8329,"7":10256,"8":26955,"9":26956,"10":26958,"11":27448,"12":37488},"included_in_rating":{"0":1,"1":1,"2":1,"3":1,"4":1,"5":1,"6":1,"7":1,"8":1,"9":1,"10":1,"11":1,"12":1},"mask":{"0":1.100011011e+179,"1":1.110110011e+179,"2":1.100111011e+179,"3":1.10011101e+179,"4":1.000010111e+179,"5":1.00001011e+179,"6":1.00001111e+179,"7":1.101101111e+179,"8":1.101010111e+179,"9":1.011011111e+179,"10":1.10011011e+179,"11":1.000110111e+179,"12":1.011111101e+178},"position":{"0":7,"1":2,"2":3,"3":11,"4":12,"5":13,"6":9,"7":8,"8":5,"9":4,"10":10,"11":6,"12":1},"predicted_position":{"0":8,"1":6,"2":4,"3":13,"4":11,"5":12,"6":10,"7":9,"8":7,"9":2,"10":5,"11":3,"12":1},"questions_total":{"0":94,"1":113,"2":111,"3":86,"4":84,"5":79,"6":90,"7":93,"8":109,"9":110,"10":88,"11":99,"12":128},"tech_rating":{"0":4425,"1":5354,"2":5813,"3":2526,"4":3783,"5":3576,"6":3897,"7":4410,"8":4755,"9":6305,"10":5555,"11":5845,"12":8322}}