{"base_name":{"0":"\u041c\u044b","1":"\u041c\u0438\u0441\u0442\u0435\u0440\u0438\u044f","2":"\u041f\u0438 \u043a\u0432\u0430\u0434\u0440\u0430\u0442","3":"7Hz","4":"DimTeam","5":"100 \u043f\u0443\u0434\u043e\u0432","6":"\u0411\u0435\u0448\u043f\u0430\u043d\u0436\u0430","7":"\u041f\u0430\u0445\u0442\u0430\u043a\u043e\u0440","8":"\u0411\u0438\u0441","9":"\u0412\u0435\u0440\u0431\u0430","10":"\u0412\u0435\u0441\u0442\u043d\u0438\u043a","11":"Metal X"},"bonus_a":{"0":0,"1":1897,"2":1321,"3":2083,"4":2198,"5":326,"6":1711,"7":2018,"8":1321,"9":0,"10":0,"11":5},"bonus_b":{"0":485,"1":279,"2":162,"3":432,"4":555,"5":60,"6":227,"7":333,"8":162,"9":105,"10":0,"11":9},"current_name":{"0":"\u041c\u044b","1":"\u041c\u0438\u0441\u0442\u0435\u0440\u0438\u044f","2":"\u041f\u0438 \u043a\u0432\u0430\u0434\u0440\u0430\u0442","3":"7Hz","4":"DimTeam","5":"100 \u043f\u0443\u0434\u043e\u0432","6":"\u0411\u0435\u0448\u043f\u0430\u043d\u0436\u0430","7":"\u041f\u0430\u0445\u0442\u0430\u043a\u043e\u0440","8":"\u0411\u0438\u0441","9":"\u0412\u0435\u0440\u0431\u0430","10":"\u0412\u0435\u0441\u0442\u043d\u0438\u043a","11":"Metal X"},"d_bonus_a":{"0":2135,"1":1897,"2":1321,"3":2083,"4":2198,"5":326,"6":1711,"7":2018,"8":1321,"9":816,"10":0,"11":5},"d_bonus_b":{"0":485,"1":279,"2":162,"3":432,"4":555,"5":60,"6":227,"7":333,"8":162,"9":105,"10":0,"11":9},"d_diff_bonus":{"0":1,"1":0,"2":-33,"3":1,"4":2,"5":-23,"6":45,"7":1,"8":21,"9":30,"10":-5,"11":9},"diff_bonus":{"0":1,"1":0,"2":-33,"3":1,"4":2,"5":-23,"6":45,"7":1,"8":21,"9":30,"10":-5,"11":9},"idteam":{"0":2462,"1":2909,"2":4146,"3":4156,"4":5858,"5":8078,"6":8189,"7":28587,"8":45419,"9":49289,"10":49294,"11":50198},"included_in_rating":{"0":1,"1":1,"2":1,"3":1,"4":1,"5":1,"6":1,"7":1,"8":1,"9":1,"10":1,"11":1},"mask":{"0":1.11110001e+58,"1":1.101e+58,"2":1.101001e+58,"3":1.11001001e+59,"4":1.10111001e+58,"5":1.1e+58,"6":1.1e+58,"7":1.1010101e+58,"8":1.101e+58,"9":1.001e+58,"10":1e+45,"11":1e+58},"position":{"0":2.0,"1":5.0,"2":7.5,"3":3.0,"4":1.0,"5":10.0,"6":6.0,"7":4.0,"8":7.5,"9":9.0,"10":12.0,"11":11.0},"predicted_position":{"0":2,"1":5,"2":6,"3":3,"4":1,"5":9,"6":7,"7":4,"8":8,"9":10,"10":11,"11":12},"questions_total":{"0":30,"1":18,"2":13,"3":27,"4":34,"5":10,"6":17,"7":22,"8":13,"9":11,"10":2,"11":4},"tech_rating":{"0":2603,"1":1593,"2":1317,"3":2558,"4":3020,"5":723,"6":1076,"7":1875,"8":852,"9":538,"10":89,"11":1}}