{"base_name":{"0":"16 \u0442\u043e\u043d\u043d","1":"\u0425\u0438\u043c\u0435\u0440\u0430","2":"\u0413\u0440\u0438\u043d\u043f\u0438\u0441","3":"\u0417\u0435\u043b\u0435\u043d\u043e\u0433\u0440\u0430\u0434-43","4":"\u041a\u043e\u043d\u0446\u0435\u043f\u0442\u0443\u0430\u043b\u044c\u043d\u044b\u0439 \u0440\u0435\u0441\u043f\u0435\u043a\u0442","5":"\u0421\u043b\u043e\u0432\u043e \u0438 \u0434\u0435\u043b\u043e","6":"\u0421\u0442\u043e\u043b\u0438\u0447\u043d\u0430\u044f","7":"\u0424\u043b\u043e\u0440\u0438\u0430\u043d\u0430","8":"\u041f\u0435\u0447\u0435\u043d\u044c\u043a\u0430","9":"SUOMI"},"bonus_a":{"0":2255,"1":2083,"2":406,"3":1657,"4":2227,"5":1225,"6":2179,"7":1911,"8":0,"9":11},"bonus_b":{"0":842,"1":553,"2":66,"3":295,"4":746,"5":214,"6":674,"7":340,"8":7,"9":15},"current_name":{"0":"16 \u0442\u043e\u043d\u043d","1":"\u0425\u0438\u043c\u0435\u0440\u0430","2":"\u0413\u0440\u0438\u043d\u043f\u0438\u0441","3":"\u0417\u0435\u043b\u0435\u043d\u043e\u0433\u0440\u0430\u0434-43","4":"\u041a\u043e\u043d\u0446\u0435\u043f\u0442\u0443\u0430\u043b\u044c\u043d\u044b\u0439 \u0440\u0435\u0441\u043f\u0435\u043a\u0442","5":"\u0421\u043b\u043e\u0432\u043e \u0438 \u0434\u0435\u043b\u043e","6":"\u0421\u0442\u043e\u043b\u0438\u0447\u043d\u0430\u044f","7":"\u0424\u043b\u043e\u0440\u0438\u0430\u043d\u0430","8":"\u041f\u0435\u0447\u0435\u043d\u044c\u043a\u0430","9":"SUOMI"},"d_bonus_a":{"0":2255,"1":2083,"2":406,"3":1657,"4":2227,"5":1225,"6":2179,"7":1911,"8":0,"9":11},"d_bonus_b":{"0":842,"1":553,"2":66,"3":295,"4":746,"5":214,"6":674,"7":340,"8":7,"9":15},"d_diff_bonus":{"0":293,"1":-95,"2":51,"3":0,"4":-45,"5":0,"6":2,"7":1,"8":0,"9":-26},"diff_bonus":{"0":293,"1":-95,"2":51,"3":0,"4":-45,"5":0,"6":2,"7":1,"8":0,"9":-26},"idteam":{"0":23,"1":222,"2":795,"3":2237,"4":3960,"5":4246,"6":5150,"7":37591,"8":42391,"9":43291},"included_in_rating":{"0":1,"1":1,"2":1,"3":1,"4":1,"5":1,"6":1,"7":1,"8":1,"9":1},"mask":{"0":1.101011011e+42,"1":1.100000001e+42,"2":1e+41,"3":1.010100001e+43,"4":1.10100111e+44,"5":1.010010001e+43,"6":1.011011e+43,"7":1.0000001e+43,"8":1e+43,"9":1.0000101e+43},"position":{"0":1,"1":4,"2":8,"3":6,"4":2,"5":7,"6":3,"7":5,"8":10,"9":9},"predicted_position":{"0":4,"1":2,"2":9,"3":6,"4":1,"5":7,"6":3,"7":5,"8":10,"9":8},"questions_total":{"0":29,"1":20,"2":9,"3":16,"4":28,"5":13,"6":23,"7":17,"8":4,"9":6},"tech_rating":{"0":3695,"1":3945,"2":111,"3":1813,"4":4528,"5":1748,"6":3836,"7":1860,"8":70,"9":565}}