{"base_name":{"0":"\u0417\u0435\u043b\u0451\u043d\u044b\u0439 \u0442\u0440\u0430\u043c\u0432\u0430\u0439","1":"Intel","2":"\u041e\u0430\u0437\u0438\u0441","3":"Asachi","4":"Bifidoc","5":"\u041a\u043e\u043c\u0430\u043d\u0434\u0430 \u0410\u043b\u0445\u0430\u0437\u043e\u0432\u0430","6":"\u041a\u0430\u0440\u0442 \u0431\u043b\u0430\u043d\u0448","7":"Turnul Alb","8":"SER","9":"Afrodiziac","10":"Pokerface","11":"Google-Moogle","12":"Kernel Panic","13":"Moon power","14":"Tunak","15":"Vegas"},"bonus_a":{"0":18,"1":0,"2":0,"3":1681,"4":0,"5":1681,"6":2155,"7":0,"8":0,"9":0,"10":1225,"11":2022,"12":18,"13":0,"14":0,"15":0},"bonus_b":{"0":77,"1":8,"2":16,"3":278,"4":185,"5":278,"6":708,"7":0,"8":8,"9":4,"10":220,"11":415,"12":77,"13":0,"14":0,"15":0},"current_name":{"0":"\u0417\u0435\u043b\u0451\u043d\u044b\u0439 \u0442\u0440\u0430\u043c\u0432\u0430\u0439","1":"Intel","2":"\u041e\u0430\u0437\u0438\u0441","3":"Asachi","4":"Bifidoc","5":"\u041a\u043e\u043c\u0430\u043d\u0434\u0430 \u0410\u043b\u0445\u0430\u0437\u043e\u0432\u0430","6":"\u041a\u0430\u0440\u0442 \u0431\u043b\u0430\u043d\u0448","7":"Turnul Alb","8":"SER","9":"Afrodiziac","10":"Pokerface","11":"Google-Moogle","12":"Kernel Panic","13":"Moon power","14":"Tunak","15":"Vegas"},"d_bonus_a":{"0":18,"1":0,"2":0,"3":1681,"4":677,"5":1681,"6":2155,"7":0,"8":0,"9":0,"10":1225,"11":2022,"12":18,"13":0,"14":0,"15":0},"d_bonus_b":{"0":77,"1":8,"2":16,"3":278,"4":185,"5":278,"6":708,"7":0,"8":8,"9":4,"10":220,"11":415,"12":77,"13":0,"14":0,"15":0},"d_diff_bonus":{"0":-169,"1":8,"2":-115,"3":244,"4":66,"5":-215,"6":491,"7":-5,"8":4,"9":4,"10":-46,"11":231,"12":70,"13":0,"14":-8,"15":0},"diff_bonus":{"0":-169,"1":8,"2":-115,"3":244,"4":66,"5":-215,"6":491,"7":-5,"8":4,"9":4,"10":-46,"11":231,"12":70,"13":0,"14":-8,"15":0},"idteam":{"0":405,"1":2683,"2":2765,"3":2769,"4":2771,"5":3465,"6":6178,"7":7509,"8":7521,"9":42245,"10":42252,"11":44524,"12":44525,"13":46935,"14":50620,"15":50621},"included_in_rating":{"0":1,"1":1,"2":1,"3":1,"4":0,"5":1,"6":1,"7":1,"8":1,"9":1,"10":1,"11":1,"12":1,"13":1,"14":1,"15":1},"mask":{"0":1.010001e+47,"1":1.010001e+55,"2":1.00010011e+51,"3":1.0001e+55,"4":1.000101e+55,"5":1.01010001e+59,"6":1.101000101e+56,"7":1e+44,"8":1.01000001e+51,"9":1.11e+57,"10":1.001000101e+52,"11":1.0101001e+55,"12":1.100100101e+49,"13":1.011e+44,"14":1.000000001e+41,"15":1e+40},"position":{"0":7.5,"1":10.5,"2":9.0,"3":3.5,"4":6.0,"5":3.5,"6":1.0,"7":14.0,"8":10.5,"9":12.0,"10":5.0,"11":2.0,"12":7.5,"13":13.0,"14":15.5,"15":15.5},"predicted_position":{"0":2.0,"1":14.5,"2":4.0,"3":8.0,"4":7.0,"5":1.0,"6":5.0,"7":10.0,"8":12.0,"9":14.5,"10":3.0,"11":6.0,"12":11.0,"13":14.5,"14":9.0,"15":14.5},"questions_total":{"0":15,"1":10,"2":11,"3":21,"4":16,"5":21,"6":28,"7":5,"8":10,"9":7,"10":17,"11":22,"12":15,"13":6,"14":4,"15":4},"tech_rating":{"0":2502,"1":0,"2":1309,"3":252,"4":981,"5":4833,"6":1228,"7":55,"8":38,"9":0,"10":1820,"11":1217,"12":44,"13":0,"14":107,"15":0}}