{"base_name":{"0":"\u041d\u043e\u043c\u0435\u0440 6","1":"La Terna","2":"\u041a\u0438\u0435\u0432 \u043d\u0435 \u0440\u0435\u0437\u0438\u043d\u043e\u0432\u044b\u0439","3":"Keisecker","4":"\u0412\u043e\u0441\u0442\u043e\u0447\u043d\u044b\u0439 \u041c\u043e\u0440\u0434\u043e\u0440","5":"\u041a\u043e\u0444\u0435 \u0441 \u0446\u0438\u0430\u043d\u0438\u0434\u043e\u043c","6":"Messa in the battle"},"bonus_a":{"0":2168,"1":0,"2":0,"3":2168,"4":1007,"5":148,"6":0},"bonus_b":{"0":931,"1":240,"2":677,"3":931,"4":240,"5":34,"6":443},"current_name":{"0":"\u041d\u043e\u043c\u0435\u0440 6","1":"La Terna","2":"\u041a\u0438\u0435\u0432 \u043d\u0435 \u0440\u0435\u0437\u0438\u043d\u043e\u0432\u044b\u0439","3":"Keisecker","4":"\u0412\u043e\u0441\u0442\u043e\u0447\u043d\u044b\u0439 \u041c\u043e\u0440\u0434\u043e\u0440","5":"\u041a\u043e\u0444\u0435 \u0441 \u0446\u0438\u0430\u043d\u0438\u0434\u043e\u043c","6":"Messa in the battle"},"d_bonus_a":{"0":2168,"1":1007,"2":1962,"3":2168,"4":1007,"5":148,"6":1648},"d_bonus_b":{"0":931,"1":240,"2":677,"3":931,"4":240,"5":34,"6":443},"d_diff_bonus":{"0":88,"1":-35,"2":1,"3":-35,"4":70,"5":0,"6":1},"diff_bonus":{"0":88,"1":-35,"2":1,"3":-35,"4":70,"5":0,"6":1},"idteam":{"0":308,"1":2859,"2":7995,"3":27448,"4":48913,"5":49147,"6":50568},"included_in_rating":{"0":1,"1":0,"2":1,"3":1,"4":1,"5":1,"6":0},"mask":{"0":1.11011001e+41,"1":1.11001011e+40,"2":1.011110001e+41,"3":1.1110011e+41,"4":1.01100001e+41,"5":1.0100001e+40,"6":1.000000011e+41},"position":{"0":1.5,"1":5.5,"2":3.0,"3":1.5,"4":5.5,"5":7.0,"6":4.0},"predicted_position":{"0":2,"1":5,"2":3,"3":1,"4":6,"5":7,"6":4},"questions_total":{"0":29,"1":16,"2":27,"3":29,"4":16,"5":8,"6":20},"tech_rating":{"0":4930,"1":2167,"2":4393,"3":5670,"4":1476,"5":332,"6":2780}}