{"base_name":{"0":"\u041c\u0435\u0445\u0430\u043d\u0438\u0437\u043c \u0440\u0435\u0430\u043a\u0446\u0438\u0438","1":"\u0412\u0438\u043d\u0441\u0435\u043d\u0442 \u0412\u0435\u0433\u0430","2":"\u041c\u043e\u044f \u043b\u044e\u0431\u0438\u043c\u0430\u044f \u043a\u043e\u043c\u0430\u043d\u0434\u0430","3":"\u0410\u043b\u0438\u0441\u0430 \u0432 \u0441\u0442\u0440\u0430\u043d\u0435 \u0432\u0435\u0449\u0435\u0441\u0442\u0432","4":"\u041f\u043e\u0447\u0442\u0430\u043b\u044c\u043e\u043d\u0430 \u0434\u0440\u0430\u043d\u0434\u0443\u043b\u0435\u0442","5":"589"},"bonus_a":{"0":1730,"1":387,"2":0,"3":0,"4":387,"5":0},"bonus_b":{"0":863,"1":125,"2":27,"3":586,"4":125,"5":0},"current_name":{"0":"\u041c\u0435\u0445\u0430\u043d\u0438\u0437\u043c \u0440\u0435\u0430\u043a\u0446\u0438\u0438","1":"\u0412\u0438\u043d\u0441\u0435\u043d\u0442 \u0412\u0435\u0433\u0430","2":"\u041c\u043e\u044f \u043b\u044e\u0431\u0438\u043c\u0430\u044f \u043a\u043e\u043c\u0430\u043d\u0434\u0430","3":"\u0410\u043b\u0438\u0441\u0430 \u0432 \u0441\u0442\u0440\u0430\u043d\u0435 \u0432\u0435\u0449\u0435\u0441\u0442\u0432","4":"\u041f\u043e\u0447\u0442\u0430\u043b\u044c\u043e\u043d\u0430 \u0434\u0440\u0430\u043d\u0434\u0443\u043b\u0435\u0442","5":"589"},"d_bonus_a":{"0":1730,"1":387,"2":0,"3":1164,"4":387,"5":0},"d_bonus_b":{"0":863,"1":125,"2":27,"3":586,"4":125,"5":0},"d_diff_bonus":{"0":4,"1":-37,"2":-13,"3":2,"4":98,"5":0},"diff_bonus":{"0":4,"1":-37,"2":-13,"3":2,"4":98,"5":0},"idteam":{"0":3133,"1":39051,"2":46369,"3":50220,"4":50707,"5":51014},"included_in_rating":{"0":1,"1":1,"2":1,"3":0,"4":1,"5":1},"mask":{"0":1.000100101e+71,"1":1.001001101e+70,"2":1.00000001e+67,"3":1.01011e+59,"4":1.000001011e+67,"5":1.00001e+59},"position":{"0":1.0,"1":3.5,"2":5.0,"3":2.0,"4":3.5,"5":6.0},"predicted_position":{"0":1,"1":3,"2":4,"3":2,"4":5,"5":6},"questions_total":{"0":28,"1":16,"2":11,"3":24,"4":18,"5":7},"tech_rating":{"0":5531,"1":1663,"2":379,"3":4727,"4":259,"5":0}}