{"base_name":{"0":"\u0422\u0440\u043e\u0442\u0438\u043b\u043e\u0432\u044b\u0439 \u044d\u043a\u0432\u0438\u0432\u0430\u043b\u0435\u043d\u0442","1":"\u0420\u0430\u0437\u0431\u0435\u0440\u0451\u043c\u0441\u044f","2":"\u0422\u0438\u043c\u0443\u0440 \u0438 \u0435\u0433\u043e \u043a\u043e\u043c\u0430\u043d\u0434\u0430","3":"\u0420\u0435\u0437\u043a\u043e \u043a\u043e\u043d\u0442\u0438\u043d\u0435\u043d\u0442\u0430\u043b\u044c\u043d\u044b\u0435","4":"Poker Face","5":"\u0417\u0435\u043d\u0438\u0442","6":"\u0422\u0440\u043e\u043f\u0438\u043a \u0420\u0430\u043a\u0430"},"bonus_a":{"0":1143,"1":1962,"2":28,"3":1800,"4":849,"5":380,"6":1506},"bonus_b":{"0":256,"1":437,"2":13,"3":390,"4":187,"5":103,"6":315},"current_name":{"0":"\u0422\u0440\u043e\u0442\u0438\u043b\u043e\u0432\u044b\u0439 \u044d\u043a\u0432\u0438\u0432\u0430\u043b\u0435\u043d\u0442","1":"\u0420\u0430\u0437\u0431\u0435\u0440\u0451\u043c\u0441\u044f","2":"\u0422\u0438\u043c\u0443\u0440 \u0438 \u0435\u0433\u043e \u043a\u043e\u043c\u0430\u043d\u0434\u0430","3":"\u0420\u0435\u0437\u043a\u043e \u043a\u043e\u043d\u0442\u0438\u043d\u0435\u043d\u0442\u0430\u043b\u044c\u043d\u044b\u0435","4":"Poker Face","5":"\u0417\u0435\u043d\u0438\u0442","6":"\u0422\u0440\u043e\u043f\u0438\u043a \u0420\u0430\u043a\u0430"},"d_bonus_a":{"0":1143,"1":1962,"2":28,"3":1800,"4":849,"5":380,"6":1506},"d_bonus_b":{"0":256,"1":437,"2":13,"3":390,"4":187,"5":103,"6":315},"d_diff_bonus":{"0":69,"1":123,"2":0,"3":1,"4":84,"5":-77,"6":-60},"diff_bonus":{"0":69,"1":123,"2":0,"3":1,"4":84,"5":-77,"6":-60},"idteam":{"0":28163,"1":38914,"2":39040,"3":42100,"4":42320,"5":42364,"6":45560},"included_in_rating":{"0":1,"1":1,"2":1,"3":1,"4":0,"5":1,"6":0},"mask":{"0":1.010010011e+44,"1":1.111011011e+44,"2":1.01000001e+44,"3":1.00100111e+42,"4":1.010010011e+44,"5":1.00001001e+44,"6":1.000000111e+43},"position":{"0":4,"1":1,"2":7,"3":2,"4":5,"5":6,"6":3},"predicted_position":{"0":5,"1":3,"2":7,"3":2,"4":6,"5":4,"6":1},"questions_total":{"0":18,"1":25,"2":13,"3":22,"4":17,"5":16,"6":20},"tech_rating":{"0":1298,"1":1792,"2":121,"3":2237,"4":933,"5":1564,"6":2328}}