{"base_name":{"0":"\u0412\u0435\u0442\u0435\u0440 \u043f\u043e\u0431\u0435\u0434\u044b","1":"\u0414\u0438\u043a\u0438\u0435 \u043c\u0435\u0434\u0432\u0435\u0434\u0438","2":"\u041a\u0430\u0431\u0430\u043d\u044b","3":"Win+F1","4":"\u0414\u0430\u0448\u0430 \u0438 \u043c\u0435\u0434\u0432\u0435\u0434\u0438","5":"\u0414\u0440\u0443\u0437\u044c\u044f \u0434\u0440\u0443\u0437\u0435\u0439 \u0414\u0440\u0443\u0437\u044f","6":"\u0411\u0440\u044d\u0439\u043d","7":"\u041c\u0435\u0445\u0430\u043d\u0438\u043a\u0438","8":"\u041b\u0438\u0433\u0430","9":"\u0412\u0430\u0440\u0433\u0430\u0441","10":"Challenge","11":"\u0413\u0435\u043e\u043b\u043e\u0433\u0438","12":"\u041f\u043e\u0431\u0435\u0434\u0430"},"bonus_a":{"0":201,"1":0,"2":0,"3":0,"4":0,"5":0,"6":0,"7":0,"8":0,"9":0,"10":0,"11":0,"12":0},"bonus_b":{"0":38,"1":0,"2":0,"3":0,"4":0,"5":0,"6":0,"7":0,"8":0,"9":0,"10":0,"11":0,"12":0},"current_name":{"0":"\u0412\u0435\u0442\u0435\u0440 \u043f\u043e\u0431\u0435\u0434\u044b","1":"\u0414\u0438\u043a\u0438\u0435 \u043c\u0435\u0434\u0432\u0435\u0434\u0438","2":"\u041a\u0430\u0431\u0430\u043d\u044b","3":"Win+F1","4":"\u0414\u0430\u0448\u0430 \u0438 \u043c\u0435\u0434\u0432\u0435\u0434\u0438","5":"\u0414\u0440\u0443\u0437\u044c\u044f \u0434\u0440\u0443\u0437\u0435\u0439 \u0414\u0440\u0443\u0437\u044f","6":"\u0411\u0440\u044d\u0439\u043d","7":"\u041c\u0435\u0445\u0430\u043d\u0438\u043a\u0438","8":"\u041b\u0438\u0433\u0430","9":"\u0412\u0430\u0440\u0433\u0430\u0441","10":"Challenge","11":"\u0413\u0435\u043e\u043b\u043e\u0433\u0438","12":"\u041f\u043e\u0431\u0435\u0434\u0430"},"d_bonus_a":{"0":201,"1":0,"2":0,"3":0,"4":0,"5":0,"6":0,"7":0,"8":0,"9":0,"10":0,"11":0,"12":0},"d_bonus_b":{"0":38,"1":0,"2":0,"3":0,"4":0,"5":0,"6":0,"7":0,"8":0,"9":0,"10":0,"11":0,"12":0},"d_diff_bonus":{"0":0,"1":0,"2":0,"3":0,"4":0,"5":0,"6":0,"7":0,"8":0,"9":0,"10":0,"11":0,"12":0},"diff_bonus":{"0":0,"1":0,"2":0,"3":0,"4":0,"5":0,"6":0,"7":0,"8":0,"9":0,"10":0,"11":0,"12":0},"idteam":{"0":42030,"1":50573,"2":50574,"3":50575,"4":50576,"5":50577,"6":50578,"7":50579,"8":50580,"9":50581,"10":50582,"11":50583,"12":50584},"included_in_rating":{"0":1,"1":1,"2":1,"3":1,"4":1,"5":1,"6":1,"7":1,"8":1,"9":1,"10":1,"11":1,"12":1},"mask":{"0":1.100111001e+33,"1":1.010000001e+28,"2":1.110011e+19,"3":1.0000011e+30,"4":1.0001e+28,"5":1.00101001e+31,"6":1.01001001e+28,"7":1.0101011e+32,"8":1.000010001e+28,"9":1.01e+28,"10":1.01000011e+28,"11":1e+28,"12":1.10010011e+34},"position":{"0":1.0,"1":4.0,"2":7.5,"3":5.5,"4":11.0,"5":2.5,"6":9.0,"7":5.5,"8":7.5,"9":11.0,"10":2.5,"11":13.0,"12":11.0},"predicted_position":{"0":1.0,"1":7.5,"2":7.5,"3":7.5,"4":7.5,"5":7.5,"6":7.5,"7":7.5,"8":7.5,"9":7.5,"10":7.5,"11":7.5,"12":7.5},"questions_total":{"0":17,"1":10,"2":8,"3":9,"4":5,"5":11,"6":6,"7":9,"8":8,"9":5,"10":11,"11":4,"12":5},"tech_rating":{"0":366,"1":0,"2":0,"3":0,"4":0,"5":0,"6":0,"7":0,"8":0,"9":0,"10":0,"11":0,"12":0}}