{"base_name":{"0":"\u0413\u043b\u044e\u043a","1":"\u0418\u043d\u0442\u0435\u0440","2":"Dixi","3":"\u0410\u0441\u0442\u0440\u0430","4":"\u0413\u0435\u043b\u0438\u043e\u0441","5":"\u041c\u0430\u0444\u0438\u044f","6":"\u0412\u0435\u0441\u0451\u043b\u044b\u0439 \u0431\u043e\u0446\u043c\u0430\u043d","7":"\u041f\u0440\u043e\u0435\u043a\u0442 \u0426\u0435\u0440\u0435\u0431\u0440\u043e","8":"0,5 \u043b\u043e\u0433\u0438\u043a\u0438","9":"\u041b\u0438\u043b\u0438\u0438 \u0414\u043e\u043b\u0438\u043d","10":"\u0410\u0421\u0422 - \u0422\u0430\u043d\u0446\u044b \u0441 \u0431\u0443\u0431\u043d\u043e\u043c"},"bonus_a":{"0":1983,"1":1835,"2":2141,"3":1474,"4":1698,"5":258,"6":1061,"7":2077,"8":258,"9":258,"10":258},"bonus_b":{"0":367,"1":243,"2":520,"3":153,"4":204,"5":33,"6":121,"7":461,"8":33,"9":33,"10":33},"current_name":{"0":"\u0413\u043b\u044e\u043a","1":"\u0418\u043d\u0442\u0435\u0440","2":"Dixi","3":"\u0410\u0441\u0442\u0440\u0430","4":"\u0413\u0435\u043b\u0438\u043e\u0441","5":"\u041c\u0430\u0444\u0438\u044f","6":"\u0412\u0435\u0441\u0451\u043b\u044b\u0439 \u0431\u043e\u0446\u043c\u0430\u043d","7":"\u041f\u0440\u043e\u0435\u043a\u0442 \u0426\u0435\u0440\u0435\u0431\u0440\u043e","8":"0,5 \u043b\u043e\u0433\u0438\u043a\u0438","9":"\u041b\u0438\u043b\u0438\u0438 \u0414\u043e\u043b\u0438\u043d","10":"\u0410\u0421\u0422 - \u0422\u0430\u043d\u0446\u044b \u0441 \u0431\u0443\u0431\u043d\u043e\u043c"},"d_bonus_a":{"0":1983,"1":1835,"2":2141,"3":1474,"4":1698,"5":258,"6":1061,"7":2077,"8":258,"9":258,"10":258},"d_bonus_b":{"0":367,"1":243,"2":520,"3":153,"4":204,"5":33,"6":121,"7":461,"8":33,"9":33,"10":33},"d_diff_bonus":{"0":1,"1":0,"2":60,"3":112,"4":83,"5":-86,"6":-16,"7":-29,"8":-14,"9":-4,"10":31},"diff_bonus":{"0":1,"1":0,"2":60,"3":112,"4":83,"5":-86,"6":-16,"7":-29,"8":-14,"9":-4,"10":31},"idteam":{"0":141,"1":559,"2":2059,"3":2239,"4":3150,"5":5205,"6":5927,"7":37492,"8":42499,"9":48531,"10":48670},"included_in_rating":{"0":1,"1":1,"2":1,"3":1,"4":0,"5":1,"6":1,"7":1,"8":1,"9":0,"10":1},"mask":{"0":1.1100111e+32,"1":1.001010001e+35,"2":1.101111001e+35,"3":1e+34,"4":1.0111011e+32,"5":1.00001e+31,"6":1e+32,"7":1.011101101e+35,"8":1.000000001e+30,"9":1e+32,"10":1.100001e+32},"position":{"0":3.0,"1":4.0,"2":1.0,"3":6.0,"4":5.0,"5":9.5,"6":7.0,"7":2.0,"8":9.5,"9":9.5,"10":9.5},"predicted_position":{"0":3.0,"1":4.0,"2":2.0,"3":9.5,"4":7.0,"5":5.0,"6":6.0,"7":1.0,"8":8.0,"9":9.5,"10":11.0},"questions_total":{"0":18,"1":15,"2":23,"3":10,"4":13,"5":5,"6":7,"7":22,"8":5,"9":5,"10":5},"tech_rating":{"0":2373,"1":1361,"2":2682,"3":261,"4":878,"5":1230,"6":894,"7":2796,"8":377,"9":261,"10":19}}