{"base_name":{"0":"\u0421\u041c\u0415\u041d\u0410","1":"\u0412\u0430\u0442\u0430\u0441\u0438\u0442\u0430\u0442\u0438","2":"\u0421\u0438\u043c\u0443\u043b\u0438\u0440\u0443\u0435\u043c \u0441\u0430\u0440\u043a\u0430\u0437\u043c","3":"Betelgeuse","4":"3,14","5":"\u0417\u0430\u0434\u0443\u043c\u043a\u0430 \u0430\u0432\u0442\u043e\u0440\u0430","6":"\u041c\u0430\u0444\u0438\u044f","7":"\u0421\u0432\u043e\u044f \u0430\u0442\u043c\u043e\u0441\u0444\u0435\u0440\u0430","8":"Snowflakes","9":"\u0414\u0430\u0432\u043d\u043e \u043f\u043e\u0440\u0430 \u0431\u044b\u043b\u043e","10":"\u041d\u0435\u0442","11":"\u0422\u0430\u0442\u0430\u0440\u0441\u043a\u0438\u0439 \u0440\u044d\u043f"},"bonus_a":{"0":1923,"1":1699,"2":1397,"3":293,"4":923,"5":0,"6":0,"7":86,"8":0,"9":0,"10":0,"11":0},"bonus_b":{"0":354,"1":279,"2":211,"3":104,"4":140,"5":47,"6":0,"7":76,"8":10,"9":0,"10":10,"11":2},"current_name":{"0":"\u0421\u041c\u0415\u041d\u0410","1":"\u0412\u0430\u0442\u0430\u0441\u0438\u0442\u0430\u0442\u0438","2":"\u0421\u0438\u043c\u0443\u043b\u0438\u0440\u0443\u0435\u043c \u0441\u0430\u0440\u043a\u0430\u0437\u043c","3":"Betelgeuse","4":"3,14","5":"\u0417\u0430\u0434\u0443\u043c\u043a\u0430 \u0430\u0432\u0442\u043e\u0440\u0430","6":"\u041c\u0430\u0444\u0438\u044f","7":"\u0421\u0432\u043e\u044f \u0430\u0442\u043c\u043e\u0441\u0444\u0435\u0440\u0430","8":"Snowflakes","9":"\u0414\u0430\u0432\u043d\u043e \u043f\u043e\u0440\u0430 \u0431\u044b\u043b\u043e","10":"\u041d\u0435\u0442","11":"\u0422\u0430\u0442\u0430\u0440\u0441\u043a\u0438\u0439 \u0440\u044d\u043f"},"d_bonus_a":{"0":1923,"1":1699,"2":1397,"3":293,"4":923,"5":53,"6":0,"7":86,"8":0,"9":0,"10":0,"11":0},"d_bonus_b":{"0":354,"1":279,"2":211,"3":104,"4":140,"5":47,"6":0,"7":76,"8":10,"9":0,"10":10,"11":2},"d_diff_bonus":{"0":76,"1":-38,"2":0,"3":-18,"4":93,"5":-29,"6":-1,"7":60,"8":6,"9":0,"10":-33,"11":2},"diff_bonus":{"0":76,"1":-38,"2":0,"3":-18,"4":93,"5":-29,"6":-1,"7":60,"8":6,"9":0,"10":-33,"11":2},"idteam":{"0":1068,"1":4254,"2":6481,"3":6568,"4":6739,"5":37838,"6":42507,"7":43140,"8":46171,"9":49561,"10":49935,"11":50443},"included_in_rating":{"0":1,"1":1,"2":1,"3":1,"4":0,"5":1,"6":0,"7":1,"8":1,"9":1,"10":1,"11":1},"mask":{"0":1.11111e+35,"1":1.11001001e+35,"2":1.111001001e+33,"3":1.11000001e+35,"4":1.110001e+34,"5":1.11001101e+24,"6":10000100.0,"7":1.01e+35,"8":1.1e+34,"9":1e+24,"10":1.00101e+30,"11":1.00000001e+32},"position":{"0":1.0,"1":2.0,"2":3.0,"3":5.0,"4":4.0,"5":7.0,"6":12.0,"7":6.0,"8":8.5,"9":11.0,"10":8.5,"11":10.0},"predicted_position":{"0":2.0,"1":1.0,"2":3.0,"3":4.0,"4":7.0,"5":5.0,"6":10.0,"7":8.0,"8":9.0,"9":11.5,"10":6.0,"11":11.5},"questions_total":{"0":22,"1":22,"2":20,"3":16,"4":18,"5":11,"6":2,"7":15,"8":8,"9":4,"10":8,"11":7},"tech_rating":{"0":1665,"1":2057,"2":1355,"3":848,"4":380,"5":631,"6":19,"7":131,"8":33,"9":0,"10":504,"11":0}}