{"base_name":{"0":"\u0417\u0435\u043b\u0451\u043d\u044b\u0439 \u0442\u0440\u0430\u043c\u0432\u0430\u0439","1":"\u041e\u0430\u0437\u0438\u0441","2":"\u041a\u0430\u0440\u0442 \u0431\u043b\u0430\u043d\u0448","3":"Pokerface","4":"Savage","5":"Alterego","6":"\u041c\u0430\u044f\u043a - \u041b\u0438\u0446\u0435\u0439 \u0413\u043e\u0433\u043e\u043b\u044f","7":"\u041f\u043e\u0442\u0440\u0430\u0447\u0435\u043d\u043e"},"bonus_a":{"0":2145,"1":664,"2":1218,"3":1881,"4":2054,"5":1703,"6":331,"7":1522},"bonus_b":{"0":526,"1":122,"2":186,"3":344,"4":431,"5":299,"6":35,"7":231},"current_name":{"0":"\u0417\u0435\u043b\u0451\u043d\u044b\u0439 \u0442\u0440\u0430\u043c\u0432\u0430\u0439","1":"\u041e\u0430\u0437\u0438\u0441","2":"\u041a\u0430\u0440\u0442 \u0431\u043b\u0430\u043d\u0448","3":"Pokerface","4":"Savage","5":"Alterego","6":"\u041c\u0430\u044f\u043a - \u041b\u0438\u0446\u0435\u0439 \u0413\u043e\u0433\u043e\u043b\u044f","7":"\u041f\u043e\u0442\u0440\u0430\u0447\u0435\u043d\u043e"},"d_bonus_a":{"0":2145,"1":664,"2":1218,"3":1881,"4":2054,"5":1703,"6":331,"7":1522},"d_bonus_b":{"0":526,"1":122,"2":186,"3":344,"4":431,"5":299,"6":35,"7":231},"d_diff_bonus":{"0":96,"1":-55,"2":-57,"3":1,"4":-47,"5":113,"6":0,"7":109},"diff_bonus":{"0":96,"1":-55,"2":-57,"3":1,"4":-47,"5":113,"6":0,"7":109},"idteam":{"0":405,"1":2765,"2":6178,"3":42252,"4":42558,"5":44533,"6":46793,"7":46795},"included_in_rating":{"0":1,"1":1,"2":1,"3":1,"4":1,"5":1,"6":1,"7":1},"mask":{"0":1.100110001e+63,"1":1.0001001e+58,"2":1.000100101e+54,"3":1.11e+59,"4":1.010101e+63,"5":1.000011001e+63,"6":1.0001e+63,"7":1.101001001e+59},"position":{"0":1,"1":7,"2":6,"3":3,"4":2,"5":4,"6":8,"7":5},"predicted_position":{"0":2,"1":5,"2":4,"3":3,"4":1,"5":6,"6":8,"7":7},"questions_total":{"0":30,"1":20,"2":23,"3":27,"4":27,"5":23,"6":15,"7":22},"tech_rating":{"0":2506,"1":1333,"2":1774,"3":1882,"4":3002,"5":1207,"6":337,"7":1007}}