{"base_name":{"0":"\u042d\u043c\u0441\u0438-\u042d\u043c\u0441\u0438","1":"\u0421\u0442\u043e\u043b\u0438\u0447\u043d\u044b\u0435 \u043b\u043e\u0431\u0441\u0442\u0435\u0440\u044b","2":"\u0421\u0435\u0434\u044c\u043c\u043e\u0439 \u044d\u0442\u0430\u0436","3":"\u0414\u0435\u0442\u0438 \u043a\u0430\u043f\u0438\u0442\u0430\u043d\u0430 \u0412\u0440\u0443\u043d\u0433\u0435\u043b\u044f","4":"777","5":"Primus inter pares","6":"\u041c\u044b-6","7":"\u0401\u043b\u043a\u0438 \u043d\u0430 \u0433\u043e\u0440\u043a\u0435","8":"\u0411\u044b\u043b\u0430 \u043d\u0435 \u0431\u044b\u043b\u0430","9":"\u041a\u0438\u0440\u0430 \u041a\u043e\u0440\u043f\u0438","10":"\u041f\u0430\u0445\u043e\u043c \u041f\u0438\u0445\u0430\u0439"},"bonus_a":{"0":949,"1":1212,"2":32,"3":1706,"4":807,"5":1544,"6":1212,"7":162,"8":432,"9":432,"10":1993},"bonus_b":{"0":115,"1":165,"2":6,"3":269,"4":94,"5":233,"6":165,"7":13,"8":51,"9":51,"10":707},"current_name":{"0":"\u042d\u043c\u0441\u0438-\u042d\u043c\u0441\u0438","1":"\u0421\u0442\u043e\u043b\u0438\u0447\u043d\u044b\u0435 \u043b\u043e\u0431\u0441\u0442\u0435\u0440\u044b","2":"\u0421\u0435\u0434\u044c\u043c\u043e\u0439 \u044d\u0442\u0430\u0436","3":"\u0414\u0435\u0442\u0438 \u043a\u0430\u043f\u0438\u0442\u0430\u043d\u0430 \u0412\u0440\u0443\u043d\u0433\u0435\u043b\u044f","4":"777","5":"Primus inter pares","6":"\u041c\u044b-6","7":"\u0401\u043b\u043a\u0438 \u043d\u0430 \u0433\u043e\u0440\u043a\u0435","8":"\u0411\u044b\u043b\u0430 \u043d\u0435 \u0431\u044b\u043b\u0430","9":"\u041a\u0438\u0440\u0430 \u041a\u043e\u0440\u043f\u0438","10":"\u041f\u0430\u0445\u043e\u043c \u041f\u0438\u0445\u0430\u0439"},"d_bonus_a":{"0":949,"1":1212,"2":32,"3":1706,"4":807,"5":1544,"6":1212,"7":162,"8":432,"9":432,"10":1993},"d_bonus_b":{"0":115,"1":165,"2":6,"3":269,"4":94,"5":233,"6":165,"7":13,"8":51,"9":51,"10":707},"d_diff_bonus":{"0":-13,"1":71,"2":-4,"3":0,"4":-48,"5":118,"6":-34,"7":7,"8":16,"9":-8,"10":3},"diff_bonus":{"0":-13,"1":71,"2":-4,"3":0,"4":-48,"5":118,"6":-34,"7":7,"8":16,"9":-8,"10":3},"idteam":{"0":129,"1":130,"2":132,"3":133,"4":3521,"5":3522,"6":3950,"7":10401,"8":28216,"9":41538,"10":42483},"included_in_rating":{"0":1,"1":1,"2":1,"3":1,"4":1,"5":1,"6":1,"7":1,"8":1,"9":1,"10":1},"mask":{"0":1.01010111e+44,"1":1.0010011e+44,"2":1.010000101e+36,"3":1.1111e+44,"4":1.001e+44,"5":1.01011111e+42,"6":1.10000011e+44,"7":1.0001e+44,"8":1.0000111e+44,"9":1.00010001e+44,"10":1.110111111e+44},"position":{"0":6.0,"1":4.5,"2":11.0,"3":2.0,"4":7.0,"5":3.0,"6":4.5,"7":10.0,"8":8.5,"9":8.5,"10":1.0},"predicted_position":{"0":5,"1":7,"2":10,"3":2,"4":4,"5":6,"6":3,"7":11,"8":9,"9":8,"10":1},"questions_total":{"0":20,"1":21,"2":10,"3":28,"4":19,"5":23,"6":21,"7":11,"8":15,"9":15,"10":38},"tech_rating":{"0":801,"1":590,"2":97,"3":1476,"4":1145,"5":661,"6":1341,"7":54,"8":276,"9":468,"10":5534}}