{"base_name":{"0":"\u0422\u043e\u0436\u0435 \u0432\u0430\u0440\u0438\u0430\u043d\u0442","1":"\u0411\u044b\u0441\u0442\u0440\u044b\u0435 \u0431\u043e\u0431\u0440\u044b","2":"\u0421\u0442\u0440\u0435\u043b\u044b \u0410\u0444\u0438\u043d\u044b","3":"6+","4":"\u0421\u0435\u0440\u0433\u0435\u0438\u0447 33","5":"\u0412\u0441\u043f\u043e\u043c\u043d\u0438\u0442\u044c \u0432\u0441\u0451"},"bonus_a":{"0":686,"1":979,"2":178,"3":442,"4":0,"5":0},"bonus_b":{"0":62,"1":98,"2":20,"3":47,"4":1,"5":2},"current_name":{"0":"\u0422\u043e\u0436\u0435 \u0432\u0430\u0440\u0438\u0430\u043d\u0442","1":"\u0411\u044b\u0441\u0442\u0440\u044b\u0435 \u0431\u043e\u0431\u0440\u044b","2":"\u0421\u0442\u0440\u0435\u043b\u044b \u0410\u0444\u0438\u043d\u044b","3":"6+","4":"\u0421\u0435\u0440\u0433\u0435\u0438\u0447 33","5":"\u0412\u0441\u043f\u043e\u043c\u043d\u0438\u0442\u044c \u0432\u0441\u0451"},"d_bonus_a":{"0":686,"1":979,"2":178,"3":442,"4":0,"5":0},"d_bonus_b":{"0":62,"1":98,"2":20,"3":47,"4":1,"5":2},"d_diff_bonus":{"0":-18,"1":36,"2":-14,"3":27,"4":-1,"5":1},"diff_bonus":{"0":-18,"1":36,"2":-14,"3":27,"4":-1,"5":1},"idteam":{"0":46312,"1":46313,"2":46826,"3":46975,"4":49993,"5":50883},"included_in_rating":{"0":1,"1":1,"2":1,"3":1,"4":1,"5":1},"mask":{"0":1.00101111e+35,"1":1.10101001e+35,"2":1.00101e+35,"3":1.0110101e+30,"4":1.00000001e+35,"5":1.00000001e+35},"position":{"0":2,"1":1,"2":4,"3":3,"4":6,"5":5},"predicted_position":{"0":1,"1":2,"2":3,"3":4,"4":5,"5":6},"questions_total":{"0":12,"1":14,"2":10,"3":11,"4":5,"5":6},"tech_rating":{"0":653,"1":371,"2":364,"3":183,"4":13,"5":12}}