{"base_name":{"0":"\u0421\u0430\u0448\u0430 \u0438 \u043c\u0435\u0434\u0432\u0435\u0434\u0438","1":"\u0412\u0435\u0441\u0442\u0438\u043c\u043e","2":"42","3":"\u041a\u0412\u041d","4":"\u0414\u043e\u043c","5":"\u0412\u0435\u0440\u0435\u0442\u0435\u043d\u043e","6":"\u0410\u0431\u0437\u0430\u0446","7":"\u0412\u043f\u0435\u0440\u0451\u0434","8":"\u041e\u0440\u0435\u0445","9":"\u041e\u0434\u043d\u0430\u043a\u043e","10":"\u0421\u043e\u0432\u0445\u043e\u0437 \u041f\u043e\u0431\u0435\u0434\u0430","11":"\u0412\u0440\u0435\u043c\u044f \u0438 \u0441\u0442\u0435\u043a\u043b\u043e","12":"\u0427\u0417","13":"\u0421\u043e\u0441\u0435\u0434\u0438 \u0421\u043d\u0438\u0437\u0443"},"bonus_a":{"0":1860,"1":2089,"2":1860,"3":1639,"4":1267,"5":2139,"6":1639,"7":591,"8":106,"9":1455,"10":1639,"11":181,"12":968,"13":0},"bonus_b":{"0":369,"1":545,"2":369,"3":291,"4":176,"5":615,"6":291,"7":103,"8":15,"9":199,"10":291,"11":57,"12":151,"13":416},"current_name":{"0":"\u0421\u0430\u0448\u0430 \u0438 \u043c\u0435\u0434\u0432\u0435\u0434\u0438","1":"\u0412\u0435\u0441\u0442\u0438\u043c\u043e","2":"42","3":"\u041a\u0412\u041d","4":"\u0414\u043e\u043c","5":"\u0412\u0435\u0440\u0435\u0442\u0435\u043d\u043e","6":"\u0410\u0431\u0437\u0430\u0446","7":"\u0412\u043f\u0435\u0440\u0451\u0434","8":"\u041e\u0440\u0435\u0445","9":"\u041e\u0434\u043d\u0430\u043a\u043e","10":"\u0421\u043e\u0432\u0445\u043e\u0437 \u041f\u043e\u0431\u0435\u0434\u0430","11":"\u0412\u0440\u0435\u043c\u044f \u0438 \u0441\u0442\u0435\u043a\u043b\u043e","12":"\u0427\u0417","13":"\u0421\u043e\u0441\u0435\u0434\u0438 \u0421\u043d\u0438\u0437\u0443"},"d_bonus_a":{"0":1860,"1":2089,"2":1860,"3":1639,"4":1267,"5":2139,"6":1639,"7":591,"8":106,"9":1455,"10":1639,"11":181,"12":968,"13":1999},"d_bonus_b":{"0":369,"1":545,"2":369,"3":291,"4":176,"5":615,"6":291,"7":103,"8":15,"9":199,"10":291,"11":57,"12":151,"13":416},"d_diff_bonus":{"0":52,"1":1,"2":79,"3":92,"4":-120,"5":2,"6":-29,"7":-37,"8":0,"9":48,"10":43,"11":0,"12":48,"13":29},"diff_bonus":{"0":52,"1":1,"2":79,"3":92,"4":-120,"5":2,"6":-29,"7":-37,"8":0,"9":48,"10":43,"11":0,"12":48,"13":29},"idteam":{"0":271,"1":365,"2":645,"3":1031,"4":1099,"5":1966,"6":5242,"7":37690,"8":37821,"9":38639,"10":40400,"11":44805,"12":45633,"13":51102},"included_in_rating":{"0":1,"1":1,"2":1,"3":1,"4":1,"5":1,"6":1,"7":1,"8":1,"9":1,"10":1,"11":1,"12":1,"13":0},"mask":{"0":1.1010111e+74,"1":1.10111111e+74,"2":1.1011011e+74,"3":1.010011001e+73,"4":1.100011e+74,"5":1.1001011e+74,"6":1.101011e+74,"7":1.000011e+74,"8":1.100001e+74,"9":1.10000111e+74,"10":1.100001e+74,"11":1.100001e+69,"12":1.101001e+74,"13":1.1010111e+74},"position":{"0":4.5,"1":2.0,"2":4.5,"3":7.0,"4":10.0,"5":1.0,"6":7.0,"7":12.0,"8":14.0,"9":9.0,"10":7.0,"11":13.0,"12":11.0,"13":3.0},"predicted_position":{"0":6,"1":2,"2":7,"3":9,"4":3,"5":1,"6":5,"7":10,"8":14,"9":11,"10":8,"11":13,"12":12,"13":4},"questions_total":{"0":35,"1":39,"2":35,"3":32,"4":29,"5":40,"6":32,"7":22,"8":12,"9":31,"10":32,"11":15,"12":25,"13":37},"tech_rating":{"0":1678,"1":3270,"2":1617,"3":1077,"4":2153,"5":3328,"6":1847,"7":977,"8":141,"9":966,"10":1443,"11":479,"12":730,"13":2074}}