{"base_name":{"0":"\u041e\u041c","1":"\u041f\u043b\u043e\u0445\u0438\u0435 \u043f\u0430\u0440\u043d\u0438","2":"Inside","3":"\u0427\u0435\u0448\u0438\u0440\u0441\u043a\u0438\u0439 \u0441\u043b\u043e\u043d","4":"\u0421\u0431\u043e\u0440\u043d\u0430\u044f \u041a\u0430\u0437\u0430\u043d\u0438","5":"\u0417\u044e\u0439\u0434-\u0432\u0435\u0441\u0442","6":"451F","7":"\u041b\u0438\u043d\u0433\u0432\u0430","8":"\u0410\u043b\u044c\u0431\u0443\u0441 \u0412\u043b\u0430\u0434\u0438\u043a\u0430\u0432\u043a\u0430\u0437","9":"\u042d\u0441\u043a\u0432\u0430\u0439\u0440\u044b","10":"BlackOut","11":"\u0410\u0433\u043d\u0435\u0448\u043a\u0430, \u041a\u0448\u0438\u0448\u0442\u043e\u0444 \u0438 \u0424\u0440\u0430\u043d\u0442\u0438\u0448\u0435\u043a"},"bonus_a":{"0":0,"1":1707,"2":0,"3":0,"4":0,"5":1707,"6":1504,"7":0,"8":0,"9":585,"10":1303,"11":0},"bonus_b":{"0":949,"1":388,"2":482,"3":716,"4":541,"5":388,"6":253,"7":66,"8":66,"9":66,"10":160,"11":808},"current_name":{"0":"\u041e\u041c","1":"\u041f\u043b\u043e\u0445\u0438\u0435 \u043f\u0430\u0440\u043d\u0438","2":"Inside","3":"\u0427\u0435\u0448\u0438\u0440\u0441\u043a\u0438\u0439 \u0441\u043b\u043e\u043d","4":"\u0421\u0431\u043e\u0440\u043d\u0430\u044f \u041a\u0430\u0437\u0430\u043d\u0438","5":"\u0417\u044e\u0439\u0434-\u0432\u0435\u0441\u0442","6":"451F","7":"\u041b\u0438\u043d\u0433\u0432\u0430","8":"\u0410\u043b\u044c\u0431\u0443\u0441 \u0412\u043b\u0430\u0434\u0438\u043a\u0430\u0432\u043a\u0430\u0437","9":"\u042d\u0441\u043a\u0432\u0430\u0439\u0440\u044b","10":"BlackOut","11":"\u0410\u0433\u043d\u0435\u0448\u043a\u0430, \u041a\u0448\u0438\u0448\u0442\u043e\u0444 \u0438 \u0424\u0440\u0430\u043d\u0442\u0438\u0448\u0435\u043a"},"d_bonus_a":{"0":2256,"1":1707,"2":1911,"3":2161,"4":2074,"5":1707,"6":1504,"7":585,"8":585,"9":585,"10":1303,"11":2221},"d_bonus_b":{"0":949,"1":388,"2":482,"3":716,"4":541,"5":388,"6":253,"7":66,"8":66,"9":66,"10":160,"11":808},"d_diff_bonus":{"0":98,"1":32,"2":1,"3":3,"4":1,"5":-14,"6":129,"7":-94,"8":51,"9":-47,"10":94,"11":-67},"diff_bonus":{"0":98,"1":32,"2":1,"3":3,"4":1,"5":-14,"6":129,"7":-94,"8":51,"9":-47,"10":94,"11":-67},"idteam":{"0":928,"1":3987,"2":4718,"3":7646,"4":32081,"5":38183,"6":44699,"7":46576,"8":46618,"9":48041,"10":48119,"11":50941},"included_in_rating":{"0":1,"1":1,"2":1,"3":0,"4":0,"5":1,"6":1,"7":1,"8":0,"9":1,"10":1,"11":0},"mask":{"0":1.110001111e+59,"1":1.100111111e+59,"2":1.110001101e+59,"3":1.010101111e+59,"4":1.110101101e+59,"5":1.000001001e+59,"6":1.100010111e+58,"7":1.0100011e+59,"8":1.000001e+59,"9":1.0000011e+59,"10":1.0001011e+59,"11":1.110101111e+59},"position":{"0":1.0,"1":6.5,"2":5.0,"3":3.0,"4":4.0,"5":6.5,"6":8.0,"7":11.0,"8":11.0,"9":11.0,"10":9.0,"11":2.0},"predicted_position":{"0":2,"1":7,"2":5,"3":3,"4":4,"5":6,"6":10,"7":8,"8":12,"9":9,"10":11,"11":1},"questions_total":{"0":37,"1":21,"2":26,"3":31,"4":29,"5":21,"6":18,"7":11,"8":11,"9":11,"10":16,"11":35},"tech_rating":{"0":4359,"1":2232,"2":2643,"3":4319,"4":2909,"5":2327,"6":888,"7":1673,"8":150,"9":946,"10":562,"11":5283}}