{"base_name":{"0":"\u0414\u043a\u0421","1":"\u041c\u043e\u043a\u0440\u043e\u0435 \u0434\u0435\u043b\u043e","2":"\u0412 \u0431\u0435\u043b\u044b\u0445 \u0442\u0430\u043f\u043e\u0447\u043a\u0430\u0445","3":"6 LITroff","4":"Windows 95","5":"\u041a\u0430\u0442\u0430\u0440\u0441\u0438\u0441","6":"Poker","7":"\u0414\u043e\u043c\u0438\u043d\u043e","8":"\u0412\u043c\u0435\u0441\u0442\u0435"},"bonus_a":{"0":168,"1":168,"2":897,"3":311,"4":32,"5":113,"6":1330,"7":67,"8":13},"bonus_b":{"0":31,"1":31,"2":143,"3":53,"4":7,"5":18,"6":193,"7":12,"8":2},"current_name":{"0":"\u0414\u043a\u0421","1":"\u041c\u043e\u043a\u0440\u043e\u0435 \u0434\u0435\u043b\u043e","2":"\u0412 \u0431\u0435\u043b\u044b\u0445 \u0442\u0430\u043f\u043e\u0447\u043a\u0430\u0445","3":"6 LITroff","4":"Windows 95","5":"\u041a\u0430\u0442\u0430\u0440\u0441\u0438\u0441","6":"Poker","7":"\u0414\u043e\u043c\u0438\u043d\u043e","8":"\u0412\u043c\u0435\u0441\u0442\u0435"},"d_bonus_a":{"0":168,"1":168,"2":897,"3":311,"4":32,"5":113,"6":1330,"7":67,"8":13},"d_bonus_b":{"0":31,"1":31,"2":143,"3":53,"4":7,"5":18,"6":193,"7":12,"8":2},"d_diff_bonus":{"0":-11,"1":29,"2":125,"3":-70,"4":-11,"5":-8,"6":50,"7":5,"8":-5},"diff_bonus":{"0":-11,"1":29,"2":125,"3":-70,"4":-11,"5":-8,"6":50,"7":5,"8":-5},"idteam":{"0":310,"1":372,"2":3295,"3":8148,"4":41816,"5":44726,"6":45455,"7":47399,"8":48950},"included_in_rating":{"0":1,"1":1,"2":1,"3":1,"4":1,"5":1,"6":1,"7":1,"8":1},"mask":{"0":1.100001101e+44,"1":1.000000101e+44,"2":1.010111011e+46,"3":1.011000011e+46,"4":1.000011e+43,"5":1.0001001e+44,"6":1.100101001e+44,"7":1.000101e+37,"8":1.00000001e+43},"position":{"0":4.5,"1":4.5,"2":2.0,"3":3.0,"4":8.0,"5":6.0,"6":1.0,"7":7.0,"8":9.0},"predicted_position":{"0":3,"1":9,"2":6,"3":1,"4":5,"5":4,"6":2,"7":8,"8":7},"questions_total":{"0":15,"1":15,"2":26,"3":23,"4":9,"5":13,"6":30,"7":10,"8":7},"tech_rating":{"0":352,"1":24,"2":115,"3":1175,"4":181,"5":183,"6":1136,"7":59,"8":82}}