{"base_name":{"0":"\u041e\u0430\u0437\u0438\u0441","1":"\u041a\u0430\u0440\u0442 \u0431\u043b\u0430\u043d\u0448","2":"\u0427\u0442\u043e \u043f\u0438\u0441\u0430\u0442\u044c?","3":"\u041c\u0430\u044f\u043a","4":"Savage","5":"\u0412\u0442\u043e\u0440\u0430\u044f \u0437\u0432\u0435\u0437\u0434\u0430","6":"\u0411\u0430\u0433\u0438 \u041c\u0451\u0431\u0438\u0443\u0441\u0430","7":"\u041c\u0430\u044f\u043a - \u041b\u0438\u0446\u0435\u0439 \u0413\u043e\u0433\u043e\u043b\u044f","8":"Vault101","9":"\u041c\u04212"},"bonus_a":{"0":1631,"1":2025,"2":123,"3":398,"4":0,"5":682,"6":39,"7":1868,"8":980,"9":0},"bonus_b":{"0":271,"1":469,"2":19,"3":61,"4":174,"5":89,"6":10,"7":338,"8":132,"9":6},"current_name":{"0":"\u041e\u0430\u0437\u0438\u0441","1":"\u041a\u0430\u0440\u0442 \u0431\u043b\u0430\u043d\u0448","2":"\u0427\u0442\u043e \u043f\u0438\u0441\u0430\u0442\u044c?","3":"\u041c\u0430\u044f\u043a","4":"Savage","5":"\u0412\u0442\u043e\u0440\u0430\u044f \u0437\u0432\u0435\u0437\u0434\u0430","6":"\u0411\u0430\u0433\u0438 \u041c\u0451\u0431\u0438\u0443\u0441\u0430","7":"\u041c\u0430\u044f\u043a - \u041b\u0438\u0446\u0435\u0439 \u0413\u043e\u0433\u043e\u043b\u044f","8":"Vault101","9":"\u041c\u04212"},"d_bonus_a":{"0":1631,"1":2025,"2":123,"3":398,"4":1218,"5":682,"6":39,"7":1868,"8":980,"9":8},"d_bonus_b":{"0":271,"1":469,"2":19,"3":61,"4":174,"5":89,"6":10,"7":338,"8":132,"9":6},"d_diff_bonus":{"0":0,"1":132,"2":0,"3":-14,"4":-148,"5":28,"6":0,"7":207,"8":-21,"9":0},"diff_bonus":{"0":0,"1":132,"2":0,"3":-14,"4":-148,"5":28,"6":0,"7":207,"8":-21,"9":0},"idteam":{"0":2765,"1":6178,"2":42248,"3":42258,"4":42558,"5":44108,"6":44527,"7":46793,"8":48122,"9":49907},"included_in_rating":{"0":1,"1":1,"2":1,"3":1,"4":0,"5":1,"6":1,"7":1,"8":1,"9":0},"mask":{"0":1.10001001e+34,"1":1.11101e+34,"2":1.100001e+30,"3":1.000011e+29,"4":1.11011001e+34,"5":1.010011e+34,"6":1e+29,"7":1.10101101e+34,"8":1.10000001e+29,"9":1.00001e+34},"position":{"0":3,"1":1,"2":8,"3":7,"4":4,"5":6,"6":9,"7":2,"8":5,"9":10},"predicted_position":{"0":3,"1":2,"2":8,"3":6,"4":1,"5":7,"6":9,"7":5,"8":4,"9":10},"questions_total":{"0":14,"1":16,"2":6,"3":7,"4":14,"5":7,"6":5,"7":15,"8":8,"9":5},"tech_rating":{"0":1778,"1":1961,"2":135,"3":560,"4":2903,"5":503,"6":63,"7":846,"8":1044,"9":61}}