{"base_name":{"0":"\u041f\u0440\u043e\u0435\u043a\u0442 \u0412\u0438\u043a\u0442\u043e\u0440\u0438\u044f","1":"\u0422\u0430\u0439\u043d\u0430 \u043f\u0435\u0440\u0435\u0432\u0430\u043b\u0430 \u043a\u043e\u0442\u0438\u043a\u0430 \u0441 \u0431\u043e\u043a\u0443 \u043d\u0430 \u0431\u043e\u043a","2":"\u0420\u043e\u0437\u0430 \u0432\u0435\u0442\u0440\u043e\u0432","3":"\u041a\u0432\u0430\u0434\u0440\u0438\u0446\u0435\u043f\u0441","4":"\u041d\u0435\u0442 \u0442\u044b","5":"\u0428\u0430\u043b\u0444\u0435\u0439 \u0424\u0438\u043b\u0438\u043f\u0430 \u0414\u0438\u043a\u0430"},"bonus_a":{"0":359,"1":1130,"2":7,"3":161,"4":0,"5":0},"bonus_b":{"0":66,"1":264,"2":1,"3":34,"4":471,"5":127},"current_name":{"0":"\u041f\u0440\u043e\u0435\u043a\u0442 \u0412\u0438\u043a\u0442\u043e\u0440\u0438\u044f","1":"\u0422\u0430\u0439\u043d\u0430 \u043f\u0435\u0440\u0435\u0432\u0430\u043b\u0430 \u043a\u043e\u0442\u0438\u043a\u0430 \u0441 \u0431\u043e\u043a\u0443 \u043d\u0430 \u0431\u043e\u043a","2":"\u0420\u043e\u0437\u0430 \u0432\u0435\u0442\u0440\u043e\u0432","3":"\u041a\u0432\u0430\u0434\u0440\u0438\u0446\u0435\u043f\u0441","4":"\u041d\u0435\u0442 \u0442\u044b","5":"\u0428\u0430\u043b\u0444\u0435\u0439 \u0424\u0438\u043b\u0438\u043f\u0430 \u0414\u0438\u043a\u0430"},"d_bonus_a":{"0":359,"1":1130,"2":7,"3":161,"4":1590,"5":865},"d_bonus_b":{"0":66,"1":264,"2":1,"3":34,"4":471,"5":127},"d_diff_bonus":{"0":32,"1":137,"2":0,"3":-16,"4":1,"5":-69},"diff_bonus":{"0":32,"1":137,"2":0,"3":-16,"4":1,"5":-69},"idteam":{"0":44596,"1":45807,"2":48985,"3":50887,"4":51201,"5":51202},"included_in_rating":{"0":1,"1":1,"2":0,"3":0,"4":0,"5":0},"mask":{"0":1.001100001e+35,"1":1.001100111e+35,"2":1.001100011e+35,"3":1.001101001e+35,"4":1.00110111e+35,"5":1.001101111e+35},"position":{"0":4,"1":2,"2":6,"3":5,"4":1,"5":3},"predicted_position":{"0":5,"1":3,"2":6,"3":4,"4":1,"5":2},"questions_total":{"0":13,"1":20,"2":10,"3":12,"4":22,"5":18},"tech_rating":{"0":324,"1":907,"2":7,"3":477,"4":3290,"5":1944}}