{"base_name":{"0":"\u041f\u044f\u0442\u0430\u044f \u043f\u0430\u0440\u0430 \u0432 \u0441\u0443\u0431\u0431\u043e\u0442\u0443","1":"\u041f\u043e\u0447\u0442\u0430\u043b\u044c\u043e\u043d\u0430 \u0434\u0440\u0430\u043d\u0434\u0443\u043b\u0435\u0442","2":"\u042f\u0440\u043e\u0441\u0442\u044c \u0442\u043e\u043f\u043e\u0440\u0430","3":"\u041a\u043e\u043c\u0430\u043d\u0434\u0430 \u041b\u0435\u043a\u0441\u0438\u043d\u0430"},"bonus_a":{"0":45,"1":217,"2":0,"3":0},"bonus_b":{"0":10,"1":26,"2":416,"3":3},"current_name":{"0":"\u041f\u044f\u0442\u0430\u044f \u043f\u0430\u0440\u0430 \u0432 \u0441\u0443\u0431\u0431\u043e\u0442\u0443","1":"\u041f\u043e\u0447\u0442\u0430\u043b\u044c\u043e\u043d\u0430 \u0434\u0440\u0430\u043d\u0434\u0443\u043b\u0435\u0442","2":"\u042f\u0440\u043e\u0441\u0442\u044c \u0442\u043e\u043f\u043e\u0440\u0430","3":"\u041a\u043e\u043c\u0430\u043d\u0434\u0430 \u041b\u0435\u043a\u0441\u0438\u043d\u0430"},"d_bonus_a":{"0":45,"1":217,"2":822,"3":0},"d_bonus_b":{"0":10,"1":26,"2":416,"3":3},"d_diff_bonus":{"0":0,"1":0,"2":1,"3":0},"diff_bonus":{"0":0,"1":0,"2":1,"3":0},"idteam":{"0":50701,"1":50707,"2":50825,"3":50826},"included_in_rating":{"0":1,"1":0,"2":0,"3":1},"mask":{"0":1.1001e+35,"1":1.001100001e+34,"2":1.111111111e+35,"3":1.001101001e+34},"position":{"0":3,"1":2,"2":1,"3":4},"predicted_position":{"0":3,"1":2,"2":1,"3":4},"questions_total":{"0":15,"1":18,"2":31,"3":12},"tech_rating":{"0":83,"1":205,"2":3899,"3":31}}