{"base_name":{"0":"\u0414\u0435\u0442\u0438 \u042d\u0439\u043b\u0435\u0440\u0430","1":"\u0414\u0435\u0440\u0437\u043d\u043e\u0432\u0435\u043d\u044c\u0435","2":"\u0412\u043d\u0435 \u043f\u043e\u0434\u043e\u0437\u0440\u0435\u043d\u0438\u0439","3":"\u0422\u0430\u0439\u043d\u0430 \u043f\u0435\u0440\u0435\u0432\u0430\u043b\u0430 \u043a\u043e\u0442\u0438\u043a\u0430 \u0441 \u0431\u043e\u043a\u0443 \u043d\u0430 \u0431\u043e\u043a","4":"\u041a\u043e\u0442 \u042d\u043f\u0438\u0434\u043e\u0442","5":"\u041a\u043e\u0440\u0430\u0431\u043b\u044c \u0422\u0435\u0441\u0435\u044f","6":"\u0420\u043e\u0437\u0430 \u0432\u0435\u0442\u0440\u043e\u0432"},"bonus_a":{"0":1866,"1":605,"2":605,"3":5,"4":102,"5":0,"6":0},"bonus_b":{"0":497,"1":102,"2":102,"3":2,"4":54,"5":327,"6":207},"current_name":{"0":"\u0414\u0435\u0442\u0438 \u042d\u0439\u043b\u0435\u0440\u0430","1":"\u0414\u0435\u0440\u0437\u043d\u043e\u0432\u0435\u043d\u044c\u0435","2":"\u0412\u043d\u0435 \u043f\u043e\u0434\u043e\u0437\u0440\u0435\u043d\u0438\u0439","3":"\u0422\u0430\u0439\u043d\u0430 \u043f\u0435\u0440\u0435\u0432\u0430\u043b\u0430 \u043a\u043e\u0442\u0438\u043a\u0430 \u0441 \u0431\u043e\u043a\u0443 \u043d\u0430 \u0431\u043e\u043a","4":"\u041a\u043e\u0442 \u042d\u043f\u0438\u0434\u043e\u0442","5":"\u041a\u043e\u0440\u0430\u0431\u043b\u044c \u0422\u0435\u0441\u0435\u044f","6":"\u0420\u043e\u0437\u0430 \u0432\u0435\u0442\u0440\u043e\u0432"},"d_bonus_a":{"0":1866,"1":605,"2":605,"3":5,"4":102,"5":1467,"6":1089},"d_bonus_b":{"0":497,"1":102,"2":102,"3":2,"4":54,"5":327,"6":207},"d_diff_bonus":{"0":1,"1":-53,"2":48,"3":-60,"4":-15,"5":1,"6":137},"diff_bonus":{"0":1,"1":-53,"2":48,"3":-60,"4":-15,"5":1,"6":137},"idteam":{"0":8723,"1":8824,"2":42773,"3":45807,"4":48364,"5":48417,"6":48985},"included_in_rating":{"0":1,"1":1,"2":1,"3":1,"4":0,"5":0,"6":1},"mask":{"0":1.001111111e+35,"1":1.001101e+35,"2":1.001101e+35,"3":1.0001111e+35,"4":1.1011111e+32,"5":1.011101101e+35,"6":1.001100011e+35},"position":{"0":1.0,"1":4.5,"2":4.5,"3":7.0,"4":6.0,"5":2.0,"6":3.0},"predicted_position":{"0":1,"1":3,"2":6,"3":4,"4":5,"5":2,"6":7},"questions_total":{"0":27,"1":18,"2":18,"3":15,"4":16,"5":22,"6":20},"tech_rating":{"0":3225,"1":1419,"2":512,"3":762,"4":544,"5":2152,"6":18}}