{"base_name":{"0":"\u0422\u0440\u0443\u0442\u043d\u0438","1":"\u0410\u0432\u043e\u0441\u044c","2":"\u0424\u043e\u0440\u0441-\u043c\u0430\u0436\u043e\u0440","3":"Teen Spirit","4":"\u0421\u043e\u043b\u043e","5":"\u042d\u0434\u0435\u043b\u044c\u0432\u0435\u0439\u0441","6":"\u041c\u044b\u0448\u0435\u0440\u043e\u043a\u0435\u0440\u044b \u0441 \u041c\u0430\u0440\u0441\u0430","7":"\u041e\u0434\u0438\u0441\u0441\u0435\u044f","8":"\u0421\u0438\u0433\u043c\u0430 \u041e\u043c\u0435\u0433\u0430 \u0414\u0435\u043b\u044c\u0442\u0430","9":"\u0401\u0436\u0438\u043a \u0432 \u0442\u0443\u043c\u0430\u043d\u043d\u043e\u0441\u0442\u0438","10":"\u0410\u043f\u043e\u0441\u0442\u0435\u0440\u0438\u043e\u0440\u0438","11":"\u041b\u0443\u043d\u0430-\u041f\u0430\u0440\u043a"},"bonus_a":{"0":337,"1":1778,"2":0,"3":777,"4":777,"5":2218,"6":199,"7":0,"8":2093,"9":0,"10":0,"11":0},"bonus_b":{"0":66,"1":315,"2":414,"3":125,"4":125,"5":726,"6":40,"7":263,"8":527,"9":18,"10":726,"11":726},"current_name":{"0":"\u0422\u0440\u0443\u0442\u043d\u0438","1":"\u0410\u0432\u043e\u0441\u044c","2":"\u0424\u043e\u0440\u0441-\u043c\u0430\u0436\u043e\u0440","3":"Teen Spirit","4":"\u0421\u043e\u043b\u043e","5":"\u0427\u0443\u0434\u043e  \u0431\u043e\u0440\u0449\u0438","6":"\u041c\u044b\u0448\u0435\u0440\u043e\u043a\u0435\u0440\u044b \u0441 \u041c\u0430\u0440\u0441\u0430","7":"\u041e\u0434\u0438\u0441\u0441\u0435\u044f","8":"\u0421\u0438\u0433\u043c\u0430 \u041e\u043c\u0435\u0433\u0430 \u0414\u0435\u043b\u044c\u0442\u0430","9":"\u0425\u043c\u0443\u0440\u044b\u0435 \u043b\u0435\u043c\u0443\u0440\u044b","10":"\u0410\u043f\u043e\u0441\u0442\u0435\u0440\u0438\u043e\u0440\u0438","11":"\u0421\u0442\u0435\u043a\u043b\u043e \u043f\u043e \u0448\u0430\u0440\u0430\u043c"},"d_bonus_a":{"0":337,"1":1778,"2":1980,"3":777,"4":777,"5":2218,"6":199,"7":1525,"8":2093,"9":0,"10":2218,"11":2218},"d_bonus_b":{"0":66,"1":315,"2":414,"3":125,"4":125,"5":726,"6":40,"7":263,"8":527,"9":18,"10":726,"11":726},"d_diff_bonus":{"0":26,"1":1,"2":-86,"3":-21,"4":42,"5":3,"6":22,"7":0,"8":114,"9":-24,"10":135,"11":-70},"diff_bonus":{"0":26,"1":1,"2":-86,"3":-21,"4":42,"5":3,"6":22,"7":0,"8":114,"9":-24,"10":135,"11":-70},"idteam":{"0":134,"1":317,"2":1738,"3":2374,"4":4225,"5":4405,"6":5534,"7":6647,"8":8355,"9":38669,"10":42494,"11":43790},"included_in_rating":{"0":1,"1":1,"2":1,"3":0,"4":1,"5":1,"6":1,"7":0,"8":1,"9":0,"10":1,"11":0},"mask":{"0":1.001000101e+58,"1":1.0101e+59,"2":1.10001111e+58,"3":1.110000001e+57,"4":1.0001e+59,"5":1.111001111e+58,"6":1.000100001e+55,"7":1.0101e+59,"8":1.111111011e+59,"9":1.001e+58,"10":1.10011001e+59,"11":1.11010011e+59},"position":{"0":10.0,"1":6.0,"2":5.0,"3":8.5,"4":8.5,"5":2.0,"6":11.0,"7":7.0,"8":4.0,"9":12.0,"10":2.0,"11":2.0},"predicted_position":{"0":11,"1":6,"2":3,"3":8,"4":9,"5":2,"6":12,"7":7,"8":5,"9":10,"10":4,"11":1},"questions_total":{"0":17,"1":30,"2":34,"3":27,"4":27,"5":42,"6":10,"7":28,"8":37,"9":6,"10":42,"11":42},"tech_rating":{"0":292,"1":1750,"2":3093,"3":1207,"4":475,"5":4144,"6":176,"7":1719,"8":2454,"9":439,"10":3063,"11":4859}}