{"base_name":{"0":"\u041a\u0440\u0435\u0439\u0437\u0435\u0440 \u0410\u0432\u0440\u043e\u0440\u0430","1":"\u041f\u0440\u043e\u0442\u0438\u0432 \u0432\u0435\u0442\u0440\u0430","2":"\u0421\u0442\u0440\u0430\u0445 \u0438 \u0443\u0436\u0430\u0441","3":"\u041b\u043e\u0436\u043d\u044b\u0439 \u0448\u0430\u0433","4":"\u041d\u0430\u043e\u0431\u0443\u043c","5":"\u0412\u0438\u043d\u0435\u0433\u0440\u0435\u0442","6":"\u041a\u041d\u042e","7":"\u041c\u043e\u0440\u0435 \u043f\u043e \u043a\u043e\u043b\u0435\u043d\u043e","8":"\u0411\u0421","9":"\u0420\u0430\u0431\u043e\u0447\u0438\u0435 \u0413\u0438\u043f\u043e\u0444\u0438\u0437\u0430"},"bonus_a":{"0":0,"1":1730,"2":1566,"3":0,"4":858,"5":0,"6":0,"7":0,"8":0,"9":0},"bonus_b":{"0":361,"1":773,"2":466,"3":73,"4":309,"5":225,"6":122,"7":122,"8":225,"9":422},"current_name":{"0":"\u0413\u0443\u0441\u0442\u0430\u0432 \u041d\u043e\u0447\u043d\u0430\u044f \u0412\u0430\u0437\u0430","1":"\u041f\u0440\u043e\u0442\u0438\u0432 \u0432\u0435\u0442\u0440\u0430","2":"\u0421\u0442\u0440\u0430\u0445 \u0438 \u0443\u0436\u0430\u0441","3":"\u041b\u043e\u0436\u043d\u044b\u0439 \u0448\u0430\u0433","4":"\u041d\u0430\u043e\u0431\u0443\u043c","5":"\u0412\u0438\u043d\u0435\u0433\u0440\u0435\u0442","6":"\u0410\u0412\u0410\u0421","7":"\u041e\u0442\u043f\u0430\u0434","8":"9 \u0443\u0442\u0440\u0430","9":"\u0420\u0430\u0431\u043e\u0447\u0438\u0435 \u0413\u0438\u043f\u043e\u0444\u0438\u0437\u0430"},"d_bonus_a":{"0":1126,"1":1730,"2":1566,"3":0,"4":858,"5":331,"6":0,"7":0,"8":331,"9":1310},"d_bonus_b":{"0":361,"1":773,"2":466,"3":73,"4":309,"5":225,"6":122,"7":122,"8":225,"9":422},"d_diff_bonus":{"0":1,"1":3,"2":1,"3":0,"4":46,"5":-42,"6":10,"7":-32,"8":93,"9":1},"diff_bonus":{"0":1,"1":3,"2":1,"3":0,"4":46,"5":-42,"6":10,"7":-32,"8":93,"9":1},"idteam":{"0":201,"1":330,"2":5067,"3":29780,"4":37736,"5":46233,"6":49664,"7":49667,"8":51208,"9":51279},"included_in_rating":{"0":0,"1":1,"2":1,"3":0,"4":1,"5":0,"6":0,"7":0,"8":0,"9":1},"mask":{"0":1.1110001e+58,"1":1.10110101e+59,"2":1.1001e+59,"3":1e+58,"4":1.1001e+59,"5":1.100101001e+59,"6":1.0001e+59,"7":1.10011001e+59,"8":1.001001001e+59,"9":1.000101001e+59},"position":{"0":4.0,"1":1.0,"2":2.0,"3":10.0,"4":5.0,"5":6.5,"6":8.5,"7":8.5,"8":6.5,"9":3.0},"predicted_position":{"0":4,"1":1,"2":2,"3":10,"4":6,"5":5,"6":9,"7":7,"8":8,"9":3},"questions_total":{"0":20,"1":34,"2":25,"3":8,"4":18,"5":17,"6":12,"7":12,"8":17,"9":22},"tech_rating":{"0":1726,"1":4518,"2":2131,"3":609,"4":1432,"5":1484,"6":632,"7":1009,"8":634,"9":2023}}