{"base_name":{"0":"\u0422-400","1":"\u041d\u0430\u043f\u0440\u044f\u0436\u0435\u043d\u044b \u0443 \u0432\u0441\u0435\u0445 \u043d\u0430 \u0433\u043b\u0430\u0437\u0430\u0445","2":"\u041c\u0430\u0445\u043d\u0451\u043c\u0441\u044f \u043a\u0440\u0438\u0441\u0442\u0430\u043b\u043b\u0430\u043c\u0438","3":"\u0414\u0435\u0442\u0438 \u042d\u0439\u043b\u0435\u0440\u0430","4":"\u0411\u043e\u0434\u0440\u044f\u0447\u043a\u043e\u043c","5":"\u0425\u0430\u0439\u0432\u043c\u0430\u0439\u043d\u0434","6":"\u0420\u0430\u0437\u0431\u043e\u0439\u043d\u044b\u0439 \u044d\u0441\u043a\u0430\u0434\u0440\u043e\u043d","7":"\u0414\u0435\u0441\u0430\u043d\u0442 \u0437\u0434\u043e\u0440\u043e\u0432\u044c\u044f"},"bonus_a":{"0":2215,"1":2252,"2":1210,"3":2002,"4":0,"5":2143,"6":267,"7":0},"bonus_b":{"0":910,"1":1010,"2":329,"3":635,"4":92,"5":810,"6":190,"7":460},"current_name":{"0":"\u0422-400","1":"\u041d\u0430\u043f\u0440\u044f\u0436\u0435\u043d\u044b \u0443 \u0432\u0441\u0435\u0445 \u043d\u0430 \u0433\u043b\u0430\u0437\u0430\u0445","2":"\u041c\u0430\u0445\u043d\u0451\u043c\u0441\u044f \u043a\u0440\u0438\u0441\u0442\u0430\u043b\u043b\u0430\u043c\u0438","3":"\u0414\u0435\u0442\u0438 \u042d\u0439\u043b\u0435\u0440\u0430","4":"\u0411\u043e\u0434\u0440\u044f\u0447\u043a\u043e\u043c","5":"\u0425\u0430\u0439\u0432\u043c\u0430\u0439\u043d\u0434","6":"\u0420\u0430\u0437\u0431\u043e\u0439\u043d\u044b\u0439 \u044d\u0441\u043a\u0430\u0434\u0440\u043e\u043d","7":"\u0414\u0435\u0441\u0430\u043d\u0442 \u0437\u0434\u043e\u0440\u043e\u0432\u044c\u044f"},"d_bonus_a":{"0":2215,"1":2252,"2":1210,"3":2002,"4":0,"5":2143,"6":267,"7":1720},"d_bonus_b":{"0":910,"1":1010,"2":329,"3":635,"4":92,"5":810,"6":190,"7":460},"d_diff_bonus":{"0":5,"1":7,"2":1,"3":2,"4":-184,"5":4,"6":98,"7":271},"diff_bonus":{"0":5,"1":7,"2":1,"3":2,"4":-184,"5":4,"6":98,"7":271},"idteam":{"0":1986,"1":2051,"2":8034,"3":8723,"4":28103,"5":38722,"6":43535,"7":51473},"included_in_rating":{"0":1,"1":1,"2":1,"3":1,"4":1,"5":1,"6":1,"7":0},"mask":{"0":1.00011101e+89,"1":1.110111e+89,"2":1.011e+88,"3":1.00100011e+89,"4":1.0001e+89,"5":1.1000101e+89,"6":1.00000001e+89,"7":1.1100001e+89},"position":{"0":2,"1":1,"2":6,"3":4,"4":8,"5":3,"6":7,"7":5},"predicted_position":{"0":2,"1":1,"2":6,"3":4,"4":5,"5":3,"6":8,"7":7},"questions_total":{"0":42,"1":43,"2":24,"3":35,"4":19,"5":37,"6":20,"7":27},"tech_rating":{"0":4141,"1":4552,"2":1915,"3":3322,"4":2427,"5":4041,"6":751,"7":1186}}