{"base_name":{"0":"\u0411\u044b\u0441\u0442\u0440\u044b\u0439 \u043d\u0435\u0439\u0442\u0440\u043e\u043d","1":"\u0422\u043e\u0436\u0435 \u0432\u0430\u0440\u0438\u0430\u043d\u0442","2":"\u0411\u044b\u0441\u0442\u0440\u044b\u0435 \u0431\u043e\u0431\u0440\u044b","3":"\u0421\u0442\u0440\u0435\u043b\u044b \u0410\u0444\u0438\u043d\u044b","4":"6+","5":"\u041d\u0430\u0432\u0438\u0433\u0430\u0442\u043e\u0440","6":"\u0413\u0440\u0438\u0431\u043e\u0435\u0434\u043e\u0432","7":"\u041c\u044b","8":"\u0421\u0435\u0440\u0433\u0435\u0438\u0447 33","9":"\u0412\u0441\u043f\u043e\u043c\u043d\u0438\u0442\u044c \u0432\u0441\u0451","10":"\u0422\u0435\u043e\u0440\u0438\u044f \u0431\u043e\u043b\u044c\u0448\u043e\u0433\u043e \u0441\u043b\u0438\u0432\u0430","11":"\u0417\u041a\u0418","12":"43"},"bonus_a":{"0":1357,"1":739,"2":1174,"3":978,"4":361,"5":257,"6":110,"7":0,"8":0,"9":7,"10":0,"11":4,"12":584},"bonus_b":{"0":166,"1":78,"2":146,"3":109,"4":44,"5":31,"6":11,"7":0,"8":1,"9":2,"10":0,"11":2,"12":67},"current_name":{"0":"\u0411\u044b\u0441\u0442\u0440\u044b\u0439 \u043d\u0435\u0439\u0442\u0440\u043e\u043d","1":"\u0422\u043e\u0436\u0435 \u0432\u0430\u0440\u0438\u0430\u043d\u0442","2":"\u0411\u044b\u0441\u0442\u0440\u044b\u0435 \u0431\u043e\u0431\u0440\u044b","3":"\u0421\u0442\u0440\u0435\u043b\u044b \u0410\u0444\u0438\u043d\u044b","4":"6+","5":"\u041d\u0430\u0432\u0438\u0433\u0430\u0442\u043e\u0440","6":"\u0413\u0440\u0438\u0431\u043e\u0435\u0434\u043e\u0432","7":"\u041c\u044b","8":"\u0421\u0435\u0440\u0433\u0435\u0438\u0447 33","9":"\u0412\u0441\u043f\u043e\u043c\u043d\u0438\u0442\u044c \u0432\u0441\u0451","10":"\u0422\u0435\u043e\u0440\u0438\u044f \u0431\u043e\u043b\u044c\u0448\u043e\u0433\u043e \u0441\u043b\u0438\u0432\u0430","11":"\u0417\u041a\u0418","12":"43"},"d_bonus_a":{"0":1357,"1":739,"2":1174,"3":978,"4":361,"5":257,"6":110,"7":0,"8":0,"9":7,"10":0,"11":4,"12":584},"d_bonus_b":{"0":166,"1":78,"2":146,"3":109,"4":44,"5":31,"6":11,"7":0,"8":1,"9":2,"10":0,"11":2,"12":67},"d_diff_bonus":{"0":20,"1":-44,"2":37,"3":42,"4":0,"5":0,"6":-34,"7":-1,"8":0,"9":-5,"10":0,"11":0,"12":67},"diff_bonus":{"0":20,"1":-44,"2":37,"3":42,"4":0,"5":0,"6":-34,"7":-1,"8":0,"9":-5,"10":0,"11":0,"12":67},"idteam":{"0":44834,"1":46312,"2":46313,"3":46826,"4":46975,"5":47267,"6":48310,"7":49991,"8":49993,"9":50883,"10":51585,"11":51586,"12":51587},"included_in_rating":{"0":1,"1":1,"2":1,"3":1,"4":1,"5":1,"6":1,"7":1,"8":1,"9":1,"10":1,"11":1,"12":1},"mask":{"0":1.111111001e+49,"1":1.111100111e+48,"2":1.00100111e+39,"3":1.010111011e+49,"4":1.100100011e+47,"5":1.100001101e+46,"6":1.11100101e+48,"7":1.00101e+49,"8":1.0000001e+47,"9":1.011011001e+49,"10":1e+44,"11":1.0000001e+47,"12":1.111101001e+49},"position":{"0":1,"1":4,"2":2,"3":3,"4":6,"5":7,"6":8,"7":12,"8":11,"9":9,"10":13,"11":10,"12":5},"predicted_position":{"0":2.0,"1":1.0,"2":3.0,"3":5.0,"4":6.0,"5":7.0,"6":4.0,"7":9.0,"8":11.0,"9":8.0,"10":12.5,"11":10.0,"12":12.5},"questions_total":{"0":28,"1":22,"2":23,"3":23,"4":22,"5":20,"6":18,"7":10,"8":8,"9":17,"10":4,"11":17,"12":26},"tech_rating":{"0":753,"1":761,"2":574,"3":367,"4":231,"5":211,"6":370,"7":13,"8":9,"9":78,"10":0,"11":10,"12":0}}