{"base_name":{"0":"\u041c\u0435\u0436\u0434\u0443\u043d\u0430\u0440\u043e\u0434\u0435\u0446","1":"\u041c\u0413\u0422\u0423 etc.","2":"\u0418\u043d\u0442\u0435\u0433\u0440\u0430\u043b\u044c\u043d\u044b\u0439 \u0438\u043d\u0441\u0430\u0439\u0442","3":"\u0422\u0440\u0438 \u043a\u043e\u0442\u0430 \u043f\u043e\u043f\u043e\u043b\u0430\u043c","4":"\u0425\u0430\u0442\u0443\u043b\u044c \u041c\u0430\u0434\u0430\u043d","5":"\u041f\u043e\u0441\u043b\u0435\u0434\u043d\u0438\u0439 \u0438\u043d\u043a\u0430","6":"\u0410\u043b\u0447\u0443\u0449\u0438\u0439 \u043f\u043b\u043e\u0442\u0438 \u043a\u043e\u043d\u044c"},"bonus_a":{"0":21,"1":0,"2":0,"3":0,"4":2023,"5":0,"6":0},"bonus_b":{"0":75,"1":399,"2":75,"3":291,"4":887,"5":706,"6":399},"current_name":{"0":"\u041c\u0435\u0436\u0434\u0443\u043d\u0430\u0440\u043e\u0434\u0435\u0446","1":"\u041c\u0413\u0422\u0423 etc.","2":"\u0418\u043d\u0442\u0435\u0433\u0440\u0430\u043b\u044c\u043d\u044b\u0439 \u0438\u043d\u0441\u0430\u0439\u0442","3":"\u0422\u0440\u0438 \u043a\u043e\u0442\u0430 \u043f\u043e\u043f\u043e\u043b\u0430\u043c","4":"\u0425\u0430\u0442\u0443\u043b\u044c \u041c\u0430\u0434\u0430\u043d","5":"\u041f\u043e\u0441\u043b\u0435\u0434\u043d\u0438\u0439 \u0438\u043d\u043a\u0430","6":"\u0410\u043b\u0447\u0443\u0449\u0438\u0439 \u043f\u043b\u043e\u0442\u0438 \u043a\u043e\u043d\u044c"},"d_bonus_a":{"0":21,"1":948,"2":21,"3":186,"4":2023,"5":1762,"6":948},"d_bonus_b":{"0":75,"1":399,"2":75,"3":291,"4":887,"5":706,"6":399},"d_diff_bonus":{"0":-19,"1":-77,"2":38,"3":-34,"4":261,"5":209,"6":-122},"diff_bonus":{"0":-19,"1":-77,"2":38,"3":-34,"4":261,"5":209,"6":-122},"idteam":{"0":3993,"1":48052,"2":51259,"3":51405,"4":52350,"5":53284,"6":55035},"included_in_rating":{"0":1,"1":0,"2":0,"3":0,"4":0,"5":0,"6":0},"mask":{"0":1e+38,"1":1.0010011e+28,"2":1.011000001e+37,"3":1.0000001e+35,"4":1.10000011e+35,"5":1.00001e+38,"6":1e+38},"position":{"0":6.5,"1":3.5,"2":6.5,"3":5.0,"4":1.0,"5":2.0,"6":3.5},"predicted_position":{"0":6,"1":2,"2":7,"3":3,"4":4,"5":5,"6":1},"questions_total":{"0":10,"1":13,"2":10,"3":12,"4":19,"5":14,"6":13},"tech_rating":{"0":1383,"1":4538,"2":0,"3":2209,"4":2076,"5":1985,"6":4918}}