{"base_name":{"0":"2,5 \u0447\u0435\u043b\u043e\u0432\u0435\u043a\u0430","1":"\u0411\u0435\u0440\u043d\u0441\u043a\u0438\u0435 \u041c\u0435\u0434\u0432\u0435\u0434\u044b","2":"\u0424\u0440\u0438\u0431\u0435\u0440\u043d","3":"\u0418\u043d\u0442\u0435\u0440","4":"\u0411\u0430\u043b\u0442\u0438\u043a\u0430 5","5":"\u042d\u0440\u043b\u0438\u043a\u043e\u043d"},"bonus_a":{"0":968,"1":217,"2":25,"3":0,"4":0,"5":0},"bonus_b":{"0":169,"1":20,"2":5,"3":3,"4":0,"5":459},"current_name":{"0":"2,5 \u0447\u0435\u043b\u043e\u0432\u0435\u043a\u0430","1":"\u0411\u0435\u0440\u043d\u0441\u043a\u0438\u0435 \u041c\u0435\u0434\u0432\u0435\u0434\u044b","2":"\u0424\u0440\u0438\u0431\u0435\u0440\u043d","3":"\u0418\u043d\u0442\u0435\u0440","4":"\u0411\u0430\u043b\u0442\u0438\u043a\u0430 5","5":"\u042d\u0440\u043b\u0438\u043a\u043e\u043d"},"d_bonus_a":{"0":968,"1":217,"2":25,"3":0,"4":0,"5":1397},"d_bonus_b":{"0":169,"1":20,"2":5,"3":3,"4":0,"5":459},"d_diff_bonus":{"0":0,"1":0,"2":0,"3":0,"4":0,"5":1},"diff_bonus":{"0":0,"1":0,"2":0,"3":0,"4":0,"5":1},"idteam":{"0":48869,"1":48883,"2":50404,"3":51060,"4":51449,"5":53052},"included_in_rating":{"0":1,"1":1,"2":1,"3":1,"4":1,"5":0},"mask":{"0":1.01000101e+47,"1":1.000001001e+41,"2":1.100001e+41,"3":1.00000101e+41,"4":1.01e+25,"5":1.110011111e+47},"position":{"0":2,"1":3,"2":4,"3":5,"4":6,"5":1},"predicted_position":{"0":2,"1":3,"2":4,"3":5,"4":6,"5":1},"questions_total":{"0":20,"1":9,"2":8,"3":7,"4":4,"5":32},"tech_rating":{"0":1521,"1":173,"2":31,"3":27,"4":0,"5":3587}}