{"base_name":{"0":"\u041e\u0430\u0437\u0438\u0441","1":"\u041a\u043e\u043c\u0430\u043d\u0434\u0430 \u0410\u043b\u0445\u0430\u0437\u043e\u0432\u0430","2":"\u041a\u0430\u0440\u0442 \u0431\u043b\u0430\u043d\u0448","3":"\u0427\u0442\u043e \u043f\u0438\u0441\u0430\u0442\u044c?","4":"\u041c\u0430\u044f\u043a","5":"\u0411\u0430\u0433\u0438 \u041c\u0451\u0431\u0438\u0443\u0441\u0430","6":"\u042f\u0442\u044c","7":"Alterego","8":"Vault101","9":"Young Boys"},"bonus_a":{"0":1830,"1":1962,"2":1089,"3":434,"4":122,"5":12,"6":612,"7":2174,"8":1580,"9":0},"bonus_b":{"0":444,"1":505,"2":250,"3":155,"4":87,"5":20,"6":211,"7":800,"8":365,"9":551},"current_name":{"0":"\u041e\u0430\u0437\u0438\u0441","1":"\u041b\u0430\u0432\u043a\u0430 \u0434\u043e\u043d\u0430 \u041c\u0430\u0437\u043e\u0445\u0430","2":"\u041a\u0430\u0440\u0442 \u0431\u043b\u0430\u043d\u0448","3":"\u0427\u0442\u043e \u043f\u0438\u0441\u0430\u0442\u044c?","4":"\u041c\u0430\u044f\u043a","5":"\u0411\u0430\u0433\u0438 \u041c\u0451\u0431\u0438\u0443\u0441\u0430","6":"\u042f\u0442\u044c","7":"Alterego","8":"Vault101","9":"Young Boys"},"d_bonus_a":{"0":1830,"1":1962,"2":1089,"3":434,"4":122,"5":12,"6":612,"7":2174,"8":1580,"9":2058},"d_bonus_b":{"0":444,"1":505,"2":250,"3":155,"4":87,"5":20,"6":211,"7":800,"8":365,"9":551},"d_diff_bonus":{"0":80,"1":-147,"2":-97,"3":135,"4":-82,"5":-34,"6":56,"7":299,"8":155,"9":2},"diff_bonus":{"0":80,"1":-147,"2":-97,"3":135,"4":-82,"5":-34,"6":56,"7":299,"8":155,"9":2},"idteam":{"0":2765,"1":3465,"2":6178,"3":42248,"4":42258,"5":44527,"6":44532,"7":44533,"8":48122,"9":51635},"included_in_rating":{"0":1,"1":1,"2":1,"3":1,"4":1,"5":1,"6":1,"7":1,"8":1,"9":0},"mask":{"0":1.111001e+34,"1":1.1101111e+34,"2":1.101101001e+32,"3":1.0101111e+34,"4":1.11000011e+31,"5":1.10001e+29,"6":1.01011e+34,"7":1.11101111e+35,"8":1.001011e+34,"9":1.010011101e+35},"position":{"0":4,"1":3,"2":6,"3":8,"4":9,"5":10,"6":7,"7":1,"8":5,"9":2},"predicted_position":{"0":5,"1":1,"2":4,"3":10,"4":6,"5":9,"6":8,"7":3,"8":7,"9":2},"questions_total":{"0":17,"1":20,"2":13,"3":11,"4":9,"5":9,"6":12,"7":23,"8":14,"9":21},"tech_rating":{"0":1971,"1":4302,"2":2145,"3":160,"4":1187,"5":637,"6":913,"7":2322,"8":1095,"9":2447}}