{"base_name":{"0":"\u0422-400","1":"\u041d\u0430\u043f\u0440\u044f\u0436\u0435\u043d\u044b \u0443 \u0432\u0441\u0435\u0445 \u043d\u0430 \u0433\u043b\u0430\u0437\u0430\u0445","2":"\u041c\u0430\u0445\u043d\u0451\u043c\u0441\u044f \u043a\u0440\u0438\u0441\u0442\u0430\u043b\u043b\u0430\u043c\u0438","3":"\u0414\u0435\u0442\u0438 \u042d\u0439\u043b\u0435\u0440\u0430","4":"\u0411\u043e\u0434\u0440\u044f\u0447\u043a\u043e\u043c","5":"\u0425\u0430\u0439\u0432\u043c\u0430\u0439\u043d\u0434","6":"\u0420\u0430\u0437\u0431\u043e\u0439\u043d\u044b\u0439 \u044d\u0441\u043a\u0430\u0434\u0440\u043e\u043d","7":"\u0414\u0435\u0441\u0430\u043d\u0442 \u0437\u0434\u043e\u0440\u043e\u0432\u044c\u044f"},"bonus_a":{"0":2120,"1":2120,"2":1210,"3":267,"4":2120,"5":2252,"6":0,"7":0},"bonus_b":{"0":808,"1":808,"2":329,"3":190,"4":808,"5":1010,"6":92,"7":452},"current_name":{"0":"\u0422-400","1":"\u041d\u0430\u043f\u0440\u044f\u0436\u0435\u043d\u044b \u0443 \u0432\u0441\u0435\u0445 \u043d\u0430 \u0433\u043b\u0430\u0437\u0430\u0445","2":"\u041c\u0430\u0445\u043d\u0451\u043c\u0441\u044f \u043a\u0440\u0438\u0441\u0442\u0430\u043b\u043b\u0430\u043c\u0438","3":"\u0414\u0435\u0442\u0438 \u042d\u0439\u043b\u0435\u0440\u0430","4":"\u0411\u043e\u0434\u0440\u044f\u0447\u043a\u043e\u043c","5":"\u0425\u0430\u0439\u0432\u043c\u0430\u0439\u043d\u0434","6":"\u0420\u0430\u0437\u0431\u043e\u0439\u043d\u044b\u0439 \u044d\u0441\u043a\u0430\u0434\u0440\u043e\u043d","7":"\u0414\u0435\u0441\u0430\u043d\u0442 \u0437\u0434\u043e\u0440\u043e\u0432\u044c\u044f"},"d_bonus_a":{"0":2120,"1":2120,"2":1210,"3":267,"4":2120,"5":2252,"6":0,"7":1720},"d_bonus_b":{"0":808,"1":808,"2":329,"3":190,"4":808,"5":1010,"6":92,"7":452},"d_diff_bonus":{"0":-47,"1":-97,"2":1,"3":-221,"4":360,"5":209,"6":0,"7":263},"diff_bonus":{"0":-47,"1":-97,"2":1,"3":-221,"4":360,"5":209,"6":0,"7":263},"idteam":{"0":1986,"1":2051,"2":8034,"3":8723,"4":28103,"5":38722,"6":43535,"7":51473},"included_in_rating":{"0":1,"1":1,"2":1,"3":1,"4":1,"5":1,"6":1,"7":0},"mask":{"0":1.11000011e+35,"1":1.11000001e+35,"2":1.11100001e+35,"3":1.010000011e+35,"4":1.110001011e+35,"5":1.111011111e+35,"6":1.01100001e+35,"7":1.10110001e+35},"position":{"0":3,"1":3,"2":6,"3":7,"4":3,"5":1,"6":8,"7":5},"predicted_position":{"0":2,"1":1,"2":6,"3":4,"4":5,"5":3,"6":8,"7":7},"questions_total":{"0":22,"1":22,"2":18,"3":15,"4":22,"5":27,"6":12,"7":19},"tech_rating":{"0":4141,"1":4552,"2":1915,"3":3322,"4":2357,"5":4041,"6":751,"7":1186}}