{"base_name":{"0":"\u0423\u0440\u0430!","1":"7 \u0431\u0438\u0442","2":"Oops!","3":"\u0414\u0435\u0442\u0438 \u043a\u0430\u043f\u0438\u0442\u0430\u043d\u0430 \u0414\u0437\u0435\u0440\u044b","4":"\u041d\u0430\u0434\u043e\u043c\u043d\u0438\u043a\u0438-\u0438\u043d\u0442\u0435\u043b\u043b\u0435\u043a\u0442\u0443\u0430\u043b\u044b","5":"\u0413\u0438\u043c\u0430\u043b\u0430\u0438","6":"\u041c\u0430\u043d\u0438\u043f\u0443\u043b\u0430","7":"Le PS"},"bonus_a":{"0":154,"1":0,"2":0,"3":0,"4":597,"5":0,"6":0,"7":0},"bonus_b":{"0":21,"1":0,"2":0,"3":2,"4":128,"5":12,"6":0,"7":7},"current_name":{"0":"\u0423\u0440\u0430!","1":"7 \u0431\u0438\u0442","2":"Oops!","3":"\u0414\u0435\u0442\u0438 \u043a\u0430\u043f\u0438\u0442\u0430\u043d\u0430 \u0414\u0437\u0435\u0440\u044b","4":"\u041d\u0430\u0434\u043e\u043c\u043d\u0438\u043a\u0438-\u0438\u043d\u0442\u0435\u043b\u043b\u0435\u043a\u0442\u0443\u0430\u043b\u044b","5":"\u0413\u0438\u043c\u0430\u043b\u0430\u0438","6":"\u041c\u0430\u043d\u0438\u043f\u0443\u043b\u0430","7":"Le PS"},"d_bonus_a":{"0":154,"1":0,"2":0,"3":0,"4":597,"5":39,"6":0,"7":0},"d_bonus_b":{"0":21,"1":0,"2":0,"3":2,"4":128,"5":12,"6":0,"7":7},"d_diff_bonus":{"0":0,"1":0,"2":-4,"3":0,"4":116,"5":-58,"6":0,"7":7},"diff_bonus":{"0":0,"1":0,"2":-4,"3":0,"4":116,"5":-58,"6":0,"7":7},"idteam":{"0":4993,"1":39578,"2":39580,"3":43057,"4":52823,"5":52824,"6":52825,"7":52827},"included_in_rating":{"0":1,"1":1,"2":0,"3":1,"4":1,"5":0,"6":1,"7":0},"mask":{"0":1.100000011e+38,"1":1.00000101e+36,"2":1.111e+31,"3":1.0000001e+37,"4":1.110110011e+38,"5":1.10100001e+38,"6":1.0001e+37,"7":1.100000011e+38},"position":{"0":2,"1":6,"2":7,"3":5,"4":1,"5":3,"6":8,"7":4},"predicted_position":{"0":2,"1":7,"2":4,"3":5,"4":3,"5":1,"6":7,"7":7},"questions_total":{"0":20,"1":9,"2":7,"3":10,"4":24,"5":14,"6":6,"7":11},"tech_rating":{"0":124,"1":0,"2":51,"3":15,"4":70,"5":985,"6":0,"7":0}}