{"base_name":{"0":"\u0411\u041d","1":"\u0411\u0440\u0430\u0432\u043e \u0440\u0443\u043b\u044f!","2":"\u0428\u0435\u0441\u0442\u044c \u0431\u0435\u0437 \u043a\u043e\u0437\u044b\u0440\u044f","3":"\u041a\u042d\u041f","4":"\u0412\u041f\u0424","5":"\u0421\u0442\u0430\u043d\u0446\u0438\u044f \u041a\u0443\u0440\u0441\u043a\u0430\u044f","6":"\u041d\u0435\u0436\u0435\u043d\u0441\u043a\u0430\u044f \u043b\u043e\u0433\u0438\u043a\u0430","7":"\u0411\u0435\u0437 \u043a\u043e\u043c\u043c\u0435\u043d\u0442\u0430\u0440\u0438\u0435\u0432","8":"\u0421\u0435\u0440\u043f \u0438 \u0421\u043e\u043b\u043e\u0434","9":"\u0411\u0440\u0435\u0434\u043e\u0433\u0435\u043d\u0435\u0440\u0430\u0442\u043e\u0440","10":"\u041a\u0440\u0435\u0441\u0442\u044c\u044f\u043d\u0435"},"bonus_a":{"0":1879,"1":1879,"2":2150,"3":226,"4":0,"5":1227,"6":5,"7":122,"8":190,"9":0,"10":0},"bonus_b":{"0":676,"1":676,"2":936,"3":173,"4":0,"5":431,"6":1,"7":10,"8":55,"9":0,"10":1},"current_name":{"0":"\u0411\u041d","1":"\u0411\u0440\u0430\u0432\u043e \u0440\u0443\u043b\u044f!","2":"\u0428\u0435\u0441\u0442\u044c \u0431\u0435\u0437 \u043a\u043e\u0437\u044b\u0440\u044f","3":"\u041a\u042d\u041f","4":"\u0412\u041f\u0424","5":"All blacks","6":"\u041d\u0435\u0436\u0435\u043d\u0441\u043a\u0430\u044f \u043b\u043e\u0433\u0438\u043a\u0430","7":"Lazy Lips","8":"\u0421\u0435\u0440\u043f \u0438 \u0421\u043e\u043b\u043e\u0434","9":"\u0411\u0440\u0435\u0434\u043e\u0433\u0435\u043d\u0435\u0440\u0430\u0442\u043e\u0440","10":"\u041a\u0440\u0435\u0441\u0442\u044c\u044f\u043d\u0435"},"d_bonus_a":{"0":1879,"1":1879,"2":2150,"3":226,"4":0,"5":1227,"6":5,"7":122,"8":190,"9":0,"10":0},"d_bonus_b":{"0":676,"1":676,"2":936,"3":173,"4":0,"5":431,"6":1,"7":10,"8":55,"9":0,"10":1},"d_diff_bonus":{"0":-128,"1":247,"2":176,"3":0,"4":-1,"5":-76,"6":0,"7":-23,"8":45,"9":0,"10":1},"diff_bonus":{"0":-128,"1":247,"2":176,"3":0,"4":-1,"5":-76,"6":0,"7":-23,"8":45,"9":0,"10":1},"idteam":{"0":205,"1":4728,"2":6451,"3":43691,"4":44537,"5":45541,"6":46072,"7":48584,"8":50729,"9":52949,"10":52950},"included_in_rating":{"0":1,"1":1,"2":1,"3":1,"4":0,"5":1,"6":1,"7":1,"8":1,"9":1,"10":1},"mask":{"0":1.11111e+59,"1":1.011101011e+58,"2":1.111011101e+59,"3":1.001100001e+59,"4":1e+17,"5":1.111111001e+58,"6":1.101e+57,"7":1.100001001e+56,"8":1.000000001e+56,"9":1.0001e+49,"10":1.000001e+56},"position":{"0":2.5,"1":2.5,"2":1.0,"3":5.0,"4":11.0,"5":4.0,"6":8.0,"7":7.0,"8":6.0,"9":10.0,"10":9.0},"predicted_position":{"0":1,"1":4,"2":2,"3":5,"4":8,"5":3,"6":9,"7":6,"8":7,"9":11,"10":10},"questions_total":{"0":35,"1":35,"2":37,"3":20,"4":1,"5":32,"6":9,"7":10,"8":15,"9":3,"10":4},"tech_rating":{"0":4597,"1":2865,"2":3941,"3":1212,"4":9,"5":3071,"6":4,"7":418,"8":79,"9":0,"10":2}}