{"base_name":{"0":"\u041b\u0438\u043c\u043e\u043d\u0430\u0434","1":"\u041f\u0435\u043d\u044c","2":"\u0422\u0418\u041c","3":"0 \u0418\u0434\u0435\u0439","4":"Alterego","5":"\u041c\u0413\u0422\u0423 etc.","6":"\u0413\u0435\u043d\u0438\u0438 \u0418\u0442\u0430\u043b\u0438\u0438","7":"\u0427\u0435\u0442\u0432\u0435\u0440\u043e \u0432 \u043b\u043e\u0434\u043a\u0435"},"bonus_a":{"0":1096,"1":651,"2":1620,"3":2232,"4":0,"5":0,"6":0,"7":0},"bonus_b":{"0":242,"1":121,"2":403,"3":823,"4":517,"5":1026,"6":658,"7":658},"current_name":{"0":"\u041b\u0438\u043c\u043e\u043d\u0430\u0434","1":"\u041f\u0435\u043d\u044c","2":"\u0422\u0418\u041c","3":"0 \u0418\u0434\u0435\u0439","4":"Alterego","5":"\u041c\u0413\u0422\u0423 etc.","6":"\u0413\u0435\u043d\u0438\u0438 \u0418\u0442\u0430\u043b\u0438\u0438","7":"\u0427\u0435\u0442\u0432\u0435\u0440\u043e \u0432 \u043b\u043e\u0434\u043a\u0435"},"d_bonus_a":{"0":1096,"1":651,"2":1620,"3":2232,"4":1902,"5":2263,"6":2127,"7":2127},"d_bonus_b":{"0":242,"1":121,"2":403,"3":823,"4":517,"5":1026,"6":658,"7":658},"d_diff_bonus":{"0":-92,"1":0,"2":81,"3":2,"4":38,"5":4,"6":-12,"7":72},"diff_bonus":{"0":-92,"1":0,"2":81,"3":2,"4":38,"5":4,"6":-12,"7":72},"idteam":{"0":7931,"1":42264,"2":42359,"3":43900,"4":44533,"5":48052,"6":53575,"7":53898},"included_in_rating":{"0":1,"1":1,"2":1,"3":1,"4":1,"5":0,"6":0,"7":0},"mask":{"0":1.011010011e+33,"1":1.000010001e+35,"2":1.101011e+29,"3":1.100101011e+34,"4":1.011110011e+33,"5":1.010100111e+35,"6":1.01101e+33,"7":1.011110001e+35},"position":{"0":7.0,"1":8.0,"2":6.0,"3":2.0,"4":5.0,"5":1.0,"6":3.5,"7":3.5},"predicted_position":{"0":4,"1":8,"2":7,"3":2,"4":6,"5":1,"6":3,"7":5},"questions_total":{"0":11,"1":9,"2":12,"3":15,"4":13,"5":16,"6":14,"7":14},"tech_rating":{"0":3067,"1":1063,"2":1593,"3":4115,"4":2468,"5":5386,"6":3527,"7":2765}}