{"base_name":{"0":"\u0428\u0430\u043b\u0442\u0430\u0439-\u0411\u043e\u043b\u0442\u0430\u0439","1":"\u041a\u0430\u0440\u0440\u0430\u043c\u0431\u0430","2":"\u0410\u0432\u043e\u0441\u044c","3":"\u0422\u0430\u0447\u0430\u043d\u043a\u0430","4":"323 \u0440\u0443\u0431\u043b\u044f","5":"\u0411\u0440\u0438\u0442\u0430\u043d\u0441\u043a\u0438\u0435 \u0443\u0447\u0451\u043d\u044b\u0435","6":"\u0412\u044b\u043f\u044c","7":"\u042d\u0434\u0435\u043b\u044c\u0432\u0435\u0439\u0441","8":"\u0411\u043e\u043b\u044c\u0448\u0430\u044f \u0411\u0435\u0440\u0442\u0430","9":"\u0425\u043e\u0445\u043b\u043e\u043c\u0430","10":"\u042d\u0442\u0438 \u0434\u0432\u0435 \u0438 \u0439\u0435\u0442\u0438","11":"\u0420\u0430\u0441\u0441\u0442\u0435\u0433\u0430\u0439"},"bonus_a":{"0":0,"1":1993,"2":2149,"3":2272,"4":1883,"5":1883,"6":0,"7":2247,"8":2178,"9":634,"10":1207,"11":2204},"bonus_b":{"0":293,"1":414,"2":557,"3":1053,"4":388,"5":355,"6":498,"7":873,"8":591,"9":117,"10":181,"11":704},"current_name":{"0":"\u0428\u0430\u043b\u0442\u0430\u0439-\u0411\u043e\u043b\u0442\u0430\u0439","1":"\u041a\u0430\u0440\u0440\u0430\u043c\u0431\u0430","2":"\u0410\u0432\u043e\u0441\u044c","3":"\u0422\u0430\u0447\u0430\u043d\u043a\u0430","4":"323 \u0440\u0443\u0431\u043b\u044f","5":"\u0411\u0440\u0438\u0442\u0430\u043d\u0441\u043a\u0438\u0435 \u0443\u0447\u0451\u043d\u044b\u0435","6":"\u0412\u044b\u043f\u044c","7":"\u042d\u0434\u0435\u043b\u044c\u0432\u0435\u0439\u0441","8":"\u0411\u043e\u043b\u044c\u0448\u0430\u044f \u0411\u0435\u0440\u0442\u0430","9":"\u0425\u043e\u0445\u043b\u043e\u043c\u0430","10":"\u042d\u0442\u0438 \u0434\u0432\u0435 \u0438 \u0439\u0435\u0442\u0438","11":"\u0420\u0430\u0441\u0441\u0442\u0435\u0433\u0430\u0439"},"d_bonus_a":{"0":1532,"1":1993,"2":2149,"3":2272,"4":1883,"5":1883,"6":2096,"7":2247,"8":2178,"9":634,"10":1207,"11":2204},"d_bonus_b":{"0":293,"1":414,"2":557,"3":1053,"4":388,"5":355,"6":498,"7":873,"8":591,"9":117,"10":181,"11":704},"d_diff_bonus":{"0":-132,"1":27,"2":204,"3":8,"4":272,"5":-117,"6":-102,"7":5,"8":95,"9":-32,"10":-56,"11":293},"diff_bonus":{"0":-132,"1":27,"2":204,"3":8,"4":272,"5":-117,"6":-102,"7":5,"8":95,"9":-32,"10":-56,"11":293},"idteam":{"0":197,"1":227,"2":317,"3":407,"4":595,"5":2673,"6":4228,"7":4405,"8":4795,"9":27161,"10":40247,"11":50101},"included_in_rating":{"0":1,"1":1,"2":1,"3":1,"4":1,"5":1,"6":1,"7":1,"8":1,"9":1,"10":1,"11":1},"mask":{"0":1.0011e+178,"1":1.10011e+179,"2":1.1111e+178,"3":1.100110011e+179,"4":1.1011001e+178,"5":1.00101e+178,"6":1.0011001e+178,"7":1.11111101e+163,"8":1.0011e+178,"9":1e+88,"10":1.1011e+133,"11":1.10011011e+179},"position":{"0":10,"1":7,"2":5,"3":1,"4":8,"5":9,"6":6,"7":2,"8":4,"9":12,"10":11,"11":3},"predicted_position":{"0":5,"1":8,"2":9,"3":1,"4":12,"5":4,"6":3,"7":2,"8":6,"9":11,"10":10,"11":7},"questions_total":{"0":47,"1":48,"2":56,"3":93,"4":49,"5":51,"6":51,"7":93,"8":64,"9":14,"10":30,"11":70},"tech_rating":{"0":2821,"1":1922,"2":1909,"3":5636,"4":1065,"5":2855,"6":3736,"7":4764,"8":2656,"9":1122,"10":1853,"11":2011}}