{"base_name":{"0":"\u0410\u043f\u0440\u0435\u043b\u044c","1":"\u041c\u044b","2":"\u0414\u0436\u0435\u0440\u043e\u043d\u0438\u043c\u043e!","3":"\u0424\u043b\u0430\u0433\u043c\u0430\u043d","4":"\u0423\u0442\u0440\u043e","5":"\u041d\u0435\u0443\u0436\u0435\u043b\u0438","6":"\u041f\u043e\u043b\u0451\u0442 \u043d\u043e\u0440\u043c\u0430\u043b\u044c\u043d\u044b\u0439","7":"\u0414\u044e\u0436\u0438\u043d\u0430 \u0431\u0440\u043e\u0432\u0435\u0439","8":"\u0420\u0421\u041c","9":"\u041d\u0438\u0447\u043e\u0441\u0438","10":"\u0410\u043b\u044c-\u0414\u0440\u0430\u0431\u0430\u0434\u0430\u043d"},"bonus_a":{"0":2056,"1":1764,"2":1693,"3":1892,"4":501,"5":1256,"6":1447,"7":967,"8":0,"9":3,"10":63},"bonus_b":{"0":488,"1":318,"2":290,"3":396,"4":95,"5":169,"6":222,"7":133,"8":256,"9":9,"10":62},"current_name":{"0":"\u0410\u043f\u0440\u0435\u043b\u044c","1":"\u041c\u044b","2":"\u0414\u0436\u0435\u0440\u043e\u043d\u0438\u043c\u043e!","3":"\u0424\u043b\u0430\u0433\u043c\u0430\u043d","4":"\u0423\u0442\u0440\u043e","5":"\u041d\u0435\u0443\u0436\u0435\u043b\u0438","6":"\u041f\u043e\u043b\u0451\u0442 \u043d\u043e\u0440\u043c\u0430\u043b\u044c\u043d\u044b\u0439","7":"\u0414\u044e\u0436\u0438\u043d\u0430 \u0431\u0440\u043e\u0432\u0435\u0439","8":"\u0420\u0421\u041c","9":"\u041d\u0438\u0447\u043e\u0441\u0438","10":"\u0410\u043b\u044c-\u0414\u0440\u0430\u0431\u0430\u0434\u0430\u043d"},"d_bonus_a":{"0":2056,"1":1764,"2":1693,"3":1892,"4":501,"5":1256,"6":1447,"7":967,"8":1551,"9":3,"10":63},"d_bonus_b":{"0":488,"1":318,"2":290,"3":396,"4":95,"5":169,"6":222,"7":133,"8":256,"9":9,"10":62},"d_diff_bonus":{"0":93,"1":-84,"2":-14,"3":107,"4":-37,"5":36,"6":-17,"7":71,"8":17,"9":0,"10":-17},"diff_bonus":{"0":93,"1":-84,"2":-14,"3":107,"4":-37,"5":36,"6":-17,"7":71,"8":17,"9":0,"10":-17},"idteam":{"0":318,"1":2376,"2":5379,"3":26789,"4":39786,"5":40961,"6":47425,"7":48863,"8":49419,"9":51474,"10":51681},"included_in_rating":{"0":1,"1":1,"2":1,"3":1,"4":1,"5":1,"6":1,"7":1,"8":1,"9":1,"10":1},"mask":{"0":1.0010001e+178,"1":1.10010001e+134,"2":1.10011101e+179,"3":1.0001e+178,"4":1.0001001e+178,"5":1.0011e+178,"6":1.0011e+178,"7":1.0001001e+88,"8":1.0011e+178,"9":1.0000001e+178,"10":1.0011e+178},"position":{"0":1,"1":3,"2":4,"3":2,"4":9,"5":7,"6":6,"7":8,"8":5,"9":11,"10":10},"predicted_position":{"0":2,"1":1,"2":3,"3":4,"4":7,"5":8,"6":5,"7":10,"8":6,"9":11,"10":9},"questions_total":{"0":57,"1":43,"2":42,"3":44,"4":8,"5":25,"6":32,"7":20,"8":36,"9":3,"10":7},"tech_rating":{"0":2169,"1":2650,"2":1583,"3":1480,"4":936,"5":778,"6":1324,"7":524,"8":1255,"9":83,"10":586}}