{"base_name":{"0":"\u0422-400","1":"\u0414\u0435\u0442\u0438 \u042d\u0439\u043b\u0435\u0440\u0430","2":"\u041d\u0430\u043d\u043e\u0442\u0440\u043e\u043b\u043b\u0438","3":"\u0425\u0430\u0439\u0432\u043c\u0430\u0439\u043d\u0434","4":"\u041d\u0430 \u0445\u0430\u0440\u0430\u043a\u0442\u0435\u0440\u0435","5":"\u0422\u0430\u0439\u043d\u0430 \u043f\u0435\u0440\u0435\u0432\u0430\u043b\u0430 \u043a\u043e\u0442\u0438\u043a\u0430 \u0441 \u0431\u043e\u043a\u0443 \u043d\u0430 \u0431\u043e\u043a","6":"\u0410\u0440\u043c\u0430\u0433\u0435\u0434\u0434\u043e\u043d","7":"\u0420\u0435\u0437\u0435\u0440\u0432\u043d\u043e\u0435 \u043a\u043e\u043f\u0438\u0440\u043e\u0432\u0430\u043d\u0438\u0435"},"bonus_a":{"0":1738,"1":2011,"2":1191,"3":2149,"4":0,"5":786,"6":0,"7":0},"bonus_b":{"0":535,"1":781,"2":261,"3":946,"4":109,"5":190,"6":2,"7":0},"current_name":{"0":"\u0422-400","1":"\u0414\u0435\u0442\u0438 \u042d\u0439\u043b\u0435\u0440\u0430","2":"\u041d\u0430\u043d\u043e\u0442\u0440\u043e\u043b\u043b\u0438","3":"\u0425\u0430\u0439\u0432\u043c\u0430\u0439\u043d\u0434","4":"\u041d\u0430 \u0445\u0430\u0440\u0430\u043a\u0442\u0435\u0440\u0435","5":"\u0422\u0430\u0439\u043d\u0430 \u043f\u0435\u0440\u0435\u0432\u0430\u043b\u0430 \u043a\u043e\u0442\u0438\u043a\u0430 \u0441 \u0431\u043e\u043a\u0443 \u043d\u0430 \u0431\u043e\u043a","6":"\u0410\u0440\u043c\u0430\u0433\u0435\u0434\u0434\u043e\u043d","7":"\u0420\u0435\u0437\u0435\u0440\u0432\u043d\u043e\u0435 \u043a\u043e\u043f\u0438\u0440\u043e\u0432\u0430\u043d\u0438\u0435"},"d_bonus_a":{"0":1738,"1":2011,"2":1191,"3":2149,"4":0,"5":786,"6":0,"7":0},"d_bonus_b":{"0":535,"1":781,"2":261,"3":946,"4":109,"5":190,"6":2,"7":0},"d_diff_bonus":{"0":-122,"1":249,"2":0,"3":6,"4":0,"5":0,"6":0,"7":0},"diff_bonus":{"0":-122,"1":249,"2":0,"3":6,"4":0,"5":0,"6":0,"7":0},"idteam":{"0":1986,"1":8723,"2":28391,"3":38722,"4":44602,"5":45807,"6":52020,"7":52905},"included_in_rating":{"0":1,"1":1,"2":1,"3":1,"4":1,"5":1,"6":1,"7":1},"mask":{"0":1.100011101e+73,"1":1.100011001e+73,"2":1.100100101e+68,"3":1.110011101e+73,"4":1.110111001e+73,"5":1.00011001e+72,"6":1.00001001e+72,"7":1.0001e+71},"position":{"0":3,"1":2,"2":4,"3":1,"4":6,"5":5,"6":7,"7":8},"predicted_position":{"0":2,"1":3,"2":4,"3":1,"4":6,"5":5,"6":7,"7":8},"questions_total":{"0":38,"1":40,"2":31,"3":42,"4":24,"5":27,"6":17,"7":7},"tech_rating":{"0":4268,"1":3365,"2":1384,"3":4622,"4":898,"5":1125,"6":18,"7":0}}