{"base_name":{"0":"\u0412\u0442\u043e\u0440\u043e\u0435 \u0434\u044b\u0445\u0430\u043d\u0438\u0435","1":"\u0421\u0431\u043e\u0440\u043d\u0430\u044f \u0411\u0443\u0442\u0430\u043d\u0430","2":"\u0410\u043d\u0442\u0430\u0440\u0435\u0441","3":"\u0414\u0435\u0442\u0441\u043a\u0438\u0439 \u0441\u0430\u0434","4":"\u0422\u0430\u043a\u0438\u0435 \u0434\u0435\u043b\u0430","5":"\u041f\u0440\u0435\u043a\u0440\u0430\u0441\u043d\u0430\u044f \u043f\u0440\u0435\u043a\u0440\u0430\u0441\u043d\u043e\u0441\u0442\u044c","6":"\u0423\u041a\u0411\u041f","7":"\u0423\u043b\u0413\u0422\u0423","8":"\u0414\u0438\u0447\u0430\u0439\u0448\u0438\u0435 \u0441\u0442\u0430\u0440\u043e\u0433\u043e\u0440\u043e\u0434\u0441\u043a\u0438\u0435 \u043b\u044c\u0432\u044b","9":"\u041c\u0438\u0440"},"bonus_a":{"0":75,"1":1798,"2":1421,"3":934,"4":2032,"5":0,"6":75,"7":0,"8":0,"9":0},"bonus_b":{"0":61,"1":455,"2":333,"3":220,"4":641,"5":8,"6":61,"7":0,"8":3,"9":3},"current_name":{"0":"\u0412\u0442\u043e\u0440\u043e\u0435 \u0434\u044b\u0445\u0430\u043d\u0438\u0435","1":"\u0421\u0431\u043e\u0440\u043d\u0430\u044f \u0411\u0443\u0442\u0430\u043d\u0430","2":"\u0410\u043d\u0442\u0430\u0440\u0435\u0441","3":"\u0414\u0435\u0442\u0441\u043a\u0438\u0439 \u0441\u0430\u0434","4":"\u0422\u0430\u043a\u0438\u0435 \u0434\u0435\u043b\u0430","5":"\u041f\u0440\u0435\u043a\u0440\u0430\u0441\u043d\u0430\u044f \u043f\u0440\u0435\u043a\u0440\u0430\u0441\u043d\u043e\u0441\u0442\u044c","6":"\u0423\u041a\u0411\u041f","7":"\u0423\u043b\u0413\u0422\u0423","8":"\u0414\u0438\u0447\u0430\u0439\u0448\u0438\u0435 \u0441\u0442\u0430\u0440\u043e\u0433\u043e\u0440\u043e\u0434\u0441\u043a\u0438\u0435 \u043b\u044c\u0432\u044b","9":"\u041c\u0438\u0440"},"d_bonus_a":{"0":75,"1":1798,"2":1421,"3":934,"4":2032,"5":0,"6":75,"7":0,"8":0,"9":0},"d_bonus_b":{"0":61,"1":455,"2":333,"3":220,"4":641,"5":8,"6":61,"7":0,"8":3,"9":3},"d_diff_bonus":{"0":-80,"1":-92,"2":334,"3":-57,"4":188,"5":0,"6":44,"7":-3,"8":-51,"9":3},"diff_bonus":{"0":-80,"1":-92,"2":334,"3":-57,"4":188,"5":0,"6":44,"7":-3,"8":-51,"9":3},"idteam":{"0":353,"1":1030,"2":4107,"3":27219,"4":28599,"5":39405,"6":39488,"7":49474,"8":52993,"9":52994},"included_in_rating":{"0":1,"1":1,"2":1,"3":1,"4":1,"5":1,"6":1,"7":1,"8":0,"9":1},"mask":{"0":1.010000111e+47,"1":1.10010111e+47,"2":1.00000011e+47,"3":1.000010111e+47,"4":1.101001011e+47,"5":1.000101011e+44,"6":1.010010111e+47,"7":1.000000001e+47,"8":1.000000001e+44,"9":1.000000101e+47},"position":{"0":5.5,"1":2.0,"2":3.0,"3":4.0,"4":1.0,"5":7.0,"6":5.5,"7":10.0,"8":8.5,"9":8.5},"predicted_position":{"0":4.0,"1":1.0,"2":9.5,"3":3.0,"4":2.0,"5":7.0,"6":6.0,"7":8.0,"8":5.0,"9":9.5},"questions_total":{"0":23,"1":33,"2":25,"3":24,"4":35,"5":21,"6":23,"7":10,"8":19,"9":19},"tech_rating":{"0":1408,"1":3455,"2":0,"3":1857,"4":2406,"5":48,"6":108,"7":44,"8":793,"9":0}}