{"base_name":{"0":"\u041e\u0431\u0435\u0440\u043e\u043d","1":"\u0410\u043b\u044c\u0442\u0435\u0440\u043d\u0430\u0442\u0438\u0432\u0430","2":"\u041a\u0412\u0412\u041a","3":"18+\u041a\u043e\u0442\u0438\u043a\u0438","4":"\u0413\u043e\u0441\u043f\u043e\u0434\u0438\u043d \u0411","5":"\u0410\u0439\u043a\u043e\u043d\u043e\u043c","6":"\u041f\u043e\u0447\u0442\u0438 \u043d\u0435 \u0434\u0443\u043c\u0430\u0435\u043c","7":"\u0411\u0440\u0435\u0434\u043e\u043d\u043e\u0441\u0435\u0446 \u041a\u043e\u0442\u0435\u0439\u043a\u0438\u043d","8":"\u041e\u0433\u043e\u0413\u043e\u0433\u043e\u043b\u044c","9":"\u041c\u0438\u043b\u043b\u0435\u043d\u0438\u0443\u043c"},"bonus_a":{"0":1845,"1":2176,"2":357,"3":1845,"4":2083,"5":0,"6":1348,"7":17,"8":3,"9":357},"bonus_b":{"0":420,"1":646,"2":126,"3":420,"4":545,"5":10,"6":277,"7":36,"8":16,"9":126},"current_name":{"0":"\u041e\u0431\u0435\u0440\u043e\u043d","1":"\u0410\u043b\u044c\u0442\u0435\u0440\u043d\u0430\u0442\u0438\u0432\u0430","2":"\u041a\u0412\u0412\u041a","3":"18+\u041a\u043e\u0442\u0438\u043a\u0438","4":"\u0413\u043e\u0441\u043f\u043e\u0434\u0438\u043d \u0411","5":"\u0410\u0439\u043a\u043e\u043d\u043e\u043c","6":"\u041f\u043e\u0447\u0442\u0438 \u043d\u0435 \u0434\u0443\u043c\u0430\u0435\u043c","7":"\u0411\u0440\u0435\u0434\u043e\u043d\u043e\u0441\u0435\u0446 \u041a\u043e\u0442\u0435\u0439\u043a\u0438\u043d","8":"\u041e\u0433\u043e\u0413\u043e\u0433\u043e\u043b\u044c","9":"\u041c\u0438\u043b\u043b\u0435\u043d\u0438\u0443\u043c"},"d_bonus_a":{"0":1845,"1":2176,"2":357,"3":1845,"4":2083,"5":0,"6":1348,"7":17,"8":3,"9":357},"d_bonus_b":{"0":420,"1":646,"2":126,"3":420,"4":545,"5":10,"6":277,"7":36,"8":16,"9":126},"d_diff_bonus":{"0":-62,"1":2,"2":-10,"3":-27,"4":269,"5":-13,"6":-44,"7":26,"8":0,"9":20},"diff_bonus":{"0":-62,"1":2,"2":-10,"3":-27,"4":269,"5":-13,"6":-44,"7":26,"8":0,"9":20},"idteam":{"0":2855,"1":5384,"2":8663,"3":26864,"4":43261,"5":45762,"6":46028,"7":48636,"8":48639,"9":52252},"included_in_rating":{"0":1,"1":1,"2":1,"3":1,"4":1,"5":1,"6":1,"7":1,"8":1,"9":1},"mask":{"0":1.001111111e+74,"1":1.101111111e+74,"2":1.110001111e+74,"3":1.111111101e+74,"4":1.111011101e+74,"5":1.010001101e+74,"6":1.10111011e+74,"7":1.100010101e+74,"8":1.00000011e+74,"9":1.111000111e+74},"position":{"0":3.5,"1":1.0,"2":6.5,"3":3.5,"4":2.0,"5":10.0,"6":5.0,"7":8.0,"8":9.0,"9":6.5},"predicted_position":{"0":2,"1":1,"2":6,"3":3,"4":5,"5":8,"6":4,"7":10,"8":9,"9":7},"questions_total":{"0":38,"1":40,"2":30,"3":38,"4":39,"5":14,"6":35,"7":23,"8":17,"9":30},"tech_rating":{"0":2562,"1":3121,"2":778,"3":2452,"4":1703,"5":236,"6":1884,"7":86,"8":87,"9":737}}