{"base_name":{"0":"\u0412\u0430\u0433\u0430\u043d\u0442\u044b","1":"ParadoX","2":"\u0417\u043e\u043b\u043e\u0442\u044b\u0435 \u043c\u0443\u0436\u0438\u043a\u0438","3":"\u0418\u043c\u043f\u0443\u043b\u044c\u0441","4":"\u041b\u044e\u0431\u043e\u043c\u0443\u0434\u0440\u044b","5":"\u0411\u0435\u0448\u043f\u0430\u043d\u0436\u0430","6":"\u041c\u043e\u043d\u0430\u0445\u0438","7":"\u0410\u043f\u043e\u0444\u0438\u0441","8":"\u041c\u0430\u044d\u0441\u0442\u0440\u043e","9":"\u0421\u0442\u0438\u0445\u0438\u044f","10":"Zodiac","11":"\u0424\u0438\u043b\u043a","12":"Veritas","13":"Red Bull","14":"\u0425\u0438\u043c\u0438\u043a\u0438"},"bonus_a":{"0":38,"1":842,"2":123,"3":1455,"4":0,"5":0,"6":12,"7":69,"8":1,"9":0,"10":1,"11":409,"12":12,"13":0,"14":0},"bonus_b":{"0":24,"1":102,"2":29,"3":251,"4":1,"5":417,"6":20,"7":26,"8":12,"9":1,"10":12,"11":38,"12":20,"13":1,"14":0},"current_name":{"0":"\u0412\u0430\u0433\u0430\u043d\u0442\u044b","1":"ParadoX","2":"\u0417\u043e\u043b\u043e\u0442\u044b\u0435 \u043c\u0443\u0436\u0438\u043a\u0438","3":"\u0418\u043c\u043f\u0443\u043b\u044c\u0441","4":"\u041b\u044e\u0431\u043e\u043c\u0443\u0434\u0440\u044b","5":"\u0428\u0430\u0431\u0430\u0448","6":"\u041c\u043e\u043d\u0430\u0445\u0438","7":"\u0410\u043f\u043e\u0444\u0438\u0441","8":"\u041c\u0430\u044d\u0441\u0442\u0440\u043e","9":"\u0421\u0442\u0438\u0445\u0438\u044f","10":"Zodiac","11":"\u0424\u0438\u043b\u043a","12":"Veritas","13":"Red Bull","14":"\u0425\u0438\u043c\u0438\u043a\u0438"},"d_bonus_a":{"0":38,"1":842,"2":123,"3":1455,"4":0,"5":1836,"6":12,"7":69,"8":1,"9":0,"10":1,"11":409,"12":12,"13":0,"14":0},"d_bonus_b":{"0":24,"1":102,"2":29,"3":251,"4":1,"5":417,"6":20,"7":26,"8":12,"9":1,"10":12,"11":38,"12":20,"13":1,"14":0},"d_diff_bonus":{"0":-1,"1":-158,"2":-5,"3":149,"4":-12,"5":167,"6":11,"7":8,"8":11,"9":1,"10":-5,"11":24,"12":19,"13":-14,"14":0},"diff_bonus":{"0":-1,"1":-158,"2":-5,"3":149,"4":-12,"5":167,"6":11,"7":8,"8":11,"9":1,"10":-5,"11":24,"12":19,"13":-14,"14":0},"idteam":{"0":4748,"1":4749,"2":5344,"3":5350,"4":7705,"5":8189,"6":8357,"7":26739,"8":35827,"9":35829,"10":46284,"11":47121,"12":49577,"13":53176,"14":53177},"included_in_rating":{"0":1,"1":1,"2":1,"3":1,"4":1,"5":0,"6":1,"7":1,"8":1,"9":1,"10":1,"11":1,"12":1,"13":1,"14":1},"mask":{"0":1.01e+40,"1":1.111111e+41,"2":1.111000101e+40,"3":1.11110011e+41,"4":1e+27,"5":1.111111011e+41,"6":1.010000001e+40,"7":1.1110001e+40,"8":1.1e+40,"9":1e+40,"10":1.0000001e+38,"11":1.11101e+40,"12":1.11e+41,"13":1e+40,"14":1e+40},"position":{"0":7.0,"1":3.0,"2":5.0,"3":2.0,"4":13.5,"5":1.0,"6":8.5,"7":6.0,"8":10.5,"9":13.5,"10":10.5,"11":4.0,"12":8.5,"13":12.0,"14":15.0},"predicted_position":{"0":6.0,"1":1.0,"2":4.0,"3":3.0,"4":7.0,"5":2.0,"6":11.0,"7":9.0,"8":12.0,"9":14.5,"10":8.0,"11":10.0,"12":13.0,"13":5.0,"14":14.5},"questions_total":{"0":12,"1":22,"2":20,"3":26,"4":5,"5":28,"6":11,"7":15,"8":8,"9":5,"10":8,"11":21,"12":11,"13":7,"14":2},"tech_rating":{"0":127,"1":2556,"2":206,"3":732,"4":117,"5":1749,"6":74,"7":98,"8":8,"9":0,"10":104,"11":83,"12":5,"13":134,"14":0}}