{"base_name":{"0":"\u0421\u043d\u0430\u0440\u043a","1":"\u041c\u0430\u0440\u043a\u043b\u0430\u0440","2":"X-Com","3":"\u0422\u0440\u0430\u043a\u0442\u043e\u0440 \u0432 \u043f\u043e\u043b\u0435 \u0442\u0440-\u0442\u0440-\u0442\u0440","4":"\u041e\u0434\u043d\u043e\u043d\u043e\u0433\u0430\u044f \u043b\u043e\u0448\u0430\u0434\u044c","5":"\u0417\u043c\u0430\u0440\u043d\u043e\u0432\u0430\u043d\u043e"},"bonus_a":{"0":2161,"1":2161,"2":1957,"3":1667,"4":710,"5":1100},"bonus_b":{"0":726,"1":726,"2":497,"3":335,"4":92,"5":138},"current_name":{"0":"\u0421\u043d\u0430\u0440\u043a","1":"\u041c\u0430\u0440\u043a\u043b\u0430\u0440","2":"X-Com","3":"\u0422\u0440\u0430\u043a\u0442\u043e\u0440 \u0432 \u043f\u043e\u043b\u0435 \u0442\u0440-\u0442\u0440-\u0442\u0440","4":"\u041e\u0434\u043d\u043e\u043d\u043e\u0433\u0430\u044f \u043b\u043e\u0448\u0430\u0434\u044c","5":"\u0417\u043c\u0430\u0440\u043d\u043e\u0432\u0430\u043d\u043e"},"d_bonus_a":{"0":2161,"1":2161,"2":1957,"3":1667,"4":710,"5":1100},"d_bonus_b":{"0":726,"1":726,"2":497,"3":335,"4":92,"5":138},"d_diff_bonus":{"0":232,"1":72,"2":-148,"3":1,"4":-23,"5":46},"diff_bonus":{"0":232,"1":72,"2":-148,"3":1,"4":-23,"5":46},"idteam":{"0":47,"1":6088,"2":28154,"3":45432,"4":48372,"5":48981},"included_in_rating":{"0":1,"1":1,"2":1,"3":1,"4":1,"5":1},"mask":{"0":1.11111001e+35,"1":1.11111101e+35,"2":1.01010101e+35,"3":1.11010101e+35,"4":1.0001e+35,"5":1.00101e+35},"position":{"0":1.5,"1":1.5,"2":3.0,"3":4.0,"4":6.0,"5":5.0},"predicted_position":{"0":3,"1":2,"2":1,"3":4,"4":5,"5":6},"questions_total":{"0":27,"1":27,"2":23,"3":20,"4":13,"5":15},"tech_rating":{"0":2889,"1":3577,"2":4090,"3":2326,"4":810,"5":804}}