{"base_name":{"0":"\u041c\u044b","1":"\u041c\u0438\u0441\u0442\u0435\u0440\u0438\u044f","2":"\u041f\u0438 \u043a\u0432\u0430\u0434\u0440\u0430\u0442","3":"7Hz","4":"\u0418\u043c\u043f\u0443\u043b\u044c\u0441","5":"DimTeam","6":"\u0411\u0435\u0448\u043f\u0430\u043d\u0436\u0430","7":"\u0411\u0438\u0441","8":"Budlight","9":"\u0421\u043e\u0442\u043d\u0438 \u043d\u0435\u0444\u0442\u0438","10":"Metal X","11":"\u041a\u043e\u0433\u0442\u0435\u0432\u0440\u0430\u043d","12":"Koinot","13":"\u0421\u043f\u0435\u043a\u0442\u0440","14":"\u0422\u043e\u0440\u043d\u0430\u0434\u043e","15":"Veritas"},"bonus_a":{"0":2219,"1":1977,"2":0,"3":2160,"4":0,"5":2080,"6":1772,"7":1240,"8":1562,"9":0,"10":0,"11":714,"12":5,"13":0,"14":0,"15":0},"bonus_b":{"0":708,"1":424,"2":77,"3":641,"4":5,"5":541,"6":311,"7":199,"8":247,"9":26,"10":4,"11":154,"12":26,"13":1,"14":0,"15":1},"current_name":{"0":"\u041c\u044b","1":"\u041c\u0438\u0441\u0442\u0435\u0440\u0438\u044f","2":"\u041f\u0438 \u043a\u0432\u0430\u0434\u0440\u0430\u0442","3":"7Hz","4":"\u0418\u043c\u043f\u0443\u043b\u044c\u0441","5":"DimTeam","6":"\u0411\u0435\u0448\u043f\u0430\u043d\u0436\u0430","7":"\u0411\u0438\u0441","8":"Budlight","9":"\u0421\u043e\u0442\u043d\u0438 \u043d\u0435\u0444\u0442\u0438","10":"Yankee","11":"\u041a\u043e\u0433\u0442\u0435\u0432\u0440\u0430\u043d","12":"Koinot","13":"\u0421\u043f\u0435\u043a\u0442\u0440","14":"\u0422\u043e\u0440\u043d\u0430\u0434\u043e","15":"Veritas"},"d_bonus_a":{"0":2219,"1":1977,"2":141,"3":2160,"4":0,"5":2080,"6":1772,"7":1240,"8":1562,"9":5,"10":0,"11":714,"12":5,"13":0,"14":0,"15":0},"d_bonus_b":{"0":708,"1":424,"2":77,"3":641,"4":5,"5":541,"6":311,"7":199,"8":247,"9":26,"10":4,"11":154,"12":26,"13":1,"14":0,"15":1},"d_diff_bonus":{"0":170,"1":1,"2":-85,"3":-32,"4":-97,"5":-49,"6":1,"7":45,"8":204,"9":-26,"10":3,"11":149,"12":18,"13":-2,"14":0,"15":1},"diff_bonus":{"0":170,"1":1,"2":-85,"3":-32,"4":-97,"5":-49,"6":1,"7":45,"8":204,"9":-26,"10":3,"11":149,"12":18,"13":-2,"14":0,"15":1},"idteam":{"0":2462,"1":2909,"2":4146,"3":4156,"4":5350,"5":5858,"6":8189,"7":45419,"8":48054,"9":49940,"10":50198,"11":54468,"12":54697,"13":54728,"14":54729,"15":54768},"included_in_rating":{"0":1,"1":1,"2":1,"3":1,"4":0,"5":1,"6":1,"7":1,"8":1,"9":1,"10":0,"11":1,"12":1,"13":1,"14":1,"15":1},"mask":{"0":1.11110001e+59,"1":1.1001e+59,"2":1.10100001e+59,"3":1.111011e+59,"4":1e+59,"5":1.01000011e+59,"6":1.111e+59,"7":1.001e+59,"8":1.01000001e+59,"9":1e+55,"10":1e+59,"11":1.1000001e+58,"12":1.010001e+59,"13":1.0011e+45,"14":1.000001e+42,"15":1e+59},"position":{"0":1.0,"1":4.0,"2":9.0,"3":2.0,"4":12.0,"5":3.0,"6":5.0,"7":7.0,"8":6.0,"9":10.5,"10":13.0,"11":8.0,"12":10.5,"13":14.5,"14":16.0,"15":14.5},"predicted_position":{"0":3.0,"1":4.0,"2":6.0,"3":1.0,"4":7.0,"5":2.0,"6":5.0,"7":8.0,"8":10.0,"9":9.0,"10":14.0,"11":12.0,"12":11.0,"13":13.0,"14":15.5,"15":15.5},"questions_total":{"0":35,"1":27,"2":13,"3":33,"4":9,"5":31,"6":24,"7":15,"8":16,"9":11,"10":7,"11":14,"12":11,"13":4,"14":3,"15":4},"tech_rating":{"0":3009,"1":2454,"2":1349,"3":3546,"4":1117,"5":3383,"6":1716,"7":1059,"8":350,"9":511,"10":8,"11":29,"12":55,"13":28,"14":0,"15":0}}