{"base_name":{"0":"\u041d\u043e\u043c\u0435\u0440 \u0432\u043e\u0441\u0435\u043c\u044c","1":"\u041d\u0438\u0447\u0435\u0433\u043e \u0441\u0435\u0431\u0435","2":"\u041b\u044e\u0431\u043e\u0432\u044c","3":"\u0421\u0442\u0430\u0440\u044b\u0439 \u0414\u043e\u0431\u0440\u044b\u0439 \u0413\u0443\u0441\u044c"},"bonus_a":{"0":2040,"1":1311,"2":1794,"3":684},"bonus_b":{"0":593,"1":181,"2":443,"3":76},"current_name":{"0":"\u041d\u043e\u043c\u0435\u0440 \u0432\u043e\u0441\u0435\u043c\u044c","1":"\u041d\u0438\u0447\u0435\u0433\u043e \u0441\u0435\u0431\u0435","2":"\u041b\u044e\u0431\u043e\u0432\u044c","3":"\u0421\u0442\u0430\u0440\u044b\u0439 \u0414\u043e\u0431\u0440\u044b\u0439 \u0413\u0443\u0441\u044c"},"d_bonus_a":{"0":2040,"1":1311,"2":1794,"3":684},"d_bonus_b":{"0":593,"1":181,"2":443,"3":76},"d_diff_bonus":{"0":2,"1":0,"2":1,"3":0},"diff_bonus":{"0":2,"1":0,"2":1,"3":0},"idteam":{"0":3234,"1":3912,"2":37731,"3":40211},"included_in_rating":{"0":1,"1":1,"2":1,"3":1},"mask":{"0":1.0111111e+35,"1":1.110110111e+35,"2":1.110100011e+34,"3":1e+35},"position":{"0":1,"1":3,"2":2,"3":4},"predicted_position":{"0":1,"1":3,"2":2,"3":4},"questions_total":{"0":26,"1":18,"2":19,"3":12},"tech_rating":{"0":3258,"1":1250,"2":3089,"3":665}}