{"base_name":{"0":"\u0421\u041c\u0415\u041d\u0410","1":"\u0412\u0430\u0442\u0430\u0441\u0438\u0442\u0430\u0442\u0438","2":"\u0421\u0438\u043c\u0443\u043b\u0438\u0440\u0443\u0435\u043c \u0441\u0430\u0440\u043a\u0430\u0437\u043c","3":"\u0411\u0435\u0440\u043b\u0438\u043d \u041c\u0443\u043c\u0431\u0430\u0439","4":"\u0417\u0430\u0434\u0443\u043c\u043a\u0430 \u0430\u0432\u0442\u043e\u0440\u0430","5":"\u041d\u0435\u0444\u0442\u0435\u0433\u0430\u0437","6":"\u042f \u043b\u044e\u0431\u043b\u044e \u0432\u0430\u0441","7":"\u0411\u0435\u0441\u043f\u0435\u0440\u0441\u043f\u0435\u043a\u0442\u0438\u0432\u043d\u044f\u043a \u042d\u0439\u044f\u0444\u044c\u044f\u0434\u043b\u0430\u0439\u0451\u043a\u044e\u0434\u043b\u044f","8":"\u0421\u0410\u042e\u0417"},"bonus_a":{"0":1904,"1":2040,"2":443,"3":1239,"4":0,"5":0,"6":0,"7":0,"8":0},"bonus_b":{"0":365,"1":437,"2":67,"3":177,"4":284,"5":0,"6":0,"7":0,"8":0},"current_name":{"0":"\u0421\u041c\u0415\u041d\u0410","1":"\u0412\u0430\u0442\u0430\u0441\u0438\u0442\u0430\u0442\u0438","2":"\u0421\u0438\u043c\u0443\u043b\u0438\u0440\u0443\u0435\u043c \u0441\u0430\u0440\u043a\u0430\u0437\u043c","3":"\u0411\u0435\u0440\u043b\u0438\u043d \u041c\u0443\u043c\u0431\u0430\u0439","4":"\u0417\u0430\u0434\u0443\u043c\u043a\u0430 \u0430\u0432\u0442\u043e\u0440\u0430","5":"\u041c\u043e\u0437\u0433 \u041d\u0435\u0444\u0442\u0435\u0433\u0430\u0437\u0430","6":"\u042f \u043b\u044e\u0431\u043b\u044e \u0432\u0430\u0441","7":"\u0411\u0435\u0441\u043f\u0435\u0440\u0441\u043f\u0435\u043a\u0442\u0438\u0432\u043d\u044f\u043a \u042d\u0439\u044f\u0444\u044c\u044f\u0434\u043b\u0430\u0439\u0451\u043a\u044e\u0434\u043b\u044f","8":"\u0421\u0410\u042e\u0417"},"d_bonus_a":{"0":1904,"1":2040,"2":443,"3":1239,"4":1652,"5":0,"6":0,"7":0,"8":0},"d_bonus_b":{"0":365,"1":437,"2":67,"3":177,"4":284,"5":0,"6":0,"7":0,"8":0},"d_diff_bonus":{"0":82,"1":73,"2":-55,"3":-130,"4":217,"5":0,"6":0,"7":0,"8":0},"diff_bonus":{"0":82,"1":73,"2":-55,"3":-130,"4":217,"5":0,"6":0,"7":0,"8":0},"idteam":{"0":1068,"1":4254,"2":6481,"3":7591,"4":37838,"5":38565,"6":49936,"7":53462,"8":53463},"included_in_rating":{"0":1,"1":1,"2":1,"3":1,"4":1,"5":1,"6":0,"7":1,"8":1},"mask":{"0":1.0001e+35,"1":1.101101101e+35,"2":1.000101e+35,"3":1.101101101e+35,"4":1.100011111e+32,"5":1.000000001e+31,"6":1.0001e+35,"7":1.000000101e+31,"8":1.01e+22},"position":{"0":2,"1":1,"2":5,"3":4,"4":3,"5":8,"6":6,"7":7,"8":9},"predicted_position":{"0":3.0,"1":2.0,"2":4.0,"3":1.0,"4":5.0,"5":8.5,"6":6.5,"7":8.5,"8":6.5},"questions_total":{"0":21,"1":21,"2":14,"3":20,"4":21,"5":4,"6":6,"7":5,"8":2},"tech_rating":{"0":1721,"1":1958,"2":1262,"3":2242,"4":584,"5":0,"6":1,"7":0,"8":1}}