{"base_name":{"0":"\u0410\u0440\u0441\u0435\u043d\u0430\u043b","1":"\u0421\u0435\u043d\u0430\u0442\u043e\u0440\u044b","2":"\u0425\u043e\u0440\u0430\u043d\u0430\u0440\u0434","3":"\u041f\u043e\u043b\u0438\u0442\u0435\u0445","4":"\u0414\u0438\u0432\u0430\u043d\u0430\u0433\u0435\u0442\u043d\u0435\u0440","5":"\u0410\u0440\u0430\u043c\u0430\u0437\u0434 \u0410","6":"\u0424\u043e\u0442\u043e\u043d","7":"\u0410\u0440\u0430\u0433\u0430\u0441\u0442","8":"\u041f\u0441\u0438\u0445\u0435\u044f","9":"\u0413\u0435\u043d\u0442","10":"\u041d\u0435\u043e","11":"\u0414\u0436\u043e\u043a\u0435\u0440","12":"\u041a\u0430\u0438\u0441\u0441\u0430","13":"Brain Killers v2.0","14":"Online"},"bonus_a":{"0":43,"1":0,"2":43,"3":691,"4":0,"5":43,"6":0,"7":0,"8":0,"9":0,"10":0,"11":691,"12":258,"13":1300,"14":0},"bonus_b":{"0":13,"1":5,"2":13,"3":89,"4":5,"5":13,"6":0,"7":0,"8":5,"9":0,"10":0,"11":89,"12":45,"13":224,"14":0},"current_name":{"0":"\u0410\u0440\u0441\u0435\u043d\u0430\u043b","1":"\u0421\u0435\u043d\u0430\u0442\u043e\u0440\u044b","2":"\u0425\u043e\u0440\u0430\u043d\u0430\u0440\u0434","3":"\u041f\u043e\u043b\u0438\u0442\u0435\u0445","4":"\u0414\u0438\u0432\u0430\u043d\u0430\u0433\u0435\u0442\u043d\u0435\u0440","5":"\u0410\u0440\u0430\u043c\u0430\u0437\u0434 \u0410","6":"\u0424\u043e\u0442\u043e\u043d","7":"\u0410\u0440\u0430\u0433\u0430\u0441\u0442","8":"\u041f\u0441\u0438\u0445\u0435\u044f","9":"\u0413\u0435\u043d\u0442","10":"\u041d\u0435\u043e","11":"\u0414\u0436\u043e\u043a\u0435\u0440","12":"\u041a\u0430\u0438\u0441\u0441\u0430","13":"Brain Killers v2.0","14":"Online"},"d_bonus_a":{"0":43,"1":0,"2":43,"3":691,"4":0,"5":43,"6":0,"7":0,"8":0,"9":0,"10":0,"11":691,"12":258,"13":1300,"14":0},"d_bonus_b":{"0":13,"1":5,"2":13,"3":89,"4":5,"5":13,"6":0,"7":0,"8":5,"9":0,"10":0,"11":89,"12":45,"13":224,"14":0},"d_diff_bonus":{"0":2,"1":-4,"2":5,"3":44,"4":5,"5":8,"6":0,"7":-1,"8":-30,"9":0,"10":0,"11":-12,"12":28,"13":0,"14":0},"diff_bonus":{"0":2,"1":-4,"2":5,"3":44,"4":5,"5":8,"6":0,"7":-1,"8":-30,"9":0,"10":0,"11":-12,"12":28,"13":0,"14":0},"idteam":{"0":437,"1":7243,"2":7602,"3":8865,"4":27560,"5":29690,"6":38437,"7":42357,"8":42358,"9":43500,"10":43508,"11":47470,"12":47499,"13":48756,"14":53382},"included_in_rating":{"0":1,"1":1,"2":1,"3":1,"4":1,"5":1,"6":1,"7":1,"8":1,"9":1,"10":1,"11":1,"12":1,"13":1,"14":1},"mask":{"0":1.00101001e+32,"1":1.01010001e+39,"2":1.10001e+40,"3":1e+44,"4":1.00001e+44,"5":1.0001e+44,"6":1e+44,"7":1.000001e+37,"8":1.000000011e+40,"9":1e+44,"10":1e+44,"11":1.100001011e+40,"12":1.0001e+44,"13":1.101100001e+44,"14":1e+44},"position":{"0":6.0,"1":9.0,"2":6.0,"3":2.5,"4":9.0,"5":6.0,"6":15.0,"7":12.5,"8":9.0,"9":14.0,"10":11.0,"11":2.5,"12":4.0,"13":1.0,"14":12.5},"predicted_position":{"0":7,"1":6,"2":8,"3":4,"4":13,"5":9,"6":15,"7":10,"8":3,"9":13,"10":13,"11":2,"12":5,"13":1,"14":11},"questions_total":{"0":12,"1":10,"2":12,"3":16,"4":10,"5":12,"6":3,"7":6,"8":10,"9":5,"10":7,"11":16,"12":13,"13":21,"14":6},"tech_rating":{"0":58,"1":70,"2":49,"3":319,"4":1,"5":35,"6":0,"7":14,"8":374,"9":1,"10":1,"11":708,"12":94,"13":1473,"14":2}}