{"base_name":{"0":"XXX","1":"\u041c\u0430\u0441\u043a\u0430\u0440\u0430\u0434","2":"R-\u0441\u0442\u0440\u0430\u0442\u0435\u0433\u0438\u044f"},"bonus_a":{"0":1621,"1":735,"2":1621},"bonus_b":{"0":261,"1":128,"2":261},"current_name":{"0":"XXX","1":"\u041c\u0430\u0441\u043a\u0430\u0440\u0430\u0434","2":"R-\u0441\u0442\u0440\u0430\u0442\u0435\u0433\u0438\u044f"},"d_bonus_a":{"0":1621,"1":735,"2":1621},"d_bonus_b":{"0":261,"1":128,"2":261},"d_diff_bonus":{"0":-11,"1":-40,"2":100},"diff_bonus":{"0":-11,"1":-40,"2":100},"idteam":{"0":38723,"1":45373,"2":47224},"included_in_rating":{"0":1,"1":1,"2":1},"mask":{"0":1.111011111e+29,"1":1.110001101e+29,"2":1.110101111e+29},"position":{"0":1.5,"1":3.0,"2":1.5},"predicted_position":{"0":1,"1":2,"2":3},"questions_total":{"0":23,"1":22,"2":23},"tech_rating":{"0":1499,"1":1470,"2":1112}}