{"base_name":{"0":"6 LITroff","1":"\u0421\u0430\u043c-\u0411\u0443\u043a\u0430","2":"Windows 95","3":"Poker","4":"\u041f\u043e\u0440\u0442\u0443\u0433\u0430\u043b\u044c\u0441\u043a\u0438\u0439 \u041a\u043e\u0440\u0430\u0431\u043b\u0438\u043a","5":"7-40","6":"\u0422\u0443\u043f\u0435\u043b","7":"\u0413\u0430\u0435\u0447\u043a\u0430","8":"\u0421\u0430\u043d-\u041c\u0430\u0440\u0438\u043d\u0430","9":"Untied United","10":"\u0421\u0430\u043b\u044c\u0432\u0430\u0434\u043e\u0440 \u0432\u0414\u0430\u043b\u0438"},"bonus_a":{"0":875,"1":0,"2":17,"3":1706,"4":0,"5":1384,"6":0,"7":0,"8":17,"9":0,"10":437},"bonus_b":{"0":132,"1":4,"2":45,"3":334,"4":0,"5":254,"6":86,"7":0,"8":45,"9":14,"10":111},"current_name":{"0":"6 LITroff","1":"\u0421\u0430\u043c-\u0411\u0443\u043a\u0430","2":"Windows 95","3":"Poker","4":"\u041f\u043e\u0440\u0442\u0443\u0433\u0430\u043b\u044c\u0441\u043a\u0438\u0439 \u041a\u043e\u0440\u0430\u0431\u043b\u0438\u043a","5":"7-40","6":"\u0422\u0443\u043f\u0435\u043b","7":"\u0413\u0430\u0435\u0447\u043a\u0430","8":"\u0421\u0430\u043d-\u041c\u0430\u0440\u0438\u043d\u0430","9":"Untied United","10":"\u0421\u0430\u043b\u044c\u0432\u0430\u0434\u043e\u0440 \u0432\u0414\u0430\u043b\u0438"},"d_bonus_a":{"0":875,"1":0,"2":17,"3":1706,"4":0,"5":1384,"6":99,"7":0,"8":17,"9":0,"10":437},"d_bonus_b":{"0":132,"1":4,"2":45,"3":334,"4":0,"5":254,"6":86,"7":0,"8":45,"9":14,"10":111},"d_diff_bonus":{"0":-61,"1":-24,"2":-44,"3":1,"4":-7,"5":217,"6":0,"7":0,"8":41,"9":14,"10":0},"diff_bonus":{"0":-61,"1":-24,"2":-44,"3":1,"4":-7,"5":217,"6":0,"7":0,"8":41,"9":14,"10":0},"idteam":{"0":8148,"1":37762,"2":41816,"3":45455,"4":45539,"5":50569,"6":54530,"7":54531,"8":54532,"9":54533,"10":54534},"included_in_rating":{"0":1,"1":1,"2":1,"3":1,"4":1,"5":1,"6":0,"7":1,"8":1,"9":1,"10":1},"mask":{"0":1.110010011e+47,"1":1.11100001e+47,"2":1.11001011e+47,"3":1.011111111e+47,"4":1.010010101e+47,"5":1.101101101e+46,"6":1.110100111e+46,"7":1.00001e+47,"8":1.01011011e+47,"9":1.110000011e+47,"10":1.01011001e+47},"position":{"0":3.0,"1":9.0,"2":6.5,"3":1.0,"4":10.0,"5":2.0,"6":5.0,"7":11.0,"8":6.5,"9":8.0,"10":4.0},"predicted_position":{"0":2.0,"1":6.0,"2":3.0,"3":1.0,"4":8.0,"5":7.0,"6":5.0,"7":10.5,"8":9.0,"9":10.5,"10":4.0},"questions_total":{"0":33,"1":23,"2":28,"3":43,"4":21,"5":35,"6":30,"7":20,"8":28,"9":26,"10":32},"tech_rating":{"0":1670,"1":301,"2":679,"3":1833,"4":106,"5":264,"6":530,"7":0,"8":33,"9":0,"10":608}}