{"base_name":{"0":"Top secret","1":"\u041c\u0413\u0422\u0423 - \u0412 \u0443\u0433\u043b\u0443","2":"\u041a\u0440\u043e\u0432\u043b\u044e \u041a\u0440\u043e\u043c\u0432\u0435\u043b\u044f \u0441\u043d\u0435\u0441\u043b\u043e","3":"\u041f\u0438\u0440\u043e\u0436\u043e\u043a \u0441 \u043a\u0430\u043f\u0443\u0441\u0442\u043e\u0439","4":"\u041c\u0413\u0422\u0423 etc.","5":"\u0410\u043b\u044c\u044f\u043d\u0441 \u0441\u0432\u0435\u0442\u0430","6":"\u0425\u0430\u0442\u0443\u043b\u044c \u041c\u0430\u0434\u0430\u043d","7":"\u041c\u0413\u0422\u0423 - \u041d\u0430 \u0433\u0440\u0430\u043d\u0438","8":"\u041a\u0430\u043f\u0435\u0440\u0438\u0442\u043e","9":"\u0410\u043d\u043d\u0438\u0433\u0438\u043b\u044f\u0446\u0438\u044f"},"bonus_a":{"0":2028,"1":0,"2":1453,"3":536,"4":0,"5":0,"6":2206,"7":0,"8":0,"9":0},"bonus_b":{"0":702,"1":342,"2":483,"3":213,"4":702,"5":483,"6":907,"7":44,"8":29,"9":97},"current_name":{"0":"Top secret","1":"\u041c\u0413\u0422\u0423 - \u0412 \u0443\u0433\u043b\u0443","2":"\u0415\u0434\u0438\u043c \u0434\u0438\u0437\u0430\u0439\u043d\u044b","3":"\u041f\u0438\u0440\u043e\u0436\u043e\u043a \u0441 \u043a\u0430\u043f\u0443\u0441\u0442\u043e\u0439","4":"\u041c\u0413\u0422\u0423 etc.","5":"\u0410\u043b\u044c\u044f\u043d\u0441 \u0441\u0432\u0435\u0442\u0430","6":"\u0425\u0430\u0442\u0443\u043b\u044c \u041c\u0430\u0434\u0430\u043d","7":"\u041c\u0413\u0422\u0423 - \u041d\u0430 \u0433\u0440\u0430\u043d\u0438","8":"\u041a\u0430\u043f\u0435\u0440\u0438\u0442\u043e","9":"\u0410\u043d\u043d\u0438\u0433\u0438\u043b\u044f\u0446\u0438\u044f"},"d_bonus_a":{"0":2028,"1":823,"2":1453,"3":536,"4":2028,"5":1453,"6":2206,"7":0,"8":0,"9":0},"d_bonus_b":{"0":702,"1":342,"2":483,"3":213,"4":702,"5":483,"6":907,"7":44,"8":29,"9":97},"d_diff_bonus":{"0":50,"1":-45,"2":-106,"3":-33,"4":-23,"5":90,"6":235,"7":-14,"8":-4,"9":34},"diff_bonus":{"0":50,"1":-45,"2":-106,"3":-33,"4":-23,"5":90,"6":235,"7":-14,"8":-4,"9":34},"idteam":{"0":166,"1":38734,"2":45585,"3":47173,"4":48052,"5":51402,"6":52350,"7":52368,"8":54812,"9":54889},"included_in_rating":{"0":1,"1":0,"2":0,"3":1,"4":0,"5":1,"6":1,"7":0,"8":1,"9":1},"mask":{"0":1.000101011e+31,"1":1.000001e+33,"2":1.0001e+31,"3":1.000000111e+34,"4":1.000100011e+35,"5":1.0101011e+31,"6":1.11010001e+35,"7":1.0000011e+34,"8":1.00100001e+20,"9":1.000001e+33},"position":{"0":2.5,"1":6.0,"2":4.5,"3":7.0,"4":2.5,"5":4.5,"6":1.0,"7":9.0,"8":10.0,"9":8.0},"predicted_position":{"0":3,"1":4,"2":1,"3":6,"4":2,"5":7,"6":5,"7":8,"8":9,"9":10},"questions_total":{"0":16,"1":12,"2":13,"3":11,"4":16,"5":13,"6":18,"7":6,"8":5,"9":9},"tech_rating":{"0":3158,"1":2775,"2":4671,"3":2162,"4":4570,"5":1515,"6":2494,"7":692,"8":275,"9":266}}