{"base_name":{"0":"\u0422\u0440\u0438 \u043e\u0431\u0435\u0437\u044c\u044f\u043d\u044b","1":"\u041f\u043e\u0441\u0442\u0443\u043c","2":"\u041b\u0435\u0433\u0438\u043e\u043d","3":"\u041d\u044f\u0445\u0430\u0439!","4":"Altavista","5":"\u041a\u043e\u0431\u0440\u044b","6":"\u0410\u0440\u0445\u0430\u0438\u043a\u0430","7":"\u041b-2","8":"\u041f\u0435\u0440\u0435\u0432\u0430\u043b \u0414\u044f\u0442\u043b\u043e\u0432","9":"\u0413\u0430\u0440\u0434\u0430\u0440\u0438\u043a\u0430","10":"\u041f\u043b\u0430\u043d \u0411","11":"\u041a\u0443\u0445\u0430\u0440.by","12":"\u041e\u0440\u0434\u0430"},"bonus_a":{"0":1696,"1":7,"2":444,"3":2075,"4":1928,"5":899,"6":1280,"7":0,"8":187,"9":0,"10":0,"11":0,"12":0},"bonus_b":{"0":276,"1":26,"2":99,"3":476,"4":350,"5":125,"6":175,"7":0,"8":66,"9":0,"10":7,"11":0,"12":7},"current_name":{"0":"\u0422\u0440\u0438 \u043e\u0431\u0435\u0437\u044c\u044f\u043d\u044b","1":"\u041f\u043e\u0441\u0442\u0443\u043c","2":"\u041b\u0435\u0433\u0438\u043e\u043d","3":"\u041d\u044f\u0445\u0430\u0439!","4":"Altavista","5":"\u041a\u043e\u0431\u0440\u044b","6":"\u0410\u0440\u0445\u0430\u0438\u043a\u0430","7":"\u041b-2","8":"\u041f\u0435\u0440\u0435\u0432\u0430\u043b \u0414\u044f\u0442\u043b\u043e\u0432","9":"\u0413\u0430\u0440\u0434\u0430\u0440\u0438\u043a\u0430","10":"\u041f\u043b\u0430\u043d \u0411","11":"\u041a\u0443\u0445\u0430\u0440.by","12":"\u041e\u0440\u0434\u0430"},"d_bonus_a":{"0":1696,"1":7,"2":444,"3":2075,"4":1928,"5":899,"6":1280,"7":0,"8":187,"9":0,"10":0,"11":0,"12":0},"d_bonus_b":{"0":276,"1":26,"2":99,"3":476,"4":350,"5":125,"6":175,"7":0,"8":66,"9":0,"10":7,"11":0,"12":7},"d_diff_bonus":{"0":-37,"1":0,"2":-13,"3":201,"4":-62,"5":-25,"6":109,"7":-2,"8":-17,"9":0,"10":-1,"11":0,"12":7},"diff_bonus":{"0":-37,"1":0,"2":-13,"3":201,"4":-62,"5":-25,"6":109,"7":-2,"8":-17,"9":0,"10":-1,"11":0,"12":7},"idteam":{"0":86,"1":4029,"2":4042,"3":7015,"4":27254,"5":33283,"6":38318,"7":45520,"8":52041,"9":54402,"10":54523,"11":54561,"12":54562},"included_in_rating":{"0":1,"1":1,"2":1,"3":1,"4":1,"5":1,"6":1,"7":1,"8":1,"9":1,"10":1,"11":1,"12":1},"mask":{"0":1.11001101e+44,"1":1e+42,"2":1.0000001e+34,"3":1.01000011e+44,"4":1.1100001e+44,"5":1.100000001e+43,"6":1.100000001e+43,"7":1000000.0,"8":1.00000001e+34,"9":0.0,"10":1e+43,"11":1e+19,"12":1.0001e+26},"position":{"0":3.0,"1":8.0,"2":6.0,"3":1.0,"4":2.0,"5":5.0,"6":4.0,"7":11.5,"8":7.0,"9":13.0,"10":9.5,"11":11.5,"12":9.5},"predicted_position":{"0":2,"1":8,"2":5,"3":3,"4":1,"5":4,"6":7,"7":10,"8":6,"9":12,"10":9,"11":12,"12":12},"questions_total":{"0":17,"1":3,"2":8,"3":21,"4":18,"5":10,"6":12,"7":1,"8":6,"9":0,"10":2,"11":1,"12":2},"tech_rating":{"0":1880,"1":188,"2":675,"3":1673,"4":2670,"5":994,"6":476,"7":32,"8":580,"9":0,"10":63,"11":0,"12":0}}