{"base_name":{"0":"\u0412\u0441\u043f\u043e\u043c\u043d\u0438\u0442\u044c \u0432\u0441\u0451","1":"\u041f\u043e\u043c\u043e\u0440\u044b","2":"\u041c\u041a","3":"\u041d\u0435 \u043f\u043e\u0434\u0430\u0440\u043e\u043a","4":"\u0423\u043a\u043e\u043b","5":"\u041b\u0430\u043d\u0433\u043e\u043b\u044c\u0435\u0440\u044b","6":"\u0414\u0435\u0442\u0438 \u041a\u0430\u043b\u0438\u043d\u043e\u0432\u0441\u043a\u043e\u0439"},"bonus_a":{"0":2219,"1":1897,"2":2175,"3":1684,"4":1375,"5":2014,"6":0},"bonus_b":{"0":602,"1":313,"2":492,"3":266,"4":173,"5":343,"6":364},"current_name":{"0":"\u0412\u0441\u043f\u043e\u043c\u043d\u0438\u0442\u044c \u0432\u0441\u0451","1":"\u041f\u043e\u043c\u043e\u0440\u044b","2":"\u041c\u041a","3":"\u041d\u0435 \u043f\u043e\u0434\u0430\u0440\u043e\u043a","4":"\u0423\u043a\u043e\u043b","5":"\u041b\u0430\u043d\u0433\u043e\u043b\u044c\u0435\u0440\u044b","6":"\u0414\u0435\u0442\u0438 \u041a\u0430\u043b\u0438\u043d\u043e\u0432\u0441\u043a\u043e\u0439"},"d_bonus_a":{"0":2219,"1":1897,"2":2175,"3":1684,"4":1375,"5":2014,"6":2089},"d_bonus_b":{"0":602,"1":313,"2":492,"3":266,"4":173,"5":343,"6":364},"d_diff_bonus":{"0":112,"1":-25,"2":180,"3":93,"4":-85,"5":78,"6":-118},"diff_bonus":{"0":112,"1":-25,"2":180,"3":93,"4":-85,"5":78,"6":-118},"idteam":{"0":263,"1":725,"2":2434,"3":3500,"4":3728,"5":37728,"6":43432},"included_in_rating":{"0":1,"1":1,"2":1,"3":1,"4":1,"5":1,"6":1},"mask":{"0":1.001011101e+167,"1":1.00101e+161,"2":1.0000001e+161,"3":1.100110001e+166,"4":1.10100001e+159,"5":1.100101001e+162,"6":1.000011e+163},"position":{"0":1,"1":5,"2":2,"3":6,"4":7,"5":4,"6":3},"predicted_position":{"0":2,"1":3,"2":5,"3":7,"4":4,"5":6,"6":1},"questions_total":{"0":104,"1":87,"2":89,"3":85,"4":78,"5":80,"6":86},"tech_rating":{"0":2834,"1":1762,"2":1646,"3":1585,"4":1701,"5":1642,"6":3255}}