{"base_name":{"0":"\u0421\u0435\u0440\u0433\u0435\u0438\u0447 33","1":"\u0422\u0435\u043e\u0440\u0438\u044f \u0431\u043e\u043b\u044c\u0448\u043e\u0433\u043e \u0441\u043b\u0438\u0432\u0430","2":"\u0422\u0438\u0445\u0443\u0430\u043d\u0430","3":"\u0420\u043e\u0436\u0434\u0451\u043d\u043d\u044b\u0435 \u043f\u043e\u0431\u0435\u0436\u0434\u0430\u0442\u044c","4":"Kit-Kat","5":"\u0414\u0414"},"bonus_a":{"0":4,"1":0,"2":0,"3":0,"4":0,"5":0},"bonus_b":{"0":10,"1":2,"2":0,"3":0,"4":0,"5":0},"current_name":{"0":"\u0421\u0435\u0440\u0433\u0435\u0438\u0447 33","1":"\u0422\u0435\u043e\u0440\u0438\u044f \u0431\u043e\u043b\u044c\u0448\u043e\u0433\u043e \u0441\u043b\u0438\u0432\u0430","2":"\u0422\u0438\u0445\u0443\u0430\u043d\u0430","3":"\u0420\u043e\u0436\u0434\u0451\u043d\u043d\u044b\u0435 \u043f\u043e\u0431\u0435\u0436\u0434\u0430\u0442\u044c","4":"Kit-Kat","5":"\u0414\u0414"},"d_bonus_a":{"0":4,"1":0,"2":0,"3":0,"4":0,"5":0},"d_bonus_b":{"0":10,"1":2,"2":0,"3":0,"4":0,"5":0},"d_diff_bonus":{"0":0,"1":2,"2":-1,"3":0,"4":0,"5":0},"diff_bonus":{"0":0,"1":2,"2":-1,"3":0,"4":0,"5":0},"idteam":{"0":49993,"1":51585,"2":53344,"3":53913,"4":53914,"5":53915},"included_in_rating":{"0":1,"1":1,"2":1,"3":1,"4":1,"5":1},"mask":{"0":1.100010101e+44,"1":1.10001e+44,"2":1e+43,"3":1.011000001e+43,"4":1e+44,"5":1.000100001e+43},"position":{"0":1,"1":2,"2":5,"3":3,"4":6,"5":4},"predicted_position":{"0":1.0,"1":4.5,"2":2.0,"3":4.5,"4":4.5,"5":4.5},"questions_total":{"0":16,"1":12,"2":4,"3":8,"4":3,"5":7},"tech_rating":{"0":80,"1":0,"2":14,"3":0,"4":0,"5":0}}