{"base_name":{"0":"\u0412\u0430-\u0431\u0430\u043d\u043a","1":"\u0410\u043b\u0442\u044b\u043d \u0410\u0441\u044b\u0440","2":"\u041a\u0430\u0430","3":"\u0427\u0451\u0440\u043d\u0430\u044f \u0436\u0435\u043c\u0447\u0443\u0436\u0438\u043d\u0430","4":"\u041f\u0430\u043f\u0438\u0440\u0443\u0441","5":"\u041b\u043e\u0433\u0438\u0441\u0442\u044b","6":"\u041c\u0422\u0421","7":"\u0412\u0438\u043a\u0442\u043e\u0440\u0438\u044f"},"bonus_a":{"0":1584,"1":1056,"2":185,"3":0,"4":0,"5":0,"6":1900,"7":0},"bonus_b":{"0":272,"1":200,"2":67,"3":0,"4":1,"5":1,"6":455,"7":1},"current_name":{"0":"\u0412\u0430-\u0431\u0430\u043d\u043a","1":"\u0410\u043b\u0442\u044b\u043d \u0410\u0441\u044b\u0440","2":"\u041a\u0430\u0430","3":"\u0427\u0451\u0440\u043d\u0430\u044f \u0436\u0435\u043c\u0447\u0443\u0436\u0438\u043d\u0430","4":"\u041f\u0430\u043f\u0438\u0440\u0443\u0441","5":"\u041b\u043e\u0433\u0438\u0441\u0442\u044b","6":"\u041c\u0422\u0421","7":"\u0412\u0438\u043a\u0442\u043e\u0440\u0438\u044f"},"d_bonus_a":{"0":1584,"1":1056,"2":185,"3":0,"4":0,"5":0,"6":1900,"7":0},"d_bonus_b":{"0":272,"1":200,"2":67,"3":0,"4":1,"5":1,"6":455,"7":1},"d_diff_bonus":{"0":-92,"1":-36,"2":0,"3":0,"4":0,"5":-1,"6":256,"7":1},"diff_bonus":{"0":-92,"1":-36,"2":0,"3":0,"4":0,"5":-1,"6":256,"7":1},"idteam":{"0":1223,"1":2318,"2":3780,"3":8121,"4":42045,"5":50599,"6":53485,"7":54387},"included_in_rating":{"0":1,"1":1,"2":1,"3":1,"4":1,"5":1,"6":1,"7":1},"mask":{"0":1.010100001e+58,"1":1.001e+58,"2":1e+58,"3":1.000000001e+20,"4":1e+43,"5":101000000000100.0,"6":1.1e+58,"7":1.00000001e+20},"position":{"0":2,"1":3,"2":4,"3":8,"4":6,"5":6,"6":1,"7":6},"predicted_position":{"0":1.0,"1":2.0,"2":4.0,"3":7.5,"4":6.0,"5":5.0,"6":3.0,"7":7.5},"questions_total":{"0":18,"1":15,"2":10,"3":2,"4":3,"5":3,"6":21,"7":3},"tech_rating":{"0":2822,"1":1517,"2":576,"3":0,"4":9,"5":23,"6":1479,"7":0}}