{"base_name":{"0":"\u041f\u043e\u043b\u0438\u0442\u0435\u0445","1":"\u0422\u0430\u043a\u0438\u0435 \u0434\u0435\u043b\u0430","2":"\u042b","3":"\u0410\u043b\u044c\u0442\u0430\u0438\u0440","4":"Alterego","5":"\u0416\u0430\u0434\u043d\u044b\u0439 \u043b\u0438\u0441\u0451\u043d\u043e\u043a","6":"\u0413\u0440\u0430\u0432\u0438\u0446\u0430\u043f\u0430","7":"\u0422\u0440\u0443\u0434\u043e\u0432\u044b\u0435 \u0440\u0435\u0437\u0435\u0440\u0432\u044b","8":"\u041f\u0435\u043b\u0430\u0440\u0433\u043e\u043d\u0438\u044f"},"bonus_a":{"0":914,"1":914,"2":1660,"3":1660,"4":914,"5":0,"6":0,"7":2002,"8":0},"bonus_b":{"0":251,"1":251,"2":407,"3":407,"4":251,"5":251,"6":537,"7":484,"8":66},"current_name":{"0":"\u041f\u043e\u043b\u0438\u0442\u0435\u0445","1":"\u041f\u043e\u0434 \u0444\u043b\u0430\u0433\u043e\u043c \u0445\u0432\u043e\u0439\u043d\u044b\u0445 \u043a\u0438\u0431\u043e\u0440\u0433\u043e\u0432 \u043f\u0440\u043e\u0445\u043e\u0434\u0438\u0442 \u043a\u0430\u0439\u043d\u043e\u0437\u043e\u0439","2":"\u042b","3":"\u0410\u043b\u044c\u0442\u0430\u0438\u0440","4":"Alterego","5":"\u0416\u0430\u0434\u043d\u044b\u0439 \u043b\u0438\u0441\u0451\u043d\u043e\u043a","6":"\u0420\u044b\u0436\u0430\u044f \u043a\u043e\u0448\u043a\u0430, \u0447\u0451\u0440\u043d\u044b\u0439 \u043a\u043e\u0442","7":"\u0422\u0440\u0443\u0434\u043e\u0432\u044b\u0435 \u0440\u0435\u0437\u0435\u0440\u0432\u044b","8":"\u041f\u0435\u043b\u0430\u0440\u0433\u043e\u043d\u0438\u044f"},"d_bonus_a":{"0":914,"1":914,"2":1660,"3":1660,"4":914,"5":914,"6":2132,"7":2002,"8":287},"d_bonus_b":{"0":251,"1":251,"2":407,"3":407,"4":251,"5":251,"6":537,"7":484,"8":66},"d_diff_bonus":{"0":93,"1":-59,"2":128,"3":87,"4":-46,"5":-9,"6":1,"7":53,"8":-67},"diff_bonus":{"0":93,"1":-59,"2":128,"3":87,"4":-46,"5":-9,"6":1,"7":53,"8":-67},"idteam":{"0":8865,"1":28599,"2":39883,"3":42509,"4":44533,"5":48095,"6":49124,"7":51069,"8":51590},"included_in_rating":{"0":1,"1":0,"2":1,"3":1,"4":0,"5":0,"6":0,"7":1,"8":0},"mask":{"0":1e+35,"1":1.0001e+19,"2":1.0010011e+32,"3":1.0001e+26,"4":1.01e+35,"5":1.000000001e+20,"6":1.010010101e+35,"7":1.01011e+35,"8":1e+25},"position":{"0":6.5,"1":6.5,"2":3.5,"3":3.5,"4":6.5,"5":6.5,"6":1.0,"7":2.0,"8":9.0},"predicted_position":{"0":9,"1":2,"2":8,"3":7,"4":3,"5":6,"6":1,"7":4,"8":5},"questions_total":{"0":3,"1":3,"2":6,"3":6,"4":3,"5":3,"6":13,"7":7,"8":2},"tech_rating":{"0":585,"1":2361,"2":1057,"3":1393,"4":2143,"5":1483,"6":2599,"7":1893,"8":1666}}