{"base_name":{"0":"42","1":"\u0414\u043e\u043c","2":"\u0412\u0435\u0440\u0435\u0442\u0435\u043d\u043e","3":"\u0424\u0438\u043a\u0443\u0441","4":"\u0410\u0431\u0437\u0430\u0446","5":"\u0412\u043f\u0435\u0440\u0451\u0434","6":"\u041a\u0443\u0437\u0438\u043d\u0430\u0442\u0440\u0430","7":"\u0410\u043d\u0442\u0438\u043b\u043e\u043f\u0430 \u0413\u043d\u0443","8":"\u0421\u043e\u0432\u0445\u043e\u0437 \u041f\u043e\u0431\u0435\u0434\u0430","9":"\u0412\u0440\u0435\u043c\u044f \u0438 \u0441\u0442\u0435\u043a\u043b\u043e","10":"BBQ in the Park","11":"\u041f\u043e\u043b\u0443\u0431\u043e\u0442\u0438\u043d\u043a\u0438 \u0438 \u041c\u043e\u0445\u043e\u0432\u0430\u044f \u0411\u043e\u0440\u043e\u0434\u0430"},"bonus_a":{"0":2029,"1":2104,"2":2177,"3":1538,"4":1931,"5":1181,"6":2104,"7":0,"8":1750,"9":816,"10":1181,"11":0},"bonus_b":{"0":461,"1":533,"2":739,"3":298,"4":408,"5":212,"6":533,"7":67,"8":358,"9":124,"10":212,"11":876},"current_name":{"0":"42","1":"\u0414\u043e\u043c","2":"\u0412\u0435\u0440\u0435\u0442\u0435\u043d\u043e","3":"\u0424\u0438\u043a\u0443\u0441","4":"\u0410\u0431\u0437\u0430\u0446","5":"\u0412\u043f\u0435\u0440\u0451\u0434","6":"\u041a\u0443\u0437\u0438\u043d\u0430\u0442\u0440\u0430","7":"\u0410\u043d\u0442\u0438\u043b\u043e\u043f\u0430 \u0413\u043d\u0443","8":"\u0421\u043e\u0432\u0445\u043e\u0437 \u041f\u043e\u0431\u0435\u0434\u0430","9":"\u0412\u0440\u0435\u043c\u044f \u0438 \u0441\u0442\u0435\u043a\u043b\u043e","10":"BBQ in the Park","11":"\u041f\u043e\u043b\u0443\u0431\u043e\u0442\u0438\u043d\u043a\u0438 \u0438 \u041c\u043e\u0445\u043e\u0432\u0430\u044f \u0411\u043e\u0440\u043e\u0434\u0430"},"d_bonus_a":{"0":2029,"1":2104,"2":2177,"3":1538,"4":1931,"5":1181,"6":2104,"7":469,"8":1750,"9":816,"10":1181,"11":2231},"d_bonus_b":{"0":461,"1":533,"2":739,"3":298,"4":408,"5":212,"6":533,"7":67,"8":358,"9":124,"10":212,"11":876},"d_diff_bonus":{"0":1,"1":176,"2":3,"3":62,"4":-47,"5":25,"6":-171,"7":-29,"8":-24,"9":57,"10":-43,"11":319},"diff_bonus":{"0":1,"1":176,"2":3,"3":62,"4":-47,"5":25,"6":-171,"7":-29,"8":-24,"9":57,"10":-43,"11":319},"idteam":{"0":645,"1":1099,"2":1966,"3":4975,"4":5242,"5":37690,"6":38917,"7":40399,"8":40400,"9":44805,"10":51471,"11":54761},"included_in_rating":{"0":1,"1":1,"2":1,"3":1,"4":1,"5":1,"6":1,"7":0,"8":1,"9":1,"10":1,"11":0},"mask":{"0":1.101100011e+74,"1":1.01000011e+73,"2":1.111100011e+74,"3":1.01100011e+73,"4":1.011110011e+74,"5":1.001e+74,"6":1.111010111e+73,"7":1.00011e+74,"8":1.100100001e+74,"9":1.001000001e+74,"10":1.011010001e+71,"11":1.111110011e+74},"position":{"0":5.0,"1":3.5,"2":2.0,"3":8.0,"4":6.0,"5":9.5,"6":3.5,"7":12.0,"8":7.0,"9":11.0,"10":9.5,"11":1.0},"predicted_position":{"0":5,"1":7,"2":2,"3":9,"4":4,"5":10,"6":1,"7":11,"8":6,"9":12,"10":8,"11":3},"questions_total":{"0":41,"1":43,"2":49,"3":32,"4":38,"5":26,"6":43,"7":20,"8":33,"9":25,"10":26,"11":57},"tech_rating":{"0":2353,"1":1910,"2":4184,"3":1301,"4":2492,"5":1139,"6":4634,"7":830,"8":2093,"9":611,"10":1644,"11":2833}}