{"base_name":{"0":"Challenge","1":"\u0421\u043e\u043b\u044c\u0410\u0440\u0445\u0430","2":"\u0428\u0430\u0445\u0442\u0451\u0440\u044b","3":"\u041a\u0430\u0442\u044f \u043d\u0430\u0441 \u0437\u0430\u0441\u0442\u0430\u0432\u0438\u043b\u0430","4":"\u0412\u0418\u041f","5":"\u042d\u043a\u043e - \u0448\u0435\u0441\u0442\u044c","6":"\u0421\u043e\u0432\u0443\u0448\u043a\u0438","7":"\u0411\u0430\u0448\u0435\u0442\u0443\u043d\u043c\u0430\u0439","8":"\u0418\u043c\u043f\u0435\u0440\u0438\u044f","9":"\u0412\u0437\u0440\u044b\u0432\u043d\u044b\u0435 \u0440\u0435\u0431\u044f\u0442\u0430","10":"\u041f\u043e\u043b\u0443\u0444\u0430\u0431\u0440\u0438\u043a\u0430\u0442\u044b","11":"\u0416\u0435\u043d\u0441\u043a\u0430\u044f \u043b\u0438\u0433\u0430"},"bonus_a":{"0":0,"1":0,"2":0,"3":85,"4":0,"5":0,"6":0,"7":0,"8":0,"9":0,"10":0,"11":0},"bonus_b":{"0":0,"1":11,"2":0,"3":37,"4":0,"5":0,"6":0,"7":0,"8":0,"9":0,"10":0,"11":0},"current_name":{"0":"Challenge","1":"\u0421\u043e\u043b\u044c\u0410\u0440\u0445\u0430","2":"\u0428\u0430\u0445\u0442\u0451\u0440\u044b","3":"\u041a\u0430\u0442\u044f \u043d\u0430\u0441 \u0437\u0430\u0441\u0442\u0430\u0432\u0438\u043b\u0430","4":"\u0412\u0418\u041f","5":"\u042d\u043a\u043e - \u0448\u0435\u0441\u0442\u044c","6":"\u0421\u043e\u0432\u0443\u0448\u043a\u0438","7":"\u0411\u0430\u0448\u0435\u0442\u0443\u043d\u043c\u0430\u0439","8":"\u0418\u043c\u043f\u0435\u0440\u0438\u044f","9":"\u0412\u0437\u0440\u044b\u0432\u043d\u044b\u0435 \u0440\u0435\u0431\u044f\u0442\u0430","10":"\u041f\u043e\u043b\u0443\u0444\u0430\u0431\u0440\u0438\u043a\u0430\u0442\u044b","11":"\u0416\u0435\u043d\u0441\u043a\u0430\u044f \u043b\u0438\u0433\u0430"},"d_bonus_a":{"0":0,"1":0,"2":0,"3":85,"4":0,"5":0,"6":0,"7":0,"8":0,"9":0,"10":0,"11":0},"d_bonus_b":{"0":0,"1":11,"2":0,"3":37,"4":0,"5":0,"6":0,"7":0,"8":0,"9":0,"10":0,"11":0},"d_diff_bonus":{"0":0,"1":-13,"2":0,"3":26,"4":0,"5":0,"6":0,"7":0,"8":0,"9":0,"10":0,"11":0},"diff_bonus":{"0":0,"1":-13,"2":0,"3":26,"4":0,"5":0,"6":0,"7":0,"8":0,"9":0,"10":0,"11":0},"idteam":{"0":50582,"1":52074,"2":52075,"3":54582,"4":54583,"5":54584,"6":54585,"7":54586,"8":54587,"9":54588,"10":54589,"11":54590},"included_in_rating":{"0":1,"1":1,"2":0,"3":1,"4":1,"5":1,"6":1,"7":1,"8":1,"9":1,"10":1,"11":1},"mask":{"0":1.01001e+33,"1":1.11101111e+33,"2":1e+25,"3":1.110101011e+34,"4":1.11010101e+34,"5":1.1100001e+34,"6":100000000000.0,"7":1e+34,"8":1.00001e+33,"9":1.0000001e+28,"10":1.1100101e+35,"11":1.100100001e+34},"position":{"0":6.5,"1":2.0,"2":10.0,"3":1.0,"4":3.0,"5":4.0,"6":12.0,"7":10.0,"8":6.5,"9":10.0,"10":6.5,"11":6.5},"predicted_position":{"0":7.5,"1":1.0,"2":7.5,"3":2.0,"4":7.5,"5":7.5,"6":7.5,"7":7.5,"8":7.5,"9":7.5,"10":7.5,"11":7.5},"questions_total":{"0":6,"1":19,"2":3,"3":20,"4":13,"5":9,"6":1,"7":3,"8":6,"9":3,"10":6,"11":6},"tech_rating":{"0":0,"1":282,"2":0,"3":99,"4":0,"5":0,"6":0,"7":0,"8":0,"9":0,"10":0,"11":0}}