{"base_name":{"0":"\u042d\u043c\u0441\u0438-\u042d\u043c\u0441\u0438","1":"\u0421\u0442\u043e\u043b\u0438\u0447\u043d\u044b\u0435 \u043b\u043e\u0431\u0441\u0442\u0435\u0440\u044b","2":"\u0414\u0435\u0442\u0438 \u043a\u0430\u043f\u0438\u0442\u0430\u043d\u0430 \u0412\u0440\u0443\u043d\u0433\u0435\u043b\u044f","3":"Primus inter pares","4":"\u041c\u044b-6","5":"\u0401\u043b\u043a\u0438 \u043d\u0430 \u0433\u043e\u0440\u043a\u0435","6":"\u0411\u044b\u043b\u0430 \u043d\u0435 \u0431\u044b\u043b\u0430","7":"\u0421\u0430\u043b\u043e \u0432 \u0448\u043e\u043a\u043e\u043b\u0430\u0434\u0435","8":"\u041a\u0438\u0440\u0430 \u041a\u043e\u0440\u043f\u0438","9":"\u041f\u0430\u0445\u043e\u043c \u041f\u0438\u0445\u0430\u0439","10":"Ctrl+F","11":"301"},"bonus_a":{"0":1706,"1":921,"2":1515,"3":251,"4":1864,"5":0,"6":251,"7":251,"8":921,"9":2081,"10":0,"11":1320},"bonus_b":{"0":281,"1":144,"2":220,"3":66,"4":339,"5":21,"6":66,"7":66,"8":144,"9":991,"10":0,"11":188},"current_name":{"0":"\u042d\u043c\u0441\u0438-\u042d\u043c\u0441\u0438","1":"\u0421\u0442\u043e\u043b\u0438\u0447\u043d\u044b\u0435 \u043b\u043e\u0431\u0441\u0442\u0435\u0440\u044b","2":"\u0414\u0435\u0442\u0438 \u043a\u0430\u043f\u0438\u0442\u0430\u043d\u0430 \u0412\u0440\u0443\u043d\u0433\u0435\u043b\u044f","3":"Primus inter pares","4":"\u041c\u044b-6","5":"\u0401\u043b\u043a\u0438 \u043d\u0430 \u0433\u043e\u0440\u043a\u0435","6":"\u0411\u044b\u043b\u0430 \u043d\u0435 \u0431\u044b\u043b\u0430","7":"\u0421\u0430\u043b\u043e \u0432 \u0448\u043e\u043a\u043e\u043b\u0430\u0434\u0435","8":"\u041a\u0438\u0440\u0430 \u041a\u043e\u0440\u043f\u0438","9":"\u041f\u0430\u0445\u043e\u043c \u041f\u0438\u0445\u0430\u0439","10":"Ctrl+F","11":"301"},"d_bonus_a":{"0":1706,"1":921,"2":1515,"3":251,"4":1864,"5":0,"6":251,"7":251,"8":921,"9":2081,"10":0,"11":1320},"d_bonus_b":{"0":281,"1":144,"2":220,"3":66,"4":339,"5":21,"6":66,"7":66,"8":144,"9":991,"10":0,"11":188},"d_diff_bonus":{"0":61,"1":-9,"2":-60,"3":-17,"4":59,"5":0,"6":15,"7":0,"8":18,"9":7,"10":0,"11":0},"diff_bonus":{"0":61,"1":-9,"2":-60,"3":-17,"4":59,"5":0,"6":15,"7":0,"8":18,"9":7,"10":0,"11":0},"idteam":{"0":129,"1":130,"2":133,"3":3522,"4":3950,"5":10401,"6":28216,"7":28299,"8":41538,"9":42483,"10":53148,"11":53868},"included_in_rating":{"0":1,"1":1,"2":1,"3":1,"4":1,"5":1,"6":1,"7":1,"8":1,"9":1,"10":1,"11":1},"mask":{"0":1.0101101e+44,"1":1.000100011e+39,"2":1.1001111e+44,"3":1.110000001e+40,"4":1.00110101e+43,"5":1.011e+40,"6":1.0001e+44,"7":1.100101001e+43,"8":1.00111001e+42,"9":1.100111111e+44,"10":1e+44,"11":1.000111101e+44},"position":{"0":3.0,"1":6.5,"2":4.0,"3":9.0,"4":2.0,"5":11.0,"6":9.0,"7":9.0,"8":6.5,"9":1.0,"10":12.0,"11":5.0},"predicted_position":{"0":4,"1":6,"2":2,"3":8,"4":3,"5":11,"6":10,"7":9,"8":7,"9":1,"10":12,"11":5},"questions_total":{"0":22,"1":14,"2":21,"3":13,"4":24,"5":9,"6":13,"7":13,"8":14,"9":37,"10":7,"11":16},"tech_rating":{"0":1134,"1":886,"2":1778,"3":605,"4":1528,"5":189,"6":359,"7":364,"8":678,"9":7365,"10":3,"11":958}}