{"base_name":{"0":"\u0414\u043a\u0421","1":"\u041c\u043e\u043a\u0440\u043e\u0435 \u0434\u0435\u043b\u043e","2":"\u0412 \u0431\u0435\u043b\u044b\u0445 \u0442\u0430\u043f\u043e\u0447\u043a\u0430\u0445","3":"\u041a\u0430\u0442\u0430\u0440\u0441\u0438\u0441","4":"\u0414\u043e\u043c\u0438\u043d\u043e","5":"\u0412\u0435\u0433\u0430"},"bonus_a":{"0":0,"1":0,"2":475,"3":0,"4":0,"5":0},"bonus_b":{"0":3,"1":3,"2":71,"3":9,"4":22,"5":1},"current_name":{"0":"\u0414\u043a\u0421","1":"\u041c\u043e\u043a\u0440\u043e\u0435 \u0434\u0435\u043b\u043e","2":"\u0412 \u0431\u0435\u043b\u044b\u0445 \u0442\u0430\u043f\u043e\u0447\u043a\u0430\u0445","3":"\u041a\u0430\u0442\u0430\u0440\u0441\u0438\u0441","4":"\u0414\u043e\u043c\u0438\u043d\u043e","5":"\u0412\u0435\u0433\u0430"},"d_bonus_a":{"0":0,"1":0,"2":475,"3":0,"4":0,"5":0},"d_bonus_b":{"0":3,"1":3,"2":71,"3":9,"4":22,"5":1},"d_diff_bonus":{"0":-3,"1":1,"2":67,"3":-7,"4":-25,"5":0},"diff_bonus":{"0":-3,"1":1,"2":67,"3":-7,"4":-25,"5":0},"idteam":{"0":310,"1":372,"2":3295,"3":44726,"4":47399,"5":54288},"included_in_rating":{"0":1,"1":1,"2":1,"3":1,"4":1,"5":1},"mask":{"0":1.011000001e+44,"1":1.100000111e+43,"2":1.101100011e+43,"3":1.00000001e+43,"4":1.010011001e+44,"5":1.1e+33},"position":{"0":4.5,"1":4.5,"2":1.0,"3":3.0,"4":2.0,"5":6.0},"predicted_position":{"0":3,"1":5,"2":4,"3":2,"4":1,"5":6},"questions_total":{"0":11,"1":11,"2":16,"3":12,"4":13,"5":7},"tech_rating":{"0":64,"1":12,"2":26,"3":162,"4":549,"5":9}}