{"base_name":{"0":"\u0410\u0421\u0421\u0410","1":"\u0410\u0439\u0430\u0441\u0442\u0430\u043d","2":"\u041f\u0435\u0440\u0435\u0437\u0430\u0433\u0440\u0443\u0437\u043a\u0430","3":"\u0414\u0432\u0438\u043d","4":"\u041d\u0435\u043c\u0435\u0437\u0438\u0441","5":"\u041d\u0423\u0418\u0425","6":"\u042d\u0444\u0444\u0435\u043a\u0442 \u041f\u0430\u0443\u043b\u0438","7":"Whiplash","8":"\u041f\u0441\u0438\u0445\u0435\u044f","9":"\u041f\u0440\u043e\u043c\u0435\u0442\u0435\u0439","10":"\u041e\u0440\u0444\u0435\u0439"},"bonus_a":{"0":769,"1":1145,"2":2252,"3":2192,"4":2039,"5":2252,"6":2039,"7":1672,"8":0,"9":359,"10":1672},"bonus_b":{"0":110,"1":152,"2":803,"3":515,"4":394,"5":803,"6":394,"7":275,"8":186,"9":45,"10":275},"current_name":{"0":"\u0410\u0421\u0421\u0410","1":"\u0410\u0439\u0430\u0441\u0442\u0430\u043d","2":"\u041f\u0435\u0440\u0435\u0437\u0430\u0433\u0440\u0443\u0437\u043a\u0430","3":"\u0414\u0432\u0438\u043d","4":"\u041d\u0435\u043c\u0435\u0437\u0438\u0441","5":"\u041d\u0423\u0418\u0425","6":"\u042d\u0444\u0444\u0435\u043a\u0442 \u041f\u0430\u0443\u043b\u0438","7":"Whiplash","8":"\u041f\u0441\u0438\u0445\u0435\u044f","9":"\u041f\u0440\u043e\u043c\u0435\u0442\u0435\u0439","10":"\u041e\u0440\u0444\u0435\u0439"},"d_bonus_a":{"0":769,"1":1145,"2":2252,"3":2192,"4":2039,"5":2252,"6":2039,"7":1672,"8":1334,"9":359,"10":1672},"d_bonus_b":{"0":110,"1":152,"2":803,"3":515,"4":394,"5":803,"6":394,"7":275,"8":186,"9":45,"10":275},"d_diff_bonus":{"0":-21,"1":-139,"2":-43,"3":1,"4":37,"5":97,"6":209,"7":28,"8":51,"9":0,"10":-14},"diff_bonus":{"0":-21,"1":-139,"2":-43,"3":1,"4":37,"5":97,"6":209,"7":28,"8":51,"9":0,"10":-14},"idteam":{"0":149,"1":245,"2":640,"3":1025,"4":3301,"5":5141,"6":38400,"7":38816,"8":42358,"9":42909,"10":51169},"included_in_rating":{"0":1,"1":1,"2":1,"3":1,"4":1,"5":1,"6":1,"7":1,"8":1,"9":1,"10":1},"mask":{"0":1.00000011e+29,"1":1.0110011e+35,"2":1.011010101e+35,"3":1.011011101e+35,"4":1.001010101e+35,"5":1.00101111e+35,"6":1.101111e+33,"7":1.01101011e+35,"8":1.010011001e+35,"9":1.00011e+33,"10":1.0110011e+35},"position":{"0":10.0,"1":9.0,"2":1.5,"3":3.0,"4":4.5,"5":1.5,"6":4.5,"7":6.5,"8":8.0,"9":11.0,"10":6.5},"predicted_position":{"0":9,"1":4,"2":1,"3":3,"4":5,"5":2,"6":8,"7":7,"8":10,"9":11,"10":6},"questions_total":{"0":7,"1":10,"2":19,"3":14,"4":13,"5":19,"6":13,"7":12,"8":11,"9":6,"10":12},"tech_rating":{"0":883,"1":2282,"2":4940,"3":2747,"4":1894,"5":4139,"6":1011,"7":1402,"8":801,"9":414,"10":1633}}