{"base_name":{"0":"\u0417\u0435\u043b\u0451\u043d\u044b\u0439 \u0442\u0440\u0430\u043c\u0432\u0430\u0439","1":"\u041e\u0430\u0437\u0438\u0441","2":"\u041a\u0430\u0440\u0442 \u0431\u043b\u0430\u043d\u0448","3":"Pokerface","4":"Savage","5":"Alterego","6":"451","7":"\u041d\u0430\u0441\u043c\u0430\u0440\u043a\u0443"},"bonus_a":{"0":2260,"1":1939,"2":1087,"3":2235,"4":2188,"5":2099,"6":0,"7":1626},"bonus_b":{"0":686,"1":415,"2":262,"3":628,"4":592,"5":528,"6":144,"7":350},"current_name":{"0":"\u0417\u0435\u043b\u0451\u043d\u044b\u0439 \u0442\u0440\u0430\u043c\u0432\u0430\u0439","1":"\u041e\u0430\u0437\u0438\u0441","2":"\u041a\u0430\u0440\u0442 \u0431\u043b\u0430\u043d\u0448","3":"Pokerface","4":"Savage","5":"Alterego","6":"451","7":"\u041d\u0430\u0441\u043c\u0430\u0440\u043a\u0443"},"d_bonus_a":{"0":2260,"1":1939,"2":1087,"3":2235,"4":2188,"5":2099,"6":432,"7":1626},"d_bonus_b":{"0":686,"1":415,"2":262,"3":628,"4":592,"5":528,"6":144,"7":350},"d_diff_bonus":{"0":60,"1":1,"2":-44,"3":38,"4":-45,"5":1,"6":0,"7":89},"diff_bonus":{"0":60,"1":1,"2":-44,"3":38,"4":-45,"5":1,"6":0,"7":89},"idteam":{"0":405,"1":2765,"2":6178,"3":42252,"4":42558,"5":44533,"6":51411,"7":51543},"included_in_rating":{"0":1,"1":1,"2":0,"3":1,"4":1,"5":1,"6":0,"7":1},"mask":{"0":1.111100011e+55,"1":1.110000011e+63,"2":1.100000011e+63,"3":1.111000011e+63,"4":1.111111011e+63,"5":1.110000011e+63,"6":1.000000011e+63,"7":1.11e+63},"position":{"0":1,"1":5,"2":7,"3":2,"4":3,"5":4,"6":8,"7":6},"predicted_position":{"0":2,"1":5,"2":6,"3":3,"4":1,"5":4,"6":8,"7":7},"questions_total":{"0":31,"1":14,"2":13,"3":29,"4":28,"5":23,"6":10,"7":11},"tech_rating":{"0":3021,"1":2184,"2":1989,"3":2987,"4":3384,"5":2919,"6":1308,"7":1734}}