{"base_name":{"0":"\u0418\u043c\u043f\u0435\u0440\u0438\u044f \u041c\u0435\u0433\u0430\u0425\u0443\u0449","1":"\u0421\u0431\u043e\u0440\u043d\u0430\u044f \u0411\u0440\u0430\u0437\u0438\u043b\u0438\u0438","2":"\u0421\u0435\u0432\u0435\u0440\u043d\u043e\u0435 \u0441\u0438\u044f\u043d\u0438\u0435","3":"\u0414\u043e\u043c \u0443 \u0434\u043e\u0440\u043e\u0433\u0438","4":"\u0422\u0440\u0430\u0434\u0438\u0446\u0438\u0438 \u041e\u0421","5":"\u041f\u043b\u0435\u043a\u043e\u0437\u0435\u0444","6":"Diamond","7":"AD","8":"\u041c\u043e\u043b\u043e\u0434\u0430\u044f \u0420\u043e\u0441\u0441\u0438\u044f"},"bonus_a":{"0":1828,"1":1463,"2":709,"3":229,"4":928,"5":91,"6":0,"7":150,"8":2},"bonus_b":{"0":301,"1":230,"2":83,"3":61,"4":111,"5":16,"6":0,"7":32,"8":0},"current_name":{"0":"\u0418\u043c\u043f\u0435\u0440\u0438\u044f \u041c\u0435\u0433\u0430\u0425\u0443\u0449","1":"\u0421\u0431\u043e\u0440\u043d\u0430\u044f \u0411\u0440\u0430\u0437\u0438\u043b\u0438\u0438","2":"\u0421\u0435\u0432\u0435\u0440\u043d\u043e\u0435 \u0441\u0438\u044f\u043d\u0438\u0435","3":"\u0414\u043e\u043c \u0443 \u0434\u043e\u0440\u043e\u0433\u0438","4":"\u0422\u0440\u0430\u0434\u0438\u0446\u0438\u0438 \u041e\u0421","5":"\u041f\u043b\u0435\u043a\u043e\u0437\u0435\u0444","6":"Diamond","7":"AD","8":"\u041c\u043e\u043b\u043e\u0434\u0430\u044f \u0420\u043e\u0441\u0441\u0438\u044f"},"d_bonus_a":{"0":1828,"1":1463,"2":709,"3":229,"4":928,"5":91,"6":0,"7":150,"8":2},"d_bonus_b":{"0":301,"1":230,"2":83,"3":61,"4":111,"5":16,"6":0,"7":32,"8":0},"d_diff_bonus":{"0":0,"1":0,"2":0,"3":45,"4":0,"5":-23,"6":0,"7":0,"8":0},"diff_bonus":{"0":0,"1":0,"2":0,"3":45,"4":0,"5":-23,"6":0,"7":0,"8":0},"idteam":{"0":8481,"1":27392,"2":39228,"3":44792,"4":48140,"5":49156,"6":49260,"7":49368,"8":54706},"included_in_rating":{"0":1,"1":1,"2":1,"3":1,"4":1,"5":1,"6":0,"7":1,"8":1},"mask":{"0":1.00001001e+185,"1":1.1001e+187,"2":1.000001e+177,"3":1.000000011e+177,"4":1.0001e+185,"5":1e+171,"6":1.1e+130,"7":1.00000001e+179,"8":1e+179},"position":{"0":1,"1":2,"2":4,"3":5,"4":3,"5":7,"6":9,"7":6,"8":8},"predicted_position":{"0":1,"1":2,"2":4,"3":7,"4":3,"5":5,"6":8,"7":6,"8":9},"questions_total":{"0":90,"1":86,"2":49,"3":41,"4":53,"5":27,"6":16,"7":37,"8":18},"tech_rating":{"0":1701,"1":1600,"2":483,"3":150,"4":629,"5":413,"6":1,"7":218,"8":0}}