{"base_name":{"0":"La Sagrada Familia","1":"\u041d\u0430\u0447\u0430\u043b\u043e \u0432\u0442\u043e\u0440\u043e\u0433\u043e \u0422\u043e\u043c\u0430","2":"\u041a\u0440\u0435\u0430\u0442\u0438\u0432","3":"\u0411\u043e\u0440\u0449","4":"Sakashii na Tenshi","5":"\u041e\u0442\u0434\u0435\u043b \u043a\u0430\u0434\u0440\u043e\u0432","6":"6 \u043a 1","7":"\u0414\u0432\u043e\u0439\u043d\u043e\u0439 \u0441\u0430\u0440\u043a\u0430\u0437\u043c","8":"\u0428\u0418\u041a","9":"\u0427\u041f","10":"\u0421\u0432\u043e\u0431\u043e\u0434\u043d\u043e\u0435 \u043c\u0435\u0441\u0442\u043e","11":"\u041a\u043e\u043c\u0430\u043d\u0434\u0430 \u0410"},"bonus_a":{"0":1676,"1":2104,"2":2024,"3":1866,"4":1307,"5":852,"6":2152,"7":170,"8":265,"9":395,"10":591,"11":735},"bonus_b":{"0":257,"1":459,"2":396,"3":339,"4":159,"5":94,"6":493,"7":17,"8":32,"9":43,"10":56,"11":69},"current_name":{"0":"La Sagrada Familia","1":"\u041d\u0430\u0447\u0430\u043b\u043e \u0432\u0442\u043e\u0440\u043e\u0433\u043e \u0422\u043e\u043c\u0430","2":"\u041a\u0440\u0435\u0430\u0442\u0438\u0432","3":"\u0411\u043e\u0440\u0449","4":"Sakashii na Tenshi","5":"\u041e\u0442\u0434\u0435\u043b \u043a\u0430\u0434\u0440\u043e\u0432","6":"6 \u043a 1","7":"\u0414\u0432\u043e\u0439\u043d\u043e\u0439 \u0441\u0430\u0440\u043a\u0430\u0437\u043c","8":"\u0428\u0418\u041a","9":"\u0427\u041f","10":"\u0421\u0432\u043e\u0431\u043e\u0434\u043d\u043e\u0435 \u043c\u0435\u0441\u0442\u043e","11":"\u041a\u043e\u043c\u0430\u043d\u0434\u0430 \u0410"},"d_bonus_a":{"0":1676,"1":2104,"2":2024,"3":1866,"4":1307,"5":852,"6":2152,"7":170,"8":265,"9":395,"10":591,"11":735},"d_bonus_b":{"0":257,"1":459,"2":396,"3":339,"4":159,"5":94,"6":493,"7":17,"8":32,"9":43,"10":56,"11":69},"d_diff_bonus":{"0":0,"1":1,"2":1,"3":1,"4":0,"5":0,"6":1,"7":0,"8":-6,"9":11,"10":-7,"11":13},"diff_bonus":{"0":0,"1":1,"2":1,"3":1,"4":0,"5":0,"6":1,"7":0,"8":-6,"9":11,"10":-7,"11":13},"idteam":{"0":567,"1":654,"2":1106,"3":1122,"4":7105,"5":7884,"6":28226,"7":39159,"8":42695,"9":47009,"10":47557,"11":48381},"included_in_rating":{"0":1,"1":1,"2":1,"3":1,"4":1,"5":1,"6":1,"7":1,"8":1,"9":1,"10":1,"11":1},"mask":{"0":1.11101111e+59,"1":1.101111101e+59,"2":1.101011111e+59,"3":1.110111011e+58,"4":1.001011101e+59,"5":1.011011001e+59,"6":1.01110111e+59,"7":1.001001001e+59,"8":1.010001e+59,"9":1.010110001e+58,"10":1.0010011e+59,"11":1.010001001e+59},"position":{"0":5,"1":2,"2":3,"3":4,"4":6,"5":7,"6":1,"7":12,"8":11,"9":10,"10":9,"11":8},"predicted_position":{"0":5,"1":2,"2":3,"3":4,"4":6,"5":7,"6":1,"7":12,"8":10,"9":11,"10":8,"11":9},"questions_total":{"0":39,"1":46,"2":43,"3":42,"4":35,"5":26,"6":47,"7":17,"8":18,"9":19,"10":24,"11":25},"tech_rating":{"0":1630,"1":2389,"2":2077,"3":1926,"4":1028,"5":544,"6":2419,"7":160,"8":250,"9":211,"10":375,"11":312}}