{"base_name":{"0":"\u0411\u0440\u044e\u0441\u0441\u0435\u043b\u044c\u0441\u043a\u0438\u0435","1":"\u041c\u0438\u0441\u0442\u0435\u0440\u0438\u044f","2":"\u041f\u0438 \u043a\u0432\u0430\u0434\u0440\u0430\u0442","3":"7Hz","4":"\u0418\u043c\u043f\u0443\u043b\u044c\u0441","5":"\u0411\u0435\u0448\u043f\u0430\u043d\u0436\u0430","6":"\u041f\u0430\u0445\u0442\u0430\u043a\u043e\u0440","7":"\u0411\u0438\u0441","8":"Budlight","9":"Metal X","10":"\u041a\u043e\u0433\u0442\u0435\u0432\u0440\u0430\u043d","11":"Koinot","12":"\u0414\u0443\u0440\u043d\u043e\u0435 \u041e\u0431\u0449\u0435\u0441\u0442\u0432\u043e","13":"\u0412-612"},"bonus_a":{"0":11,"1":0,"2":1869,"3":2159,"4":0,"5":995,"6":1537,"7":120,"8":0,"9":0,"10":995,"11":1537,"12":0,"13":0},"bonus_b":{"0":15,"1":507,"2":399,"3":562,"4":129,"5":129,"6":286,"7":32,"8":11,"9":8,"10":129,"11":286,"12":2,"13":0},"current_name":{"0":"\u0411\u0440\u044e\u0441\u0441\u0435\u043b\u044c\u0441\u043a\u0438\u0435","1":"\u041c\u044b\u041c\u0438\u043d\u043e","2":"\u041f\u0438 \u043a\u0432\u0430\u0434\u0440\u0430\u0442","3":"7Hz","4":"\u0418\u043c\u043f\u0443\u043b\u044c\u0441","5":"\u0411\u0435\u0448\u043f\u0430\u043d\u0436\u0430","6":"\u041f\u0430\u0445\u0442\u0430\u043a\u043e\u0440","7":"\u0411\u0438\u0441","8":"Budlight","9":"Metal X","10":"\u041a\u043e\u0433\u0442\u0435\u0432\u0440\u0430\u043d","11":"Koinot","12":"\u0414\u0443\u0440\u043d\u043e\u0435 \u041e\u0431\u0449\u0435\u0441\u0442\u0432\u043e","13":"\u0412-612"},"d_bonus_a":{"0":11,"1":2062,"2":1869,"3":2159,"4":995,"5":995,"6":1537,"7":120,"8":0,"9":0,"10":995,"11":1537,"12":0,"13":0},"d_bonus_b":{"0":15,"1":507,"2":399,"3":562,"4":129,"5":129,"6":286,"7":32,"8":11,"9":8,"10":129,"11":286,"12":2,"13":0},"d_diff_bonus":{"0":4,"1":-27,"2":271,"3":57,"4":-61,"5":-135,"6":-18,"7":-81,"8":-41,"9":6,"10":97,"11":278,"12":-7,"13":0},"diff_bonus":{"0":4,"1":-27,"2":271,"3":57,"4":-61,"5":-135,"6":-18,"7":-81,"8":-41,"9":6,"10":97,"11":278,"12":-7,"13":0},"idteam":{"0":815,"1":2909,"2":4146,"3":4156,"4":5350,"5":8189,"6":28587,"7":45419,"8":48054,"9":50198,"10":54468,"11":54697,"12":55193,"13":55194},"included_in_rating":{"0":1,"1":1,"2":1,"3":1,"4":0,"5":1,"6":1,"7":1,"8":1,"9":1,"10":1,"11":1,"12":0,"13":0},"mask":{"0":1.001011001e+34,"1":1.11110111e+35,"2":1.011011101e+35,"3":1.101011111e+35,"4":1.01111011e+34,"5":1.011010101e+35,"6":1.111100111e+35,"7":1.01011011e+34,"8":1.0101101e+33,"9":1.001001001e+35,"10":1.110101101e+34,"11":1.01101011e+35,"12":1.000000011e+34,"13":1.01001e+22},"position":{"0":10.0,"1":2.0,"2":3.0,"3":1.0,"4":7.0,"5":7.0,"6":4.5,"7":9.0,"8":11.0,"9":12.0,"10":7.0,"11":4.5,"12":13.0,"13":14.0},"predicted_position":{"0":11,"1":1,"2":7,"3":2,"4":5,"5":3,"6":4,"7":6,"8":8,"9":13,"10":9,"11":12,"12":10,"13":14},"questions_total":{"0":16,"1":26,"2":24,"3":28,"4":20,"5":20,"6":23,"7":17,"8":14,"9":10,"10":20,"11":23,"12":9,"13":4},"tech_rating":{"0":66,"1":2864,"2":769,"3":2862,"4":1424,"5":2207,"6":1830,"7":1198,"8":717,"9":19,"10":229,"11":64,"12":86,"13":0}}