{"base_name":{"0":"\u0414\u0436\u0435\u0440\u043e\u043d\u0438\u043c\u043e!","1":"\u0421\u0438\u0433\u043c\u0430 \u041e\u043c\u0435\u0433\u0430 \u0414\u0435\u043b\u044c\u0442\u0430","2":"\u041d\u0438 \u0441\u0442\u044b\u0434\u0430, \u043d\u0438 \u0441\u043e\u0432\u0435\u0441\u0442\u0438","3":"\u0418\u0435\u0440\u0415\u0445\u043e\u043d","4":"\u0425\u0440\u0443\u0441\u0442\u0430\u043b\u044c\u043d\u044b\u0439 \u0448\u0435\u0437\u043b\u043e\u043d\u0433","5":"\u0424\u0440\u0443\u043a\u0442\u044b"},"bonus_a":{"0":777,"1":2096,"2":2194,"3":1321,"4":0,"5":0},"bonus_b":{"0":113,"1":593,"2":725,"3":199,"4":471,"5":331},"current_name":{"0":"\u0414\u0436\u0435\u0440\u043e\u043d\u0438\u043c\u043e!","1":"\u0421\u0438\u0433\u043c\u0430 \u041e\u043c\u0435\u0433\u0430 \u0414\u0435\u043b\u044c\u0442\u0430","2":"\u041d\u0438 \u0441\u0442\u044b\u0434\u0430, \u043d\u0438 \u0441\u043e\u0432\u0435\u0441\u0442\u0438","3":"\u0418\u0435\u0440\u0415\u0445\u043e\u043d","4":"\u0425\u0440\u0443\u0441\u0442\u0430\u043b\u044c\u043d\u044b\u0439 \u0448\u0435\u0437\u043b\u043e\u043d\u0433","5":"\u0424\u0440\u0443\u043a\u0442\u044b"},"d_bonus_a":{"0":777,"1":2096,"2":2194,"3":1321,"4":1918,"5":1701},"d_bonus_b":{"0":113,"1":593,"2":725,"3":199,"4":471,"5":331},"d_diff_bonus":{"0":0,"1":124,"2":3,"3":0,"4":-60,"5":1},"diff_bonus":{"0":0,"1":124,"2":3,"3":0,"4":-60,"5":1},"idteam":{"0":5379,"1":8355,"2":26656,"3":38199,"4":55111,"5":55146},"included_in_rating":{"0":1,"1":0,"2":1,"3":1,"4":0,"5":0},"mask":{"0":1.11111e+43,"1":1.111111001e+43,"2":1.111111e+44,"3":1.111000001e+43,"4":1.101110001e+43,"5":1.0110101e+44},"position":{"0":6,"1":2,"2":1,"3":5,"4":3,"5":4},"predicted_position":{"0":6,"1":3,"2":1,"3":5,"4":2,"5":4},"questions_total":{"0":12,"1":21,"2":27,"3":16,"4":19,"5":17},"tech_rating":{"0":1044,"1":2811,"2":3949,"3":1309,"4":3285,"5":2133}}