{"base_name":{"0":"\u041a\u043e\u043c\u0430\u043d\u0434\u0430 \u041f\u0430\u0432\u043b\u0430 \u0415\u0440\u0448\u043e\u0432\u0430","1":"South Butovo Park","2":"\u0417\u0435\u043d\u0438\u0442","3":"\u041c\u0413\u0422\u0423 - \u041c\u0438\u043a\u0441\u0442","4":"\u0412\u0435\u0441\u0451\u043b\u044b\u0435 \u043c\u0435\u0434\u0443\u0437\u044b","5":"White eagles","6":"\u041d\u0438\u0447\u0435\u0433\u043e \u043d\u0435 \u043f\u043e\u043d\u0438","7":"\u041a\u0440\u0430\u0431\u043e\u043b\u043e\u0432\u044b","8":"\u041c\u0438\u0445\u0430\u0438\u043b \u0428\u0435\u0432\u0446\u043e\u0432","9":"\u041d\u0418\u0418\u0441\u0442\u043e\u0432\u044b\u0435","10":"\u0413\u0430\u043b\u0430\u0442\u0430\u0441\u0430\u0440\u0430\u0439"},"bonus_a":{"0":2100,"1":0,"2":1366,"3":0,"4":0,"5":1789,"6":1789,"7":0,"8":915,"9":325,"10":0},"bonus_b":{"0":803,"1":1092,"2":288,"3":950,"4":288,"5":499,"6":499,"7":499,"8":201,"9":98,"10":98},"current_name":{"0":"\u041a\u043e\u043c\u0430\u043d\u0434\u0430 \u041f\u0430\u0432\u043b\u0430 \u0415\u0440\u0448\u043e\u0432\u0430","1":"\u0429\u0449\u0449\u0449\u0449\u0438","2":"\u0417\u0435\u043d\u0438\u0442","3":"\u041c\u0413\u0422\u0423 - \u041c\u0438\u043a\u0441\u0442","4":"\u0412\u0435\u0441\u0451\u043b\u044b\u0435 \u043c\u0435\u0434\u0443\u0437\u044b","5":"White eagles","6":"\u041d\u0438\u0447\u0435\u0433\u043e \u043d\u0435 \u043f\u043e\u043d\u0438","7":"\u041a\u0440\u0430\u0431\u043e\u043b\u043e\u0432\u044b","8":"\u041c\u0438\u0445\u0430\u0438\u043b \u0428\u0435\u0432\u0446\u043e\u0432","9":"\u041d\u0418\u0418\u0441\u0442\u043e\u0432\u044b\u0435","10":"\u0413\u0430\u043b\u0430\u0442\u0430\u0441\u0430\u0440\u0430\u0439"},"d_bonus_a":{"0":2100,"1":2244,"2":1366,"3":2191,"4":1366,"5":1789,"6":1789,"7":1789,"8":915,"9":325,"10":325},"d_bonus_b":{"0":803,"1":1092,"2":288,"3":950,"4":288,"5":499,"6":499,"7":499,"8":201,"9":98,"10":98},"d_diff_bonus":{"0":-35,"1":5,"2":44,"3":77,"4":-103,"5":1,"6":52,"7":57,"8":-12,"9":-11,"10":22},"diff_bonus":{"0":-35,"1":5,"2":44,"3":77,"4":-103,"5":1,"6":52,"7":57,"8":-12,"9":-11,"10":22},"idteam":{"0":745,"1":6424,"2":42364,"3":47297,"4":48697,"5":50088,"6":50163,"7":50436,"8":52136,"9":53990,"10":55420},"included_in_rating":{"0":1,"1":0,"2":0,"3":0,"4":0,"5":1,"6":1,"7":1,"8":1,"9":1,"10":0},"mask":{"0":1.111111001e+42,"1":1.0111111e+43,"2":1.1101e+44,"3":1.0111011e+43,"4":1.0001011e+44,"5":1.0011111e+44,"6":1.011111001e+43,"7":1.0111101e+43,"8":1.11001e+40,"9":1.11e+41,"10":1.0011e+40},"position":{"0":3.0,"1":1.0,"2":7.5,"3":2.0,"4":7.5,"5":5.0,"6":5.0,"7":5.0,"8":9.0,"9":10.5,"10":10.5},"predicted_position":{"0":2,"1":1,"2":9,"3":3,"4":4,"5":5,"6":6,"7":7,"8":8,"9":10,"10":11},"questions_total":{"0":19,"1":23,"2":15,"3":20,"4":15,"5":17,"6":17,"7":17,"8":11,"9":8,"10":8},"tech_rating":{"0":5057,"1":5686,"2":1209,"3":4177,"4":4137,"5":2775,"6":2139,"7":1898,"8":1340,"9":1039,"10":508}}