{"base_name":{"0":"\u0412\u0430-\u0431\u0430\u043d\u043a","1":"\u0410\u043b\u0442\u044b\u043d \u0410\u0441\u044b\u0440","2":"\u041f\u0430\u043f\u0438\u0440\u0443\u0441","3":"\u042d\u0441\u043a\u0432\u0430\u0439\u0440\u044b","4":"\u041a\u0440\u0430\u0441\u043d\u044b\u0435 \u0440\u0430\u0441\u0441\u0432\u0435\u0442\u044b","5":"\u0410\u0433\u0440\u043e\u0444\u0438\u0437\u0438\u043a\u0438","6":"\u0421\u0431\u043e\u0440\u043d\u0430\u044f \u0441\u043e\u043b\u044f\u043d\u043a\u0430","7":"\u0410\u043a\u0442\u0438\u0432\u043d\u0430\u044f \u0437\u043e\u043d\u0430 \u0423\u0434\u043e\u043c\u043b\u044f","8":"\u0413\u043b\u0430\u0434\u0438\u043e\u043b\u0443\u0441","9":"\u0421\u0438\u043a\u0440\u0435\u0442 \u0418\u043d\u043a\u043e\u0433\u043d\u0438\u0442\u0430"},"bonus_a":{"0":1849,"1":1229,"2":11,"3":980,"4":1416,"5":1676,"6":1676,"7":0,"8":576,"9":0},"bonus_b":{"0":561,"1":253,"2":42,"3":201,"4":370,"5":463,"6":463,"7":12,"8":139,"9":703},"current_name":{"0":"\u0412\u0430-\u0431\u0430\u043d\u043a","1":"\u0410\u043b\u0442\u044b\u043d \u0410\u0441\u044b\u0440","2":"\u041f\u0430\u043f\u0438\u0440\u0443\u0441","3":"\u042d\u0441\u043a\u0432\u0430\u0439\u0440\u044b","4":"\u041a\u0440\u0430\u0441\u043d\u044b\u0435 \u0440\u0430\u0441\u0441\u0432\u0435\u0442\u044b","5":"Agidel county","6":"\u0421\u0431\u043e\u0440\u043d\u0430\u044f \u0441\u043e\u043b\u044f\u043d\u043a\u0430","7":"\u0410\u043a\u0442\u0438\u0432\u043d\u0430\u044f \u0437\u043e\u043d\u0430 \u0423\u0434\u043e\u043c\u043b\u044f","8":"\u0413\u043b\u0430\u0434\u0438\u043e\u043b\u0443\u0441","9":"\u0421\u0438\u043a\u0440\u0435\u0442 \u0418\u043d\u043a\u043e\u0433\u043d\u0438\u0442\u0430"},"d_bonus_a":{"0":1849,"1":1229,"2":11,"3":980,"4":1416,"5":1676,"6":1676,"7":0,"8":576,"9":2040},"d_bonus_b":{"0":561,"1":253,"2":42,"3":201,"4":370,"5":463,"6":463,"7":12,"8":139,"9":703},"d_diff_bonus":{"0":1,"1":0,"2":0,"3":0,"4":-30,"5":47,"6":14,"7":-32,"8":64,"9":2},"diff_bonus":{"0":1,"1":0,"2":0,"3":0,"4":-30,"5":47,"6":14,"7":-32,"8":64,"9":2},"idteam":{"0":1223,"1":2318,"2":42045,"3":48041,"4":48871,"5":49876,"6":52999,"7":54094,"8":56477,"9":56942},"included_in_rating":{"0":1,"1":1,"2":1,"3":1,"4":1,"5":1,"6":1,"7":1,"8":1,"9":0},"mask":{"0":1.110001111e+35,"1":1.0101011e+35,"2":1.010110001e+33,"3":1.00111111e+33,"4":1.101011101e+35,"5":1.01111111e+33,"6":1.111011101e+35,"7":1.1e+34,"8":1.100111111e+35,"9":1.011111111e+34},"position":{"0":2.0,"1":6.0,"2":9.0,"3":7.0,"4":5.0,"5":3.5,"6":3.5,"7":10.0,"8":8.0,"9":1.0},"predicted_position":{"0":2,"1":6,"2":9,"3":7,"4":3,"5":5,"6":4,"7":8,"8":10,"9":1},"questions_total":{"0":21,"1":17,"2":13,"3":16,"4":19,"5":20,"6":20,"7":6,"8":14,"9":25},"tech_rating":{"0":2714,"1":1309,"2":311,"3":1129,"4":2325,"5":2090,"6":2156,"7":1013,"8":101,"9":3624}}