{"base_name":{"0":"\u0413\u0438\u0434\u0440\u043e\u044e \u043a\u043e\u043d\u0442\u0440\u044b \u0443\u0431\u0438\u0442 \u0427\u0430\u0443\u0448\u0435\u0441\u043a\u0443","1":"\u041a\u0430\u0440\u0438\u043b\u044c\u043e\u043d \u0432\u0441\u0435\u0433\u0434\u0430 \u0437\u0432\u043e\u043d\u0438\u0442 \u0434\u0432\u0430\u0436\u0434\u044b"},"bonus_a":{"0":1723,"1":0},"bonus_b":{"0":859,"1":532},"current_name":{"0":"\u0413\u0438\u0434\u0440\u043e\u044e \u043a\u043e\u043d\u0442\u0440\u044b \u0443\u0431\u0438\u0442 \u0427\u0430\u0443\u0448\u0435\u0441\u043a\u0443","1":"\u0416\u0430\u0434\u043d\u044b\u0439 \u0438\u0431\u043b\u0438\u0441\u0451\u043d\u043e\u043a"},"d_bonus_a":{"0":1723,"1":0},"d_bonus_b":{"0":859,"1":532},"d_diff_bonus":{"0":166,"1":-82},"diff_bonus":{"0":166,"1":-82},"idteam":{"0":41366,"1":53670},"included_in_rating":{"0":1,"1":0},"mask":{"0":1.11101111e+36,"1":1.111100011e+36},"position":{"0":1,"1":2},"predicted_position":{"0":2,"1":1},"questions_total":{"0":18,"1":17},"tech_rating":{"0":4893,"1":5451}}