{"base_name":{"0":"\u0412\u0440\u0435\u043c\u044f","1":"\u041c\u044b","2":"\u0411\u043e\u044f\u0440\u0441\u043a\u0430\u044f \u0434\u0443\u043c\u0430","3":"\u042d\u0441\u043a\u0432\u0430\u0439\u0440\u044b","4":"\u0421\u0431\u043e\u0440\u043d\u0430\u044f \u0438\u043c\u0435\u043d\u0438 \u0427\u0430\u043f\u0430\u0435\u0432\u0430","5":"\u0411\u0435\u0437 \u0442\u0443\u0437\u0430 \u0432 \u0440\u0443\u043a\u0430\u0432\u0435","6":"\u0422\u0432\u043e\u0439 \u0433\u043e\u0440\u043e\u0434","7":"Va-\u0431\u0430\u043d\u043a","8":"\u0413\u043b\u0430\u0434\u0438\u043e\u043b\u0443\u0441","9":"\u041f\u0438\u0448\u0438 \u043f\u043e\u043f\u0435\u0440\u0451\u043a","10":"\u0421\u0435\u043c\u0435\u0439\u043d\u0438\u043a\u0438"},"bonus_a":{"0":0,"1":670,"2":1130,"3":82,"4":1954,"5":0,"6":342,"7":0,"8":0,"9":1644,"10":0},"bonus_b":{"0":84,"1":315,"2":381,"3":182,"4":568,"5":20,"6":220,"7":315,"8":84,"9":431,"10":2},"current_name":{"0":"\u0412\u0440\u0435\u043c\u044f","1":"\u041c\u044b","2":"\u0411\u043e\u044f\u0440\u0441\u043a\u0430\u044f \u0434\u0443\u043c\u0430","3":"\u042d\u0441\u043a\u0432\u0430\u0439\u0440\u044b","4":"\u0421\u0431\u043e\u0440\u043d\u0430\u044f \u0438\u043c\u0435\u043d\u0438 \u0427\u0430\u043f\u0430\u0435\u0432\u0430","5":"\u0411\u0435\u0437 \u0442\u0443\u0437\u0430 \u0432 \u0440\u0443\u043a\u0430\u0432\u0435","6":"\u0422\u0432\u043e\u0439 \u0433\u043e\u0440\u043e\u0434","7":"Va-\u0431\u0430\u043d\u043a","8":"\u0413\u043b\u0430\u0434\u0438\u043e\u043b\u0443\u0441","9":"\u041f\u0438\u0448\u0438 \u043f\u043e\u043f\u0435\u0440\u0451\u043a","10":"\u0421\u0435\u043c\u0435\u0439\u043d\u0438\u043a\u0438"},"d_bonus_a":{"0":0,"1":670,"2":1130,"3":82,"4":1954,"5":0,"6":342,"7":670,"8":0,"9":1644,"10":0},"d_bonus_b":{"0":84,"1":315,"2":381,"3":182,"4":568,"5":20,"6":220,"7":315,"8":84,"9":431,"10":2},"d_diff_bonus":{"0":-25,"1":-16,"2":-47,"3":-10,"4":138,"5":0,"6":45,"7":-29,"8":23,"9":215,"10":-83},"diff_bonus":{"0":-25,"1":-16,"2":-47,"3":-10,"4":138,"5":0,"6":45,"7":-29,"8":23,"9":215,"10":-83},"idteam":{"0":1132,"1":3071,"2":3205,"3":48041,"4":50794,"5":56071,"6":56329,"7":56445,"8":56477,"9":58029,"10":58413},"included_in_rating":{"0":0,"1":1,"2":1,"3":1,"4":1,"5":1,"6":1,"7":0,"8":1,"9":1,"10":0},"mask":{"0":1e+35,"1":1.110001e+35,"2":1.001e+35,"3":1.000001e+34,"4":1.1011101e+35,"5":1.11e+35,"6":1.0100001e+35,"7":1.1000101e+35,"8":1.0000001e+35,"9":1.010000101e+35,"10":1.000001e+34},"position":{"0":8.5,"1":4.5,"2":3.0,"3":7.0,"4":1.0,"5":10.0,"6":6.0,"7":4.5,"8":8.5,"9":2.0,"10":11.0},"predicted_position":{"0":7,"1":3,"2":1,"3":6,"4":5,"5":10,"6":8,"7":2,"8":9,"9":11,"10":4},"questions_total":{"0":8,"1":13,"2":15,"3":10,"4":17,"5":6,"6":11,"7":13,"8":8,"9":16,"10":5},"tech_rating":{"0":999,"1":1830,"2":3007,"3":1105,"4":1578,"5":159,"6":947,"7":2052,"8":243,"9":15,"10":1593}}