{"base_name":{"0":"\u0410\u0432\u0430\u043b\u043e\u043d","1":"\u041f\u041f\u041f","2":"\u0425\u043b\u0430\u0434\u043d\u0430 \u0417\u0432\u0435\u0437\u0434\u0430","3":"\u041a\u0432\u0430\u0437\u0430\u0440","4":"50 \u043e\u0442\u0442\u0435\u043d\u043a\u043e\u0432 \u043d\u0435 \u0441\u043c\u043e\u0442\u0440\u0435\u043b\u0438","5":"\u0416\u0435\u043d\u044f, \u0416\u0435\u043d\u0435\u0447\u043a\u0430 \u0438 \u0432\u043e\u0442 \u044d\u0442\u0438","6":"\u0421\u0438\u0440\u0438\u0443\u0441"},"bonus_a":{"0":973,"1":1498,"2":0,"3":429,"4":0,"5":0,"6":156},"bonus_b":{"0":198,"1":301,"2":630,"3":62,"4":0,"5":630,"6":21},"current_name":{"0":"\u0410\u0432\u0430\u043b\u043e\u043d","1":"\u041f\u041f\u041f","2":"\u0425\u043b\u0430\u0434\u043d\u0430 \u0417\u0432\u0435\u0437\u0434\u0430","3":"\u041a\u0432\u0430\u0437\u0430\u0440","4":"50 \u043e\u0442\u0442\u0435\u043d\u043a\u043e\u0432 \u043d\u0435 \u0441\u043c\u043e\u0442\u0440\u0435\u043b\u0438","5":"\u0416\u0435\u043d\u044f, \u0416\u0435\u043d\u0435\u0447\u043a\u0430 \u0438 \u0432\u043e\u0442 \u044d\u0442\u0438","6":"\u0421\u0438\u0440\u0438\u0443\u0441"},"d_bonus_a":{"0":973,"1":1498,"2":1983,"3":429,"4":0,"5":1983,"6":156},"d_bonus_b":{"0":198,"1":301,"2":630,"3":62,"4":0,"5":630,"6":21},"d_diff_bonus":{"0":0,"1":-128,"2":331,"3":41,"4":-31,"5":-35,"6":21},"diff_bonus":{"0":0,"1":-128,"2":331,"3":41,"4":-31,"5":-35,"6":21},"idteam":{"0":6562,"1":27471,"2":37490,"3":46319,"4":51211,"5":55786,"6":55796},"included_in_rating":{"0":1,"1":1,"2":0,"3":1,"4":1,"5":0,"6":1},"mask":{"0":1.01100001e+38,"1":1.00001001e+43,"2":1.100011011e+40,"3":1.1e+44,"4":1.1100001e+29,"5":1.010011e+40,"6":1.0000001e+38},"position":{"0":4.0,"1":3.0,"2":1.5,"3":5.0,"4":7.0,"5":1.5,"6":6.0},"predicted_position":{"0":4,"1":2,"2":3,"3":6,"4":5,"5":1,"6":7},"questions_total":{"0":11,"1":16,"2":19,"3":9,"4":6,"5":19,"6":7},"tech_rating":{"0":1539,"1":3727,"2":1861,"3":197,"4":471,"5":3908,"6":0}}