{"base_name":{"0":"\u0421\u0430\u0448\u0430 \u0438 \u043c\u0435\u0434\u0432\u0435\u0434\u0438","1":"\u0412\u0435\u0441\u0442\u0438\u043c\u043e","2":"\u0421\u0443\u0431\u0431\u043e\u0442\u0430 13","3":"\u0412\u0435\u0440\u0435\u0442\u0435\u043d\u043e","4":"\u0412\u043a\u0440\u0443\u0436\u0435","5":"\u0410\u0431\u0437\u0430\u0446","6":"\u0412\u043f\u0435\u0440\u0451\u0434","7":"\u041e\u0434\u043d\u0430\u043a\u043e","8":"\u0427\u0417"},"bonus_a":{"0":1645,"1":2033,"2":2249,"3":2206,"4":2121,"5":1874,"6":1369,"7":1134,"8":710},"bonus_b":{"0":339,"1":558,"2":910,"3":774,"4":657,"5":464,"6":222,"7":189,"8":125},"current_name":{"0":"\u0421\u0430\u0448\u0430 \u0438 \u043c\u0435\u0434\u0432\u0435\u0434\u0438","1":"\u0412\u0435\u0441\u0442\u0438\u043c\u043e","2":"\u0421\u0443\u0431\u0431\u043e\u0442\u0430 13","3":"\u0412\u0435\u0440\u0435\u0442\u0435\u043d\u043e","4":"\u0412\u043a\u0440\u0443\u0436\u0435","5":"\u0410\u0431\u0437\u0430\u0446","6":"\u0412\u043f\u0435\u0440\u0451\u0434","7":"\u041e\u0434\u043d\u0430\u043a\u043e","8":"\u0427\u0417"},"d_bonus_a":{"0":1645,"1":2033,"2":2249,"3":2206,"4":2121,"5":1874,"6":1369,"7":1134,"8":710},"d_bonus_b":{"0":339,"1":558,"2":910,"3":774,"4":657,"5":464,"6":222,"7":189,"8":125},"d_diff_bonus":{"0":1,"1":-48,"2":5,"3":3,"4":101,"5":1,"6":0,"7":64,"8":-32},"diff_bonus":{"0":1,"1":-48,"2":5,"3":3,"4":101,"5":1,"6":0,"7":64,"8":-32},"idteam":{"0":271,"1":365,"2":1733,"3":1966,"4":2598,"5":5242,"6":37690,"7":38639,"8":45633},"included_in_rating":{"0":1,"1":1,"2":1,"3":1,"4":1,"5":1,"6":1,"7":1,"8":1},"mask":{"0":1.11010001e+74,"1":1.0111001e+74,"2":1.1100111e+72,"3":1.11111e+74,"4":1.0111e+74,"5":1.1100001e+72,"6":1.100100001e+74,"7":1.01010011e+74,"8":1.11e+72},"position":{"0":6,"1":4,"2":1,"3":2,"4":3,"5":5,"6":7,"7":8,"8":9},"predicted_position":{"0":6,"1":3,"2":1,"3":2,"4":4,"5":5,"6":7,"7":9,"8":8},"questions_total":{"0":29,"1":33,"2":46,"3":39,"4":35,"5":32,"6":28,"7":25,"8":18},"tech_rating":{"0":2094,"1":3481,"2":4810,"3":4096,"4":3004,"5":2707,"6":1175,"7":1148,"8":1169}}