{"base_name":{"0":"\u0414\u0432\u0430 \u043a\u0430\u043f\u0438\u0442\u0430\u043d\u0430","1":"\u0410\u0432\u0430\u043b\u043e\u043d","2":"\u0425\u043b\u0430\u0434\u043d\u0430 \u0417\u0432\u0435\u0437\u0434\u0430","3":"50 \u043e\u0442\u0442\u0435\u043d\u043a\u043e\u0432 \u043d\u0435 \u0441\u043c\u043e\u0442\u0440\u0435\u043b\u0438","4":"\u0418\u043b\u043b\u044e\u043c\u0438\u043d\u0430\u0442\u044b","5":"\u0421\u0430\u043c\u0430\u044f \u043c\u044f\u043a\u043e\u0442\u043a\u0430","6":"\u0421\u0431\u043e\u0440\u043d\u0430\u044f \u0420\u043e\u043c\u0430\u043d\u0430 \u0426\u0443\u0440\u043a\u0430\u043d\u0430","7":"\u0416\u0435\u043d\u044f, \u0416\u0435\u043d\u0435\u0447\u043a\u0430 \u0438 \u0432\u043e\u0442 \u044d\u0442\u0438"},"bonus_a":{"0":1013,"1":156,"2":0,"3":0,"4":1943,"5":1013,"6":0,"7":0},"bonus_b":{"0":317,"1":193,"2":414,"3":52,"4":450,"5":317,"6":943,"7":661},"current_name":{"0":"\u0414\u0432\u0430 \u043a\u0430\u043f\u0438\u0442\u0430\u043d\u0430","1":"\u0410\u0432\u0430\u043b\u043e\u043d","2":"\u0425\u043b\u0430\u0434\u043d\u0430 \u0417\u0432\u0435\u0437\u0434\u0430","3":"50 \u043e\u0442\u0442\u0435\u043d\u043a\u043e\u0432 \u043d\u0435 \u0441\u043c\u043e\u0442\u0440\u0435\u043b\u0438","4":"\u0418\u043b\u043b\u044e\u043c\u0438\u043d\u0430\u0442\u044b","5":"\u0421\u0430\u043c\u0430\u044f \u043c\u044f\u043a\u043e\u0442\u043a\u0430","6":"\u0421\u0431\u043e\u0440\u043d\u0430\u044f \u0420\u043e\u043c\u0430\u043d\u0430 \u0426\u0443\u0440\u043a\u0430\u043d\u0430","7":"\u0416\u0435\u043d\u044f, \u0416\u0435\u043d\u0435\u0447\u043a\u0430 \u0438 \u0432\u043e\u0442 \u044d\u0442\u0438"},"d_bonus_a":{"0":1013,"1":156,"2":1606,"3":0,"4":1943,"5":1013,"6":2205,"7":2116},"d_bonus_b":{"0":317,"1":193,"2":414,"3":52,"4":450,"5":317,"6":943,"7":661},"d_diff_bonus":{"0":-66,"1":0,"2":69,"3":0,"4":163,"5":-48,"6":6,"7":2},"diff_bonus":{"0":-66,"1":0,"2":69,"3":0,"4":163,"5":-48,"6":6,"7":2},"idteam":{"0":2345,"1":6562,"2":37490,"3":51211,"4":54470,"5":54719,"6":55785,"7":55786},"included_in_rating":{"0":1,"1":1,"2":0,"3":1,"4":1,"5":1,"6":0,"7":0},"mask":{"0":1.00000111e+41,"1":1.10001001e+41,"2":1.100000011e+41,"3":1e+41,"4":1.100001e+41,"5":1.101001e+42,"6":1.011010111e+43,"7":1.000010111e+41},"position":{"0":5.5,"1":7.0,"2":4.0,"3":8.0,"4":3.0,"5":5.5,"6":1.0,"7":2.0},"predicted_position":{"0":3,"1":7,"2":5,"3":8,"4":6,"5":4,"6":1,"7":2},"questions_total":{"0":14,"1":11,"2":15,"3":6,"4":16,"5":14,"6":31,"7":21},"tech_rating":{"0":2242,"1":1539,"2":1861,"3":477,"4":1761,"5":2212,"6":5639,"7":4008}}