{"base_name":{"0":"\u041c\u0438\u0441\u0442\u0435\u0440\u0438\u044f","1":"\u0412\u0430\u0433\u0430\u043d\u0442\u044b","2":"\u0418\u043c\u043f\u0443\u043b\u044c\u0441","3":"\u041c\u043e\u043d\u0430\u0445\u0438","4":"\u041f\u0430\u0445\u0442\u0430\u043a\u043e\u0440","5":"18+","6":"\u041c\u0430\u044d\u0441\u0442\u0440\u043e","7":"Zodiac","8":"\u041d\u0435\u0440\u0435\u0430\u043b\u044c\u043d\u044b\u0439 \u041c\u0430\u0434\u0440\u0438\u0434","9":"100 \u0440\u0435\u043d\u0442\u0433\u0435\u043d","10":"\u042d\u0440\u0443\u0434\u0438\u0442\u044b","11":"\u0429\u041f","12":"Middle","13":"Espada","14":"\u041a\u0430\u043a\u0442\u0443\u0441"},"bonus_a":{"0":1728,"1":0,"2":789,"3":290,"4":1230,"5":0,"6":0,"7":0,"8":0,"9":0,"10":0,"11":0,"12":0,"13":0,"14":14},"bonus_b":{"0":432,"1":16,"2":190,"3":55,"4":342,"5":11,"6":0,"7":3,"8":0,"9":3,"10":0,"11":0,"12":0,"13":0,"14":29},"current_name":{"0":"\u041c\u0438\u0441\u0442\u0435\u0440\u0438\u044f","1":"\u0412\u0430\u0433\u0430\u043d\u0442\u044b","2":"\u0418\u043c\u043f\u0443\u043b\u044c\u0441","3":"\u041c\u043e\u043d\u0430\u0445\u0438","4":"\u041f\u0430\u0445\u0442\u0430\u043a\u043e\u0440","5":"18+","6":"\u041c\u0430\u044d\u0441\u0442\u0440\u043e","7":"Zodiac","8":"\u041d\u0435\u0440\u0435\u0430\u043b\u044c\u043d\u044b\u0439 \u041c\u0430\u0434\u0440\u0438\u0434","9":"100 \u0440\u0435\u043d\u0442\u0433\u0435\u043d","10":"\u042d\u0440\u0443\u0434\u0438\u0442\u044b","11":"\u0429\u041f","12":"Middle","13":"Espada","14":"\u041a\u0430\u043a\u0442\u0443\u0441"},"d_bonus_a":{"0":1728,"1":0,"2":789,"3":290,"4":1230,"5":0,"6":0,"7":0,"8":0,"9":0,"10":0,"11":0,"12":0,"13":0,"14":14},"d_bonus_b":{"0":432,"1":16,"2":190,"3":55,"4":342,"5":11,"6":0,"7":3,"8":0,"9":3,"10":0,"11":0,"12":0,"13":0,"14":29},"d_diff_bonus":{"0":91,"1":-7,"2":0,"3":44,"4":-44,"5":11,"6":0,"7":-7,"8":-3,"9":3,"10":0,"11":0,"12":0,"13":0,"14":-13},"diff_bonus":{"0":91,"1":-7,"2":0,"3":44,"4":-44,"5":11,"6":0,"7":-7,"8":-3,"9":3,"10":0,"11":0,"12":0,"13":0,"14":-13},"idteam":{"0":2909,"1":4748,"2":5350,"3":8357,"4":28587,"5":35826,"6":35827,"7":46284,"8":47120,"9":50945,"10":56743,"11":56744,"12":56787,"13":56788,"14":56789},"included_in_rating":{"0":1,"1":0,"2":1,"3":1,"4":1,"5":1,"6":1,"7":1,"8":0,"9":1,"10":1,"11":0,"12":1,"13":1,"14":1},"mask":{"0":1.111011011e+41,"1":1.00101101e+41,"2":1.101011111e+41,"3":1.00101e+41,"4":1.101010001e+41,"5":1.000001e+41,"6":1.000001e+41,"7":1.001001e+41,"8":1.00000001e+41,"9":1.00000001e+41,"10":1.010001e+41,"11":1e+41,"12":1.00000101e+41,"13":1.001e+41,"14":1.000001e+41},"position":{"0":1.0,"1":6.0,"2":3.0,"3":4.0,"4":2.0,"5":7.0,"6":13.5,"7":8.5,"8":10.5,"9":8.5,"10":12.0,"11":13.5,"12":10.5,"13":15.0,"14":5.0},"predicted_position":{"0":2,"1":5,"2":3,"3":7,"4":1,"5":13,"6":9,"7":6,"8":8,"9":10,"10":13,"11":13,"12":13,"13":13,"14":4},"questions_total":{"0":29,"1":14,"2":22,"3":16,"4":24,"5":10,"6":4,"7":9,"8":8,"9":9,"10":7,"11":4,"12":8,"13":2,"14":15},"tech_rating":{"0":2304,"1":194,"2":1512,"3":78,"4":2430,"5":0,"6":3,"7":99,"8":45,"9":1,"10":0,"11":0,"12":0,"13":0,"14":377}}