{"base_name":{"0":"\u0421\u043c\u0430\u0439\u043b \u0441\u043a\u0435\u043f\u0442\u0438\u043a","1":"\u0417\u0435\u043b\u0451\u043d\u044b\u0439 \u0438\u043d\u0434\u0438\u0439\u0441\u043a\u0438\u0439","2":"\u041d\u043e\u0432\u044c","3":"White eagles","4":"\u0418\u043d\u0442\u0435\u0433\u0440\u0430\u043b\u044c\u043d\u044b\u0439 \u0438\u043d\u0441\u0430\u0439\u0442","5":"\u0421\u0431\u043e\u0440\u043d\u0430\u044f \u042f\u043c\u0430\u0439\u043a\u0438 \u043f\u043e","6":"White Eaglets","7":"Zzyzx Rd.","8":"\u041c\u0430\u043a\u0441\u0438\u043c\u0443\u043c \u041c\u0413\u042e\u0410","9":"\u041c\u0413\u0422\u0423 - Big Bobr","10":"\u0420\u0435\u043d\u0442\u0430 \u041c\u0451\u0431\u0438\u0443\u0441\u0430"},"bonus_a":{"0":0,"1":1152,"2":0,"3":194,"4":0,"5":1890,"6":0,"7":762,"8":0,"9":0,"10":375},"bonus_b":{"0":325,"1":534,"2":786,"3":404,"4":602,"5":673,"6":222,"7":505,"8":6,"9":120,"10":469},"current_name":{"0":"\u0421\u043c\u0430\u0439\u043b \u0441\u043a\u0435\u043f\u0442\u0438\u043a","1":"\u0417\u0435\u043b\u0451\u043d\u044b\u0439 \u0438\u043d\u0434\u0438\u0439\u0441\u043a\u0438\u0439","2":"\u041a\u0430\u043a \u0443\u043f\u043e\u0438\u0442\u0435\u043b\u044c\u043d\u044b \u0432 \u0420\u043e\u0441\u0441\u0438\u0438 \u0432\u0435\u0447\u0435\u0440\u0430","3":"White eagles","4":"\u0418\u043d\u0442\u0435\u0433\u0440\u0430\u043b\u044c\u043d\u044b\u0439 \u0438\u043d\u0441\u0430\u0439\u0442","5":"\u0421\u0431\u043e\u0440\u043d\u0430\u044f \u042f\u043c\u0430\u0439\u043a\u0438 \u043f\u043e","6":"White Eaglets","7":"Zzyzx Rd.","8":"\u041c\u0430\u043a\u0441\u0438\u043c\u0443\u043c \u041c\u0413\u042e\u0410","9":"\u0424\u043e\u043d\u0430\u0440\u044c \u0414\u0436\u0435\u043a\u0430","10":"\u0420\u0435\u043d\u0442\u0430 \u041c\u0451\u0431\u0438\u0443\u0441\u0430"},"d_bonus_a":{"0":0,"1":1152,"2":2077,"3":194,"4":1555,"5":1890,"6":0,"7":762,"8":0,"9":0,"10":375},"d_bonus_b":{"0":325,"1":534,"2":786,"3":404,"4":602,"5":673,"6":222,"7":505,"8":6,"9":120,"10":469},"d_diff_bonus":{"0":206,"1":-33,"2":3,"3":-50,"4":90,"5":2,"6":-52,"7":-14,"8":0,"9":-142,"10":248},"diff_bonus":{"0":206,"1":-33,"2":3,"3":-50,"4":90,"5":2,"6":-52,"7":-14,"8":0,"9":-142,"10":248},"idteam":{"0":27873,"1":44212,"2":50036,"3":50088,"4":51259,"5":51345,"6":53904,"7":55336,"8":55789,"9":55955,"10":56222},"included_in_rating":{"0":1,"1":1,"2":0,"3":1,"4":1,"5":1,"6":0,"7":1,"8":1,"9":0,"10":1},"mask":{"0":1.100111001e+35,"1":1.110111111e+35,"2":1.110111011e+35,"3":1.000111e+35,"4":1.110111111e+35,"5":1.110111011e+35,"6":1.010111001e+35,"7":1.010111101e+35,"8":1.001100001e+34,"9":1.010110001e+35,"10":1.110110001e+35},"position":{"0":8,"1":4,"2":1,"3":7,"4":3,"5":2,"6":9,"7":5,"8":11,"9":10,"10":6},"predicted_position":{"0":10,"1":3,"2":1,"3":5,"4":6,"5":2,"6":8,"7":4,"8":11,"9":7,"10":9},"questions_total":{"0":15,"1":20,"2":27,"3":16,"4":20,"5":25,"6":12,"7":18,"8":6,"9":11,"10":17},"tech_rating":{"0":1070,"1":3074,"2":4120,"3":2478,"4":2450,"5":3405,"6":1958,"7":2581,"8":56,"9":2211,"10":1490}}