{"base_name":{"0":"\u041e\u0430\u0437\u0438\u0441","1":"\u041a\u043e\u043c\u0430\u043d\u0434\u0430 \u0410\u043b\u0445\u0430\u0437\u043e\u0432\u0430","2":"\u041a\u0430\u0440\u0442 \u0431\u043b\u0430\u043d\u0448","3":"Nabucodonosor","4":"Pokerface","5":"Savage","6":"Alterego","7":"\u0424\u0438\u0437\u0438\u043a\u0438 \u0438 \u041b\u0438\u0440\u0438\u043a\u0438"},"bonus_a":{"0":1096,"1":2127,"2":1645,"3":2127,"4":2127,"5":2269,"6":2127,"7":39},"bonus_b":{"0":224,"1":583,"2":343,"3":583,"4":583,"5":866,"6":583,"7":24},"current_name":{"0":"\u041e\u0430\u0437\u0438\u0441","1":"\u041b\u0430\u0432\u043a\u0430 \u0434\u043e\u043d\u0430 \u041c\u0430\u0437\u043e\u0445\u0430","2":"\u041a\u0430\u0440\u0442 \u0431\u043b\u0430\u043d\u0448","3":"Nabucodonosor","4":"Pokerface","5":"Savage","6":"Alterego","7":"\u0424\u0438\u0437\u0438\u043a\u0438 \u0438 \u041b\u0438\u0440\u0438\u043a\u0438"},"d_bonus_a":{"0":1096,"1":2127,"2":1645,"3":2127,"4":2127,"5":2269,"6":2127,"7":39},"d_bonus_b":{"0":224,"1":583,"2":343,"3":583,"4":583,"5":866,"6":583,"7":24},"d_diff_bonus":{"0":0,"1":-140,"2":-51,"3":242,"4":-16,"5":163,"6":27,"7":0},"diff_bonus":{"0":0,"1":-140,"2":-51,"3":242,"4":-16,"5":163,"6":27,"7":0},"idteam":{"0":2765,"1":3465,"2":6178,"3":28458,"4":42252,"5":42558,"6":44533,"7":52088},"included_in_rating":{"0":1,"1":0,"2":1,"3":1,"4":1,"5":1,"6":1,"7":1},"mask":{"0":1.000101011e+35,"1":1.110001011e+35,"2":1.100001011e+35,"3":1.100100011e+35,"4":1.000101011e+35,"5":1.000101011e+35,"6":1.000101011e+35,"7":1.000010111e+34},"position":{"0":7.0,"1":3.5,"2":6.0,"3":3.5,"4":3.5,"5":1.0,"6":3.5,"7":8.0},"predicted_position":{"0":7,"1":1,"2":5,"3":6,"4":3,"5":2,"6":4,"7":8},"questions_total":{"0":15,"1":22,"2":20,"3":22,"4":22,"5":23,"6":22,"7":14},"tech_rating":{"0":1931,"1":4681,"2":2513,"3":2109,"4":3094,"5":3633,"6":3056,"7":223}}