{"base_name":{"0":"\u0410\u0410\u0410 \u0423\u0434\u0430\u0447\u043b\u0438\u0432\u044b\u0435 \u043f\u0435\u0433\u0430\u0441\u044b","1":"\u0410\u043a\u0442\u0438\u0432\u043d\u0430\u044f \u0437\u043e\u043d\u0430 \u0423\u0434\u043e\u043c\u043b\u044f"},"bonus_a":{"0":781,"1":178},"bonus_b":{"0":179,"1":107},"current_name":{"0":"\u0410\u0410\u0410 \u0423\u0434\u0430\u0447\u043b\u0438\u0432\u044b\u0435 \u043f\u0435\u0433\u0430\u0441\u044b","1":"\u0410\u043a\u0442\u0438\u0432\u043d\u0430\u044f \u0437\u043e\u043d\u0430 \u0423\u0434\u043e\u043c\u043b\u044f"},"d_bonus_a":{"0":781,"1":178},"d_bonus_b":{"0":179,"1":107},"d_diff_bonus":{"0":0,"1":0},"diff_bonus":{"0":0,"1":0},"idteam":{"0":41527,"1":54094},"included_in_rating":{"0":1,"1":1},"mask":{"0":1.011100101e+33,"1":1.0100101e+33},"position":{"0":1,"1":2},"predicted_position":{"0":1,"1":2},"questions_total":{"0":10,"1":6},"tech_rating":{"0":1088,"1":925}}