{"base_name":{"0":"Puzzle","1":"\u0422\u0440\u0435\u0432\u043e\u0436\u043d\u044b\u0435 \u043c\u044b\u0441\u043b\u0438","2":"\u0423\u0448\u043a\u0443\u0439","3":"\u0418\u0416 \u042e\u043f\u0438\u0442\u0435\u0440 5","4":"\u0410\u0444\u0444\u0435\u043a\u0442 \u0414\u043e\u043f\u043b\u0435\u0440\u0430","5":"\u0423\u0431\u0435\u0434\u0438\u0442\u0435\u043b\u044c\u043d\u043e \u043b\u044b\u0441\u044b\u0439","6":"\u0411\u0440\u0430\u0442\u044c\u044f \u0411\u043b\u044e\u0437"},"bonus_a":{"0":1521,"1":930,"2":1232,"3":2176,"4":0,"5":0,"6":2061},"bonus_b":{"0":441,"1":197,"2":296,"3":752,"4":567,"5":46,"6":682},"current_name":{"0":"Puzzle","1":"\u0422\u0440\u0435\u0432\u043e\u0436\u043d\u044b\u0435 \u043c\u044b\u0441\u043b\u0438","2":"\u0423\u0448\u043a\u0443\u0439","3":"\u0418\u0416 \u042e\u043f\u0438\u0442\u0435\u0440 5","4":"\u0410\u0444\u0444\u0435\u043a\u0442 \u0414\u043e\u043f\u043b\u0435\u0440\u0430","5":"\u0423\u0431\u0435\u0434\u0438\u0442\u0435\u043b\u044c\u043d\u043e \u043b\u044b\u0441\u044b\u0439","6":"\u0411\u0440\u0430\u0442\u044c\u044f \u0411\u043b\u044e\u0437"},"d_bonus_a":{"0":1521,"1":930,"2":1232,"3":2176,"4":1851,"5":0,"6":2061},"d_bonus_b":{"0":441,"1":197,"2":296,"3":752,"4":567,"5":46,"6":682},"d_diff_bonus":{"0":-62,"1":-50,"2":-193,"3":3,"4":372,"5":0,"6":243},"diff_bonus":{"0":-62,"1":-50,"2":-193,"3":3,"4":372,"5":0,"6":243},"idteam":{"0":2469,"1":41878,"2":45410,"3":48325,"4":49277,"5":50002,"6":52055},"included_in_rating":{"0":1,"1":1,"2":1,"3":1,"4":0,"5":1,"6":1},"mask":{"0":1.011011011e+46,"1":1.100001101e+43,"2":1.00011e+47,"3":1.101111011e+47,"4":1.110111011e+43,"5":1e+47,"6":1.0001111e+47},"position":{"0":4,"1":6,"2":5,"3":1,"4":3,"5":7,"6":2},"predicted_position":{"0":3,"1":5,"2":2,"3":1,"4":6,"5":7,"6":4},"questions_total":{"0":34,"1":22,"2":25,"3":39,"4":34,"5":13,"6":34},"tech_rating":{"0":3227,"1":1838,"2":3709,"3":3835,"4":1616,"5":433,"6":2734}}