{"base_name":{"0":"\u0412\u0435\u0434\u0443\u043d\u044b","1":"\u0410\u043d\u0430\u0445\u043e\u0440\u0435\u0442","2":"\u041c\u0441\u0442\u0438\u0442\u0435\u043b\u0438","3":"\u041a\u0430\u043a-\u0442\u043e \u0442\u0430\u043a","4":"\u041c\u0413\u0422\u0423 - \u041c\u0438\u043a\u0441\u0442","5":"\u041d\u0435\u043f\u0440\u0430\u0432\u0438\u043b\u044c\u043d\u044b\u0435 \u043f\u0447\u0451\u043b\u044b","6":"Los Andes"},"bonus_a":{"0":814,"1":1744,"2":814,"3":1744,"4":0,"5":0,"6":0},"bonus_b":{"0":252,"1":498,"2":252,"3":498,"4":703,"5":252,"6":99},"current_name":{"0":"\u0412\u0435\u0434\u0443\u043d\u044b","1":"\u0410\u043d\u0430\u0445\u043e\u0440\u0435\u0442","2":"\u041c\u0441\u0442\u0438\u0442\u0435\u043b\u0438","3":"\u041a\u0430\u043a-\u0442\u043e \u0442\u0430\u043a","4":"\u041c\u0413\u0422\u0423 - \u041c\u0438\u043a\u0441\u0442","5":"\u041d\u0435\u043f\u0440\u0430\u0432\u0438\u043b\u044c\u043d\u044b\u0435 \u043f\u0447\u0451\u043b\u044b","6":"Los Andes"},"d_bonus_a":{"0":814,"1":1744,"2":814,"3":1744,"4":2094,"5":814,"6":0},"d_bonus_b":{"0":252,"1":498,"2":252,"3":498,"4":703,"5":252,"6":99},"d_diff_bonus":{"0":29,"1":124,"2":-23,"3":28,"4":2,"5":-75,"6":0},"diff_bonus":{"0":29,"1":124,"2":-23,"3":28,"4":2,"5":-75,"6":0},"idteam":{"0":38682,"1":43515,"2":43556,"3":45321,"4":47297,"5":56129,"6":56694},"included_in_rating":{"0":1,"1":1,"2":1,"3":1,"4":0,"5":0,"6":0},"mask":{"0":1.100110001e+34,"1":1.100110001e+35,"2":1.101110011e+34,"3":1.000110111e+34,"4":1.000110011e+34,"5":1.100100011e+34,"6":1.000100001e+34},"position":{"0":5.0,"1":2.5,"2":5.0,"3":2.5,"4":1.0,"5":5.0,"6":7.0},"predicted_position":{"0":6,"1":5,"2":4,"3":3,"4":1,"5":2,"6":7},"questions_total":{"0":17,"1":18,"2":17,"3":18,"4":19,"5":17,"6":11},"tech_rating":{"0":1355,"1":1438,"2":2009,"3":2546,"4":3980,"5":3067,"6":923}}