{"base_name":{"0":"\u041a\u0430\u0440\u0440\u0430\u043c\u0431\u0430","1":"\u0410\u0432\u043e\u0441\u044c","2":"\u0410\u043f\u0440\u0435\u043b\u044c","3":"\u041c\u044b","4":"\u0411\u0440\u0438\u0442\u0430\u043d\u0441\u043a\u0438\u0435 \u0443\u0447\u0451\u043d\u044b\u0435","5":"\u0411\u043e\u043b\u044c\u0448\u0430\u044f \u0411\u0435\u0440\u0442\u0430","6":"\u0425\u043e\u0445\u043b\u043e\u043c\u0430","7":"\u042d\u0442\u0438 \u0434\u0432\u0435 \u0438 \u0439\u0435\u0442\u0438"},"bonus_a":{"0":2165,"1":2097,"2":0,"3":1453,"4":2097,"5":2210,"6":916,"7":1780},"bonus_b":{"0":608,"1":537,"2":490,"3":306,"4":537,"5":680,"6":160,"7":425},"current_name":{"0":"\u041a\u0430\u0440\u0440\u0430\u043c\u0431\u0430","1":"\u0410\u0432\u043e\u0441\u044c","2":"\u0410\u043f\u0440\u0435\u043b\u044c","3":"\u041c\u044b","4":"\u0411\u0440\u0438\u0442\u0430\u043d\u0441\u043a\u0438\u0435 \u0443\u0447\u0451\u043d\u044b\u0435","5":"\u0411\u043e\u043b\u044c\u0448\u0430\u044f \u0411\u0435\u0440\u0442\u0430","6":"\u0425\u043e\u0445\u043b\u043e\u043c\u0430","7":"\u042d\u0442\u0438 \u0434\u0432\u0435 \u0438 \u0439\u0435\u0442\u0438"},"d_bonus_a":{"0":2165,"1":2097,"2":1969,"3":1453,"4":2097,"5":2210,"6":916,"7":1780},"d_bonus_b":{"0":608,"1":537,"2":490,"3":306,"4":537,"5":680,"6":160,"7":425},"d_diff_bonus":{"0":185,"1":232,"2":-17,"3":-150,"4":-4,"5":2,"6":0,"7":-32},"diff_bonus":{"0":185,"1":232,"2":-17,"3":-150,"4":-4,"5":2,"6":0,"7":-32},"idteam":{"0":227,"1":317,"2":318,"3":2376,"4":2673,"5":4795,"6":27161,"7":40247},"included_in_rating":{"0":1,"1":1,"2":1,"3":1,"4":1,"5":1,"6":1,"7":1},"mask":{"0":1.010110001e+143,"1":1.110000001e+143,"2":1.0010011e+141,"3":1.000110001e+123,"4":1.100010011e+142,"5":1.110011001e+143,"6":1.00001001e+143,"7":1.0001101e+142},"position":{"0":2.0,"1":3.5,"2":5.0,"3":7.0,"4":3.5,"5":1.0,"6":8.0,"7":6.0},"predicted_position":{"0":6,"1":7,"2":4,"3":2,"4":3,"5":1,"6":8,"7":5},"questions_total":{"0":47,"1":44,"2":44,"3":38,"4":43,"5":63,"6":33,"7":41},"tech_rating":{"0":2294,"1":1903,"2":2370,"3":2823,"4":2396,"5":3169,"6":1347,"7":2345}}