{"base_name":{"0":"\u0411\u041d","1":"\u0411\u0440\u0430\u0432\u043e \u0440\u0443\u043b\u044f!","2":"\u0428\u0435\u0441\u0442\u044c \u0431\u0435\u0437 \u043a\u043e\u0437\u044b\u0440\u044f","3":"\u041a\u042d\u041f","4":"\u0421\u0442\u0430\u043d\u0446\u0438\u044f \u041a\u0443\u0440\u0441\u043a\u0430\u044f","5":"\u041d\u0435\u0436\u0435\u043d\u0441\u043a\u0430\u044f \u043b\u043e\u0433\u0438\u043a\u0430","6":"LN","7":"\u041e\u0433\u043e\u043b\u043e\u0434\u0430\u0432\u0448\u0438\u0435 \u0432 \u0438\u0433\u0440\u0430\u0445","8":"Billie Bob"},"bonus_a":{"0":2099,"1":2193,"2":2243,"3":1047,"4":0,"5":1,"6":0,"7":0,"8":0},"bonus_b":{"0":626,"1":772,"2":865,"3":188,"4":536,"5":15,"6":7,"7":0,"8":366},"current_name":{"0":"\u0411\u041d","1":"\u0411\u0440\u0430\u0432\u043e \u0440\u0443\u043b\u044f!","2":"\u0428\u0435\u0441\u0442\u044c \u0431\u0435\u0437 \u043a\u043e\u0437\u044b\u0440\u044f","3":"\u041a\u042d\u041f","4":"\u0421\u0442\u0430\u043d\u0446\u0438\u044f \u041a\u0443\u0440\u0441\u043a\u0430\u044f","5":"\u041d\u0435\u0436\u0435\u043d\u0441\u043a\u0430\u044f \u043b\u043e\u0433\u0438\u043a\u0430","6":"\u041c\u0435\u0434\u043e\u0432\u0438\u043a","7":"\u041e\u0433\u043e\u043b\u043e\u0434\u0430\u0432\u0448\u0438\u0435 \u0432 \u0438\u0433\u0440\u0430\u0445","8":"Billie Bob"},"d_bonus_a":{"0":2099,"1":2193,"2":2243,"3":1047,"4":1917,"5":1,"6":0,"7":0,"8":1588},"d_bonus_b":{"0":626,"1":772,"2":865,"3":188,"4":536,"5":15,"6":7,"7":0,"8":366},"d_diff_bonus":{"0":-118,"1":239,"2":97,"3":0,"4":-44,"5":15,"6":-4,"7":-4,"8":1},"diff_bonus":{"0":-118,"1":239,"2":97,"3":0,"4":-44,"5":15,"6":-4,"7":-4,"8":1},"idteam":{"0":205,"1":4728,"2":6451,"3":43691,"4":45541,"5":46072,"6":54320,"7":55983,"8":56468},"included_in_rating":{"0":1,"1":1,"2":1,"3":1,"4":1,"5":1,"6":1,"7":1,"8":0},"mask":{"0":1.100111001e+59,"1":1.010111e+59,"2":1.010011e+59,"3":1.1001011e+59,"4":1.0000111e+59,"5":1.000000001e+51,"6":1.001e+58,"7":1.10011e+59,"8":1.110001001e+59},"position":{"0":3,"1":2,"2":1,"3":6,"4":4,"5":7,"6":8,"7":9,"8":5},"predicted_position":{"0":1,"1":4,"2":2,"3":6,"4":3,"5":9,"6":7,"7":8,"8":5},"questions_total":{"0":31,"1":35,"2":39,"3":24,"4":30,"5":11,"6":8,"7":7,"8":26},"tech_rating":{"0":4364,"1":3223,"2":4190,"3":1644,"4":3268,"5":4,"6":99,"7":66,"8":2480}}