{"base_name":{"0":"\u041f\u0435\u043d\u0442\u0430","1":"\u0421\u043d\u0430\u0440\u043a","2":"\u041c\u0430\u0440\u043a\u043b\u0430\u0440","3":"\u0414\u041a \u0438\u043c. \u0417\u0430\u0440\u0430\u0442\u0443\u0441\u0442\u0440\u044b","4":"\u041f\u043e \u0441\u043f\u0440\u0430\u0432\u0435\u0434\u043b\u0438\u0432\u043e\u0441\u0442\u0438","5":"\u0414\u0436\u043e\u043d \u0421\u043d\u043e\u0443","6":"\u0421\u043f\u0430\u0440\u0436\u0430","7":"\u041a\u043e\u0441\u043c\u0438\u0447\u0435\u0441\u043a\u0438\u0439 \u043c\u043e\u0437\u0433\u043e\u0435\u0434","8":"\u0421\u0424"},"bonus_a":{"0":2263,"1":414,"2":2041,"3":175,"4":2199,"5":0,"6":1336,"7":1799,"8":0},"bonus_b":{"0":1114,"1":243,"2":618,"3":44,"4":805,"5":26,"6":445,"7":549,"8":805},"current_name":{"0":"\u041a\u043e\u043c\u0430\u043d\u0434\u0430 \u0421\u043b\u0430\u0432\u0438\u043d\u0430","1":"\u0421\u043d\u0430\u0440\u043a","2":"\u041c\u0430\u0440\u043a\u043b\u0430\u0440","3":"\u0414\u041a \u0438\u043c. \u0417\u0430\u0440\u0430\u0442\u0443\u0441\u0442\u0440\u044b","4":"\u041f\u043e \u0441\u043f\u0440\u0430\u0432\u0435\u0434\u043b\u0438\u0432\u043e\u0441\u0442\u0438","5":"\u0414\u0436\u043e\u043d \u0421\u043d\u043e\u0443","6":"\u0421\u043f\u0430\u0440\u0436\u0430","7":"\u041a\u043e\u0441\u043c\u0438\u0447\u0435\u0441\u043a\u0438\u0439 \u043c\u043e\u0437\u0433\u043e\u0435\u0434","8":"\u0421\u0424"},"d_bonus_a":{"0":2263,"1":414,"2":2041,"3":175,"4":2199,"5":0,"6":1336,"7":1799,"8":2199},"d_bonus_b":{"0":1114,"1":243,"2":618,"3":44,"4":805,"5":26,"6":445,"7":549,"8":805},"d_diff_bonus":{"0":575,"1":-188,"2":-120,"3":18,"4":61,"5":-9,"6":203,"7":106,"8":-151},"diff_bonus":{"0":575,"1":-188,"2":-120,"3":18,"4":61,"5":-9,"6":203,"7":106,"8":-151},"idteam":{"0":33,"1":47,"2":6088,"3":6784,"4":27075,"5":50225,"6":50650,"7":50869,"8":56632},"included_in_rating":{"0":1,"1":1,"2":1,"3":1,"4":1,"5":1,"6":1,"7":1,"8":0},"mask":{"0":1.111110001e+35,"1":1.101010001e+35,"2":1.101011101e+35,"3":1.001000101e+33,"4":1.101011001e+35,"5":1.00000001e+34,"6":1.100010011e+35,"7":1.10011e+35,"8":1.111110011e+35},"position":{"0":1.0,"1":7.0,"2":4.0,"3":8.0,"4":2.5,"5":9.0,"6":6.0,"7":5.0,"8":2.5},"predicted_position":{"0":5,"1":4,"2":2,"3":9,"4":3,"5":8,"6":7,"7":6,"8":1},"questions_total":{"0":28,"1":19,"2":25,"3":13,"4":26,"5":8,"6":22,"7":23,"8":26},"tech_rating":{"0":3041,"1":3201,"2":4543,"3":243,"4":4089,"5":286,"6":2059,"7":3020,"8":6365}}