{"base_name":{"0":"\u041d\u0435\u043c\u0435\u0437\u0438\u0441","1":"\u041d\u0423\u0418\u0425","2":"\u041f\u043e\u043b\u0438\u0442\u0435\u0445","3":"\u0411\u0435\u043b\u044b\u0435 \u0438 \u043f\u0443\u0448\u0438\u0441\u0442\u044b\u0435","4":"\u042d\u0444\u0444\u0435\u043a\u0442 \u041f\u0430\u0443\u043b\u0438","5":"Anfield","6":"Whiplash","7":"\u041f\u0441\u0438\u0445\u0435\u044f","8":"Brain Killers v2.0","9":"\u041c\u0435\u0434\u0438\u043a\u0443\u0441 2","10":"Cult.am","11":"Gravity Falls","12":"\u0410\u0440\u0430\u0433\u0430\u0441\u0442","13":"\u0412\u044b\u043f\u044c\u0435\u043c \u0437\u0430 \u0420\u0430\u0442\u0443\u0441\u0442\u0440\u0430"},"bonus_a":{"0":2123,"1":2206,"2":1548,"3":1781,"4":161,"5":1285,"6":1954,"7":781,"8":0,"9":781,"10":0,"11":410,"12":0,"13":0},"bonus_b":{"0":444,"1":625,"2":253,"3":323,"4":105,"5":224,"6":363,"7":159,"8":415,"9":159,"10":28,"11":122,"12":741,"13":75},"current_name":{"0":"\u041d\u0435\u043c\u0435\u0437\u0438\u0441","1":"\u041d\u0423\u0418\u0425","2":"\u041f\u043e\u043b\u0438\u0442\u0435\u0445","3":"\u0411\u0435\u043b\u044b\u0435 \u0438 \u043f\u0443\u0448\u0438\u0441\u0442\u044b\u0435","4":"\u042d\u0444\u0444\u0435\u043a\u0442 \u041f\u0430\u0443\u043b\u0438","5":"Anfield","6":"Whiplash","7":"\u041f\u0441\u0438\u0445\u0435\u044f","8":"Brain Killers v2.0","9":"\u0410\u0440\u043a\u0445\u044d\u043c","10":"Cult.am","11":"Gravity Falls","12":"\u0410\u0440\u0430\u0433\u0430\u0441\u0442","13":"\u0412\u044b\u043f\u044c\u0435\u043c \u0437\u0430 \u0420\u0430\u0442\u0443\u0441\u0442\u0440\u0430"},"d_bonus_a":{"0":2123,"1":2206,"2":1548,"3":1781,"4":161,"5":1285,"6":1954,"7":781,"8":2066,"9":781,"10":0,"11":410,"12":2250,"13":19},"d_bonus_b":{"0":444,"1":625,"2":253,"3":323,"4":105,"5":224,"6":363,"7":159,"8":415,"9":159,"10":28,"11":122,"12":741,"13":75},"d_diff_bonus":{"0":1,"1":2,"2":29,"3":1,"4":-38,"5":102,"6":1,"7":84,"8":1,"9":-47,"10":0,"11":17,"12":2,"13":-31},"diff_bonus":{"0":1,"1":2,"2":29,"3":1,"4":-38,"5":102,"6":1,"7":84,"8":1,"9":-47,"10":0,"11":17,"12":2,"13":-31},"idteam":{"0":3301,"1":5141,"2":8865,"3":28354,"4":38400,"5":38791,"6":38816,"7":42358,"8":48756,"9":50396,"10":54853,"11":56137,"12":56664,"13":56808},"included_in_rating":{"0":1,"1":1,"2":1,"3":1,"4":1,"5":1,"6":1,"7":1,"8":1,"9":0,"10":1,"11":1,"12":1,"13":1},"mask":{"0":1.111101e+47,"1":1.11111111e+47,"2":1.111101e+47,"3":1.1011e+47,"4":1.0011e+47,"5":1.001111e+47,"6":1.0111011e+47,"7":1.00011e+47,"8":1.101111101e+47,"9":1.000101e+47,"10":1.00000001e+37,"11":1.100000101e+44,"12":1.111111001e+47,"13":1.01000001e+37},"position":{"0":3.0,"1":2.0,"2":7.0,"3":6.0,"4":12.0,"5":8.0,"6":5.0,"7":9.5,"8":4.0,"9":9.5,"10":14.0,"11":11.0,"12":1.0,"13":13.0},"predicted_position":{"0":3,"1":2,"2":8,"3":6,"4":9,"5":11,"6":5,"7":13,"8":4,"9":7,"10":14,"11":12,"12":1,"13":10},"questions_total":{"0":30,"1":34,"2":20,"3":23,"4":13,"5":19,"6":24,"7":17,"8":29,"9":17,"10":8,"11":15,"12":42,"13":12},"tech_rating":{"0":2027,"1":3456,"2":1150,"3":1686,"4":957,"5":598,"6":1724,"7":525,"8":2008,"9":1205,"10":236,"11":578,"12":3675,"13":652}}