{"base_name":{"0":"Alta vista","1":"\u0423\u041a\u0411\u0422\u041c","2":"\u0421\u0431\u043e\u0440\u043d\u0430\u044f","3":"House MD","4":"\u041e\u0440\u0434\u0435\u043d","5":"\u041c\u0430\u043b\u044b\u0439 \u043a\u0430\u043d\u043e\u043d\u0438\u0447\u0435\u0441\u043a\u0438\u0439 \u0430\u043d\u0441\u0430\u043c\u0431\u043b\u044c","6":"\u0427\u0430\u0439\u043d\u0438\u043a\u0438","7":"\u0420\u0435\u0436\u0438\u043c \u0411\u0430\u0442\u043e\u043d"},"bonus_a":{"0":1726,"1":82,"2":0,"3":1202,"4":0,"5":493,"6":0,"7":0},"bonus_b":{"0":517,"1":202,"2":123,"3":248,"4":123,"5":230,"6":4,"7":4},"current_name":{"0":"Alta vista","1":"\u0423\u041a\u0411\u0422\u041c","2":"\u0421\u0431\u043e\u0440\u043d\u0430\u044f","3":"House MD","4":"\u041e\u0440\u0434\u0435\u043d","5":"\u041c\u0430\u043b\u044b\u0439 \u043a\u0430\u043d\u043e\u043d\u0438\u0447\u0435\u0441\u043a\u0438\u0439 \u0430\u043d\u0441\u0430\u043c\u0431\u043b\u044c","6":"\u0427\u0430\u0439\u043d\u0438\u043a\u0438","7":"\u0421\u0438\u043b\u0430 \u0411\u0430\u0442\u043e\u043d\u0430"},"d_bonus_a":{"0":1726,"1":82,"2":0,"3":1202,"4":0,"5":493,"6":0,"7":0},"d_bonus_b":{"0":517,"1":202,"2":123,"3":248,"4":123,"5":230,"6":4,"7":4},"d_diff_bonus":{"0":1,"1":0,"2":-16,"3":18,"4":32,"5":-9,"6":-2,"7":4},"diff_bonus":{"0":1,"1":0,"2":-16,"3":18,"4":32,"5":-9,"6":-2,"7":4},"idteam":{"0":1337,"1":6232,"2":7900,"3":27141,"4":27906,"5":37817,"6":49036,"7":52548},"included_in_rating":{"0":1,"1":1,"2":0,"3":1,"4":1,"5":1,"6":1,"7":1},"mask":{"0":1.11001101e+44,"1":1.10000111e+44,"2":1.011001e+44,"3":1.11100101e+44,"4":1.10000111e+44,"5":1.110011e+43,"6":1.00000101e+44,"7":1.0000001e+43},"position":{"0":1.0,"1":4.0,"2":5.5,"3":2.0,"4":5.5,"5":3.0,"6":7.5,"7":7.5},"predicted_position":{"0":1,"1":4,"2":5,"3":3,"4":6,"5":2,"6":7,"7":8},"questions_total":{"0":20,"1":14,"2":10,"3":19,"4":10,"5":16,"6":7,"7":7},"tech_rating":{"0":3370,"1":1071,"2":940,"3":1110,"4":747,"5":1142,"6":66,"7":0}}