{"base_name":{"0":"Sirius B","1":"\u0414\u0435\u0442\u0438 \u042d\u0439\u043b\u0435\u0440\u0430","2":"\u0411\u043e\u0434\u0440\u044f\u0447\u043a\u043e\u043c","3":"\u0425\u0430\u0439\u0432\u043c\u0430\u0439\u043d\u0434","4":"\u041d\u0430 \u0441\u0432\u043e\u0435\u0439 \u0432\u043e\u043b\u043d\u0435","5":"\u0412\u043d\u0435 \u043f\u043e\u0434\u043e\u0437\u0440\u0435\u043d\u0438\u0439","6":"\u042d\u0434\u0432\u0430\u0440\u0434 \u0413\u0443\u0441\u0438-\u043b\u0435\u0431\u0435\u0434\u0438","7":"\u0425\u0438\u0442\u0440\u044b\u0439 \u0438\u0442\u0442\u0440\u0438\u0439","8":"\u0422\u043e\u043b\u044c\u043a\u043e \u043d\u0435 \u043f\u0447\u0451\u043b\u044b","9":"\u041e\u0441\u043b\u0438\u043a, \u0441\u0443\u0441\u043b\u0438\u043a, \u043f\u0430\u0443\u043a\u0430\u043d"},"bonus_a":{"0":0,"1":0,"2":2066,"3":2182,"4":1410,"5":214,"6":1645,"7":590,"8":0,"9":0},"bonus_b":{"0":241,"1":561,"2":640,"3":900,"4":312,"5":94,"6":407,"7":149,"8":15,"9":94},"current_name":{"0":"Sirius B","1":"\u0414\u0435\u0442\u0438 \u042d\u0439\u043b\u0435\u0440\u0430","2":"\u0411\u043e\u0434\u0440\u044f\u0447\u043a\u043e\u043c","3":"\u0425\u0430\u0439\u0432\u043c\u0430\u0439\u043d\u0434","4":"\u041f\u0435\u0449\u0435\u0440\u0430 \u041f\u043b\u0430\u0442\u043e\u043d\u0430","5":"\u0412\u043d\u0435 \u043f\u043e\u0434\u043e\u0437\u0440\u0435\u043d\u0438\u0439","6":"\u041f\u043e\u043a\u043e\u0440\u043c\u0438\u0442\u0435 \u0418\u0432\u0430\u043d\u043e\u0432, \u0441\u0435\u0433\u043e\u0434\u043d\u044f \u043e\u043d\u0438 \u0441\u0442\u0430\u0440\u0430\u044e\u0442\u0441\u044f","7":"\u0425\u0438\u0442\u0440\u044b\u0439 \u0438\u0442\u0442\u0440\u0438\u0439","8":"\u0411\u0435\u0448\u0435\u043d\u044b\u0435 \u043f\u0441\u0438","9":"\u041e\u0441\u043b\u0438\u043a, \u0441\u0443\u0441\u043b\u0438\u043a, \u043f\u0430\u0443\u043a\u0430\u043d"},"d_bonus_a":{"0":1134,"1":1857,"2":2066,"3":2182,"4":1410,"5":214,"6":1645,"7":590,"8":0,"9":214},"d_bonus_b":{"0":241,"1":561,"2":640,"3":900,"4":312,"5":94,"6":407,"7":149,"8":15,"9":94},"d_diff_bonus":{"0":0,"1":1,"2":2,"3":5,"4":1,"5":-28,"6":1,"7":79,"8":0,"9":-12},"diff_bonus":{"0":0,"1":1,"2":2,"3":5,"4":1,"5":-28,"6":1,"7":79,"8":0,"9":-12},"idteam":{"0":8614,"1":8723,"2":28103,"3":38722,"4":39152,"5":42773,"6":51616,"7":53700,"8":55488,"9":57050},"included_in_rating":{"0":0,"1":1,"2":1,"3":1,"4":1,"5":1,"6":1,"7":1,"8":1,"9":0},"mask":{"0":1.000011011e+30,"1":1.011110011e+35,"2":1.110111001e+35,"3":1.111011001e+35,"4":1.110010001e+35,"5":1.00001e+35,"6":1.11001e+35,"7":1.000000001e+34,"8":1e+33,"9":1.000000011e+33},"position":{"0":6.0,"1":3.0,"2":2.0,"3":1.0,"4":5.0,"5":8.5,"6":4.0,"7":7.0,"8":10.0,"9":8.5},"predicted_position":{"0":6,"1":3,"2":2,"3":1,"4":5,"5":7,"6":4,"7":9,"8":10,"9":8},"questions_total":{"0":12,"1":25,"2":26,"3":28,"4":19,"5":9,"6":21,"7":11,"8":2,"9":9},"tech_rating":{"0":1434,"1":3068,"2":3084,"3":4981,"4":1638,"5":773,"6":2154,"7":536,"8":126,"9":706}}