{"base_name":{"0":"\u0414\u0432\u0430 \u043e\u0442\u0442\u0435\u043d\u043a\u0430 \u0440\u0430\u0434\u0443\u0433\u0438","1":"\u041c\u0438-6","2":"\u0422\u0440\u0438\u0430\u0434\u0430 \u0420\u041a","3":"Fons","4":"\u0411\u0443\u0440\u0443\u0440\u0431\u0440\u043e\u0434 \u0441 \u043a\u043e\u0444\u0435\u043c","5":"\u0410\u043d\u0442\u043e\u043d \u0438 \u0430\u043d\u0442\u043e\u043d\u044f\u0442\u0430","6":"\u0421\u0442\u0443\u043f\u0435\u043d\u044c \u0440\u0430\u0437\u0432\u0438\u0442\u0438\u044f"},"bonus_a":{"0":0,"1":0,"2":0,"3":0,"4":0,"5":0,"6":0},"bonus_b":{"0":109,"1":39,"2":3,"3":0,"4":3,"5":10,"6":0},"current_name":{"0":"\u0414\u0432\u0430 \u043e\u0442\u0442\u0435\u043d\u043a\u0430 \u0440\u0430\u0434\u0443\u0433\u0438","1":"\u041c\u0438-6","2":"\u0422\u0440\u0438\u0430\u0434\u0430 \u0420\u041a","3":"Fons","4":"\u0411\u0443\u0440\u0443\u0440\u0431\u0440\u043e\u0434 \u0441 \u043a\u043e\u0444\u0435\u043c","5":"\u0410\u043d\u0442\u043e\u043d \u0438 \u0430\u043d\u0442\u043e\u043d\u044f\u0442\u0430","6":"\u0421\u0442\u0443\u043f\u0435\u043d\u044c \u0440\u0430\u0437\u0432\u0438\u0442\u0438\u044f"},"d_bonus_a":{"0":0,"1":0,"2":0,"3":0,"4":0,"5":0,"6":0},"d_bonus_b":{"0":109,"1":39,"2":3,"3":0,"4":3,"5":10,"6":0},"d_diff_bonus":{"0":0,"1":33,"2":-4,"3":0,"4":-18,"5":10,"6":0},"diff_bonus":{"0":0,"1":33,"2":-4,"3":0,"4":-18,"5":10,"6":0},"idteam":{"0":55255,"1":55538,"2":55819,"3":55830,"4":55832,"5":57111,"6":57113},"included_in_rating":{"0":1,"1":1,"2":1,"3":1,"4":0,"5":1,"6":1},"mask":{"0":1.111001e+44,"1":1.11001e+43,"2":1.1e+39,"3":1e+41,"4":1.00001e+43,"5":1.0001e+42,"6":1e+43},"position":{"0":1.0,"1":2.0,"2":4.5,"3":6.0,"4":4.5,"5":3.0,"6":7.0},"predicted_position":{"0":1.0,"1":4.0,"2":3.0,"3":5.0,"4":2.0,"5":6.5,"6":6.5},"questions_total":{"0":18,"1":16,"2":8,"3":7,"4":8,"5":10,"6":5},"tech_rating":{"0":770,"1":48,"2":62,"3":2,"4":287,"5":0,"6":0}}