{"base_name":{"0":"\u041f\u043e\u043d\u0442\u044b \u041f\u0438\u043b\u0430\u0442\u0430","1":"\u041f\u0441\u0435\u0432\u0434\u043e\u043f\u0435\u043f\u0442\u0438\u0434\u044b","2":"\u0411\u0435\u0440\u043b\u0438\u0442\u0430\u043d\u0442\u044b","3":"\u041f\u0430\u043b\u043b\u0430\u0434\u0438\u043d\u044b","4":"\u0410\u043b\u044b\u0435 \u043f\u0430\u0440\u0443\u0441\u0430","5":"\u0416\u043c\u0443\u0440\u043a\u0438","6":"\u0419\u043e\u0442\u0430 \u041a\u0438\u043b\u044f","7":"\u041d\u0430\u0448 \u0432\u0430\u0440\u0438\u0430\u043d\u0442 \u043b\u0443\u0447\u0448\u0435","8":"\u0413\u043b\u0435\u0431 \u0428\u0438\u0448\u043a\u0438\u043d","9":"BB","10":"\u042b!","11":"\u041e\u043b\u0435\u0433 \u0441 \u043c\u044b\u0448\u0430\u043c\u0438"},"bonus_a":{"0":2189,"1":747,"2":1466,"3":1234,"4":1466,"5":1982,"6":0,"7":747,"8":0,"9":0,"10":0,"11":0},"bonus_b":{"0":1154,"1":365,"2":563,"3":494,"4":563,"5":913,"6":1040,"7":365,"8":697,"9":23,"10":813,"11":93},"current_name":{"0":"\u041f\u043e\u043d\u0442\u044b \u041f\u0438\u043b\u0430\u0442\u0430","1":"\u041f\u0441\u0435\u0432\u0434\u043e\u043f\u0435\u043f\u0442\u0438\u0434\u044b","2":"\u0411\u0435\u0440\u043b\u0438\u0442\u0430\u043d\u0442\u044b","3":"\u041f\u0430\u043b\u043b\u0430\u0434\u0438\u043d\u044b","4":"\u0410\u043b\u044b\u0435 \u043f\u0430\u0440\u0443\u0441\u0430","5":"\u0416\u043c\u0443\u0440\u043a\u0438","6":"\u0419\u043e\u0442\u0430 \u041a\u0438\u043b\u044f","7":"\u041d\u0430\u0448 \u0432\u0430\u0440\u0438\u0430\u043d\u0442 \u043b\u0443\u0447\u0448\u0435","8":"\u0413\u043b\u0435\u0431 \u0428\u0438\u0448\u043a\u0438\u043d","9":"BB","10":"\u042b!","11":"\u041e\u043b\u0435\u0433 \u0441 \u043c\u044b\u0448\u0430\u043c\u0438"},"d_bonus_a":{"0":2189,"1":747,"2":1466,"3":1234,"4":1466,"5":1982,"6":2083,"7":747,"8":1656,"9":0,"10":1838,"11":0},"d_bonus_b":{"0":1154,"1":365,"2":563,"3":494,"4":563,"5":913,"6":1040,"7":365,"8":697,"9":23,"10":813,"11":93},"d_diff_bonus":{"0":11,"1":61,"2":71,"3":-21,"4":-11,"5":105,"6":8,"7":-29,"8":-105,"9":0,"10":120,"11":0},"diff_bonus":{"0":11,"1":61,"2":71,"3":-21,"4":-11,"5":105,"6":8,"7":-29,"8":-105,"9":0,"10":120,"11":0},"idteam":{"0":3166,"1":3476,"2":4649,"3":49888,"4":50000,"5":51253,"6":54151,"7":55098,"8":56081,"9":58341,"10":58379,"11":58380},"included_in_rating":{"0":1,"1":1,"2":1,"3":1,"4":1,"5":1,"6":0,"7":1,"8":0,"9":0,"10":0,"11":1},"mask":{"0":1.100010111e+46,"1":1.000100101e+44,"2":1.00011001e+45,"3":1.10101011e+45,"4":1.000001011e+46,"5":1.011101101e+44,"6":1.101011111e+46,"7":1.000101111e+44,"8":1.110011101e+46,"9":1.1e+40,"10":1.110010111e+46,"11":1.110000001e+46},"position":{"0":1.0,"1":9.5,"2":6.5,"3":8.0,"4":6.5,"5":3.0,"6":2.0,"7":9.5,"8":5.0,"9":12.0,"10":4.0,"11":11.0},"predicted_position":{"0":1,"1":10,"2":8,"3":7,"4":6,"5":4,"6":2,"7":9,"8":3,"9":12,"10":5,"11":11},"questions_total":{"0":30,"1":18,"2":22,"3":19,"4":22,"5":26,"6":30,"7":18,"8":23,"9":8,"10":24,"11":16},"tech_rating":{"0":5408,"1":2208,"2":2411,"3":2480,"4":2725,"5":3960,"6":4981,"7":2315,"8":4327,"9":200,"10":3442,"11":698}}