{"base_name":{"0":"\u0411\u0440\u044e\u0441\u0441\u0435\u043b\u044c\u0441\u043a\u0438\u0435","1":"\u041c\u044b","2":"\u041c\u0438\u0441\u0442\u0435\u0440\u0438\u044f","3":"\u041f\u0438 \u043a\u0432\u0430\u0434\u0440\u0430\u0442","4":"7Hz","5":"\u0418\u043c\u043f\u0443\u043b\u044c\u0441","6":"DimTeam","7":"\u041f\u0430\u0445\u0442\u0430\u043a\u043e\u0440","8":"18+","9":"\u0411\u0438\u0441","10":"Budlight","11":"\u041a\u043e\u0433\u0442\u0435\u0432\u0440\u0430\u043d","12":"SDH","13":"\u0422\u043e\u0447\u043a\u0430 \u0437\u0440\u0435\u043d\u0438\u044f","14":"\u0410\u043b\u044c\u044f\u043d\u0441 - Interhouse"},"bonus_a":{"0":1384,"1":2241,"2":2188,"3":1608,"4":1960,"5":0,"6":2111,"7":1694,"8":0,"9":0,"10":277,"11":890,"12":0,"13":1384,"14":0},"bonus_b":{"0":295,"1":843,"2":774,"3":378,"4":584,"5":57,"6":705,"7":510,"8":13,"9":57,"10":144,"11":220,"12":8,"13":295,"14":144},"current_name":{"0":"\u0411\u0440\u044e\u0441\u0441\u0435\u043b\u044c\u0441\u043a\u0438\u0435","1":"\u041c\u044b","2":"\u041c\u0438\u0441\u0442\u0435\u0440\u0438\u044f","3":"\u041f\u0438 \u043a\u0432\u0430\u0434\u0440\u0430\u0442","4":"7Hz","5":"\u0418\u043c\u043f\u0443\u043b\u044c\u0441","6":"DimTeam","7":"\u041f\u0430\u0445\u0442\u0430\u043a\u043e\u0440","8":"18+","9":"\u0411\u0438\u0441","10":"Budlight","11":"\u041a\u043e\u0433\u0442\u0435\u0432\u0440\u0430\u043d","12":"SDH","13":"\u0422\u043e\u0447\u043a\u0430 \u0437\u0440\u0435\u043d\u0438\u044f","14":"\u0410\u043b\u044c\u044f\u043d\u0441 - Interhouse"},"d_bonus_a":{"0":1384,"1":2241,"2":2188,"3":1608,"4":1960,"5":0,"6":2111,"7":1694,"8":0,"9":0,"10":277,"11":890,"12":0,"13":1384,"14":277},"d_bonus_b":{"0":295,"1":843,"2":774,"3":378,"4":584,"5":57,"6":705,"7":510,"8":13,"9":57,"10":144,"11":220,"12":8,"13":295,"14":144},"d_diff_bonus":{"0":129,"1":142,"2":3,"3":67,"4":76,"5":-161,"6":-66,"7":-36,"8":0,"9":-110,"10":-38,"11":186,"12":-57,"13":287,"14":64},"diff_bonus":{"0":129,"1":142,"2":3,"3":67,"4":76,"5":-161,"6":-66,"7":-36,"8":0,"9":-110,"10":-38,"11":186,"12":-57,"13":287,"14":64},"idteam":{"0":815,"1":2462,"2":2909,"3":4146,"4":4156,"5":5350,"6":5858,"7":28587,"8":35826,"9":45419,"10":48054,"11":54468,"12":58371,"13":58382,"14":58384},"included_in_rating":{"0":1,"1":1,"2":1,"3":1,"4":1,"5":1,"6":1,"7":1,"8":1,"9":1,"10":1,"11":1,"12":1,"13":1,"14":0},"mask":{"0":1.001001e+58,"1":1.111101101e+58,"2":1.111101e+58,"3":1.0010011e+58,"4":1.00110111e+58,"5":1.00100001e+58,"6":1.01001111e+59,"7":1.01110101e+58,"8":1.101000011e+55,"9":1.001001e+58,"10":1.001e+58,"11":1.001001e+58,"12":1.000010001e+52,"13":1.101001e+58,"14":1.110100001e+56},"position":{"0":7.5,"1":1.0,"2":2.0,"3":6.0,"4":4.0,"5":12.5,"6":3.0,"7":5.0,"8":14.0,"9":12.5,"10":10.5,"11":9.0,"12":15.0,"13":7.5,"14":10.5},"predicted_position":{"0":10,"1":3,"2":2,"3":7,"4":5,"5":6,"6":1,"7":4,"8":14,"9":8,"10":9,"11":13,"12":11,"13":15,"14":12},"questions_total":{"0":25,"1":43,"2":40,"3":29,"4":32,"5":20,"6":39,"7":30,"8":16,"9":20,"10":21,"11":22,"12":12,"13":25,"14":21},"tech_rating":{"0":903,"1":3521,"2":3600,"3":1479,"4":2735,"5":1899,"6":3894,"7":2814,"8":79,"9":1426,"10":1170,"11":230,"12":695,"13":72,"14":537}}