{"base_name":{"0":"\u0412\u0441\u043f\u043e\u043c\u043d\u0438\u0442\u044c \u0432\u0441\u0451","1":"\u041f\u043e\u043c\u043e\u0440\u044b","2":"\u041d\u0435 \u043f\u043e\u0434\u0430\u0440\u043e\u043a","3":"\u0421\u0431\u043e\u0440\u043d\u0430\u044f \u0411\u0440\u0430\u0437\u0438\u043b\u0438\u0438","4":"\u041b\u0430\u043d\u0433\u043e\u043b\u044c\u0435\u0440\u044b","5":"\u041f\u0430\u0440\u0430\u0434\u043d\u044b\u0435 \u0432\u0430\u0442\u043d\u0438\u043a\u0438"},"bonus_a":{"0":1826,"1":2073,"2":1553,"3":1031,"4":0,"5":2173},"bonus_b":{"0":442,"1":598,"2":289,"3":138,"4":526,"5":696},"current_name":{"0":"\u0412\u0441\u043f\u043e\u043c\u043d\u0438\u0442\u044c \u0432\u0441\u0451","1":"\u041f\u043e\u043c\u043e\u0440\u044b","2":"\u041d\u0435 \u043f\u043e\u0434\u0430\u0440\u043e\u043a","3":"\u0421\u0431\u043e\u0440\u043d\u0430\u044f \u0411\u0440\u0430\u0437\u0438\u043b\u0438\u0438","4":"\u041b\u0430\u043d\u0433\u043e\u043b\u044c\u0435\u0440\u044b","5":"\u041f\u0430\u0440\u0430\u0434\u043d\u044b\u0435 \u0432\u0430\u0442\u043d\u0438\u043a\u0438"},"d_bonus_a":{"0":1826,"1":2073,"2":1553,"3":1031,"4":1983,"5":2173},"d_bonus_b":{"0":442,"1":598,"2":289,"3":138,"4":526,"5":696},"d_diff_bonus":{"0":-126,"1":74,"2":0,"3":0,"4":57,"5":101},"diff_bonus":{"0":-126,"1":74,"2":0,"3":0,"4":57,"5":101},"idteam":{"0":263,"1":725,"2":3500,"3":27392,"4":37728,"5":53341},"included_in_rating":{"0":1,"1":1,"2":1,"3":1,"4":1,"5":1},"mask":{"0":1.110111e+127,"1":1.101111101e+126,"2":1.000100001e+127,"3":1.000101101e+126,"4":1.0001011e+126,"5":1.11011111e+127},"position":{"0":4,"1":2,"2":5,"3":6,"4":3,"5":1},"predicted_position":{"0":1,"1":3,"2":5,"3":6,"4":4,"5":2},"questions_total":{"0":54,"1":56,"2":45,"3":40,"4":50,"5":61},"tech_rating":{"0":3387,"1":2604,"2":1884,"3":1176,"4":2540,"5":2868}}