{"base_name":{"0":"\u0421\u0435\u0432\u0435\u0440\u043d\u043e\u0435 \u0441\u0438\u044f\u043d\u0438\u0435","1":"\u0410\u0432\u043e\u0441\u044c\u043a\u0430","2":"\u0414\u043e\u043c \u0443 \u0434\u043e\u0440\u043e\u0433\u0438","3":"\u0412\u0438\u043d\u0442\u0430\u0436","4":"\u0422\u0440\u0430\u0434\u0438\u0446\u0438\u0438 \u041e\u0421","5":"\u041a\u0432\u0430\u043d\u0442\u043e\u0432\u0430\u044f \u043b\u0438\u043d\u0438\u044f","6":"\u041d\u0430\u0443\u0433\u0430\u0434","7":"\u0410\u0442\u043e\u043c\u043f\u043b\u043e\u0432"},"bonus_a":{"0":6,"1":344,"2":38,"3":0,"4":0,"5":0,"6":1173,"7":0},"bonus_b":{"0":87,"1":217,"2":127,"3":281,"4":21,"5":32,"6":385,"7":177},"current_name":{"0":"\u0421\u0435\u0432\u0435\u0440\u043d\u043e\u0435 \u0441\u0438\u044f\u043d\u0438\u0435","1":"\u0410\u0432\u043e\u0441\u044c\u043a\u0430","2":"\u0414\u043e\u043c \u0443 \u0434\u043e\u0440\u043e\u0433\u0438","3":"\u0412\u0438\u043d\u0442\u0430\u0436","4":"\u0422\u0440\u0430\u0434\u0438\u0446\u0438\u0438 \u041e\u0421","5":"\u041a\u0432\u0430\u043d\u0442\u043e\u0432\u0430\u044f \u043b\u0438\u043d\u0438\u044f","6":"\u041d\u0430\u0443\u0433\u0430\u0434","7":"\u0410\u0442\u043e\u043c\u043f\u043b\u043e\u0432"},"d_bonus_a":{"0":6,"1":344,"2":38,"3":685,"4":0,"5":0,"6":1173,"7":144},"d_bonus_b":{"0":87,"1":217,"2":127,"3":281,"4":21,"5":32,"6":385,"7":177},"d_diff_bonus":{"0":-45,"1":130,"2":106,"3":-52,"4":-53,"5":0,"6":169,"7":-52},"diff_bonus":{"0":-45,"1":130,"2":106,"3":-52,"4":-53,"5":0,"6":169,"7":-52},"idteam":{"0":39228,"1":42185,"2":44792,"3":47089,"4":48140,"5":56251,"6":57147,"7":57205},"included_in_rating":{"0":1,"1":1,"2":1,"3":1,"4":1,"5":1,"6":1,"7":0},"mask":{"0":1.0001001e+46,"1":1.101100101e+142,"2":1.01000001e+137,"3":1.100101101e+142,"4":1.000111011e+87,"5":1e+142,"6":1.0001101e+142,"7":1.111101001e+89},"position":{"0":6,"1":3,"2":5,"3":2,"4":8,"5":7,"6":1,"7":4},"predicted_position":{"0":4,"1":6,"2":8,"3":1,"4":5,"5":7,"6":3,"7":2},"questions_total":{"0":17,"1":46,"2":29,"3":48,"4":17,"5":19,"6":48,"7":38},"tech_rating":{"0":971,"1":604,"2":182,"3":2092,"4":712,"5":186,"6":1093,"7":1471}}