{"base_name":{"0":"\u0422\u0435\u043e\u0440\u0438\u044f \u0431\u043e\u043b\u044c\u0448\u043e\u0433\u043e \u0441\u043b\u0438\u0432\u0430","1":"\u0422\u0438\u0445\u0443\u0430\u043d\u0430","2":"\u0420\u043e\u0436\u0434\u0451\u043d\u043d\u044b\u0435 \u043f\u043e\u0431\u0435\u0436\u0434\u0430\u0442\u044c","3":"\u0414\u0414","4":"3D&Co","5":"Do It Again","6":"\u0412\u0443\u043d\u0434\u0435\u0440\u043a\u0438\u043d\u0434\u044b","7":"\u0422\u0440\u0438\u0430\u0434\u0430","8":"\u0410\u043f\u0435\u043b\u044c\u0441\u0438\u043d","9":"\u0417\u043d\u0430\u0442\u043e\u043a\u0438","10":"\u0418\u0440\u043c\u0438\u043a","11":"\u0415\u0436\u0438"},"bonus_a":{"0":13,"1":0,"2":0,"3":0,"4":0,"5":0,"6":0,"7":0,"8":0,"9":0,"10":0,"11":0},"bonus_b":{"0":17,"1":0,"2":0,"3":2,"4":4,"5":8,"6":0,"7":11,"8":0,"9":0,"10":3,"11":0},"current_name":{"0":"\u0422\u0435\u043e\u0440\u0438\u044f \u0431\u043e\u043b\u044c\u0448\u043e\u0433\u043e \u0441\u043b\u0438\u0432\u0430","1":"Tihuana","2":"\u0420\u043e\u0436\u0434\u0451\u043d\u043d\u044b\u0435 \u043f\u043e\u0431\u0435\u0436\u0434\u0430\u0442\u044c","3":"\u0414\u0414","4":"3D&Co","5":"Do It Again","6":"\u0412\u0443\u043d\u0434\u0435\u0440\u043a\u0438\u043d\u0434\u044b","7":"\u0422\u0440\u0438\u0430\u0434\u0430","8":"\u0410\u043f\u0435\u043b\u044c\u0441\u0438\u043d","9":"\u0417\u043d\u0430\u0442\u043e\u043a\u0438","10":"\u0418\u0440\u043c\u0438\u043a","11":"\u0415\u0436\u0438"},"d_bonus_a":{"0":13,"1":0,"2":0,"3":0,"4":0,"5":0,"6":0,"7":0,"8":0,"9":0,"10":0,"11":0},"d_bonus_b":{"0":17,"1":0,"2":0,"3":2,"4":4,"5":8,"6":0,"7":11,"8":0,"9":0,"10":3,"11":0},"d_diff_bonus":{"0":14,"1":-6,"2":-1,"3":2,"4":2,"5":-5,"6":0,"7":7,"8":-4,"9":0,"10":3,"11":0},"diff_bonus":{"0":14,"1":-6,"2":-1,"3":2,"4":2,"5":-5,"6":0,"7":7,"8":-4,"9":0,"10":3,"11":0},"idteam":{"0":51585,"1":53344,"2":53913,"3":53915,"4":54591,"5":55213,"6":55438,"7":55439,"8":57399,"9":57400,"10":57402,"11":57403},"included_in_rating":{"0":1,"1":1,"2":1,"3":1,"4":1,"5":1,"6":1,"7":1,"8":1,"9":1,"10":1,"11":1},"mask":{"0":1.11e+43,"1":1e+42,"2":1e+42,"3":1e+42,"4":1e+42,"5":1.00011001e+42,"6":1101100011100000.0,"7":1.00001e+42,"8":1.00000001e+42,"9":1.000000001e+42,"10":1.00001e+32,"11":1e+42},"position":{"0":1.0,"1":10.5,"2":8.0,"3":6.0,"4":4.0,"5":3.0,"6":10.5,"7":2.0,"8":8.0,"9":12.0,"10":5.0,"11":8.0},"predicted_position":{"0":5,"1":2,"2":7,"3":10,"4":6,"5":1,"6":10,"7":4,"8":3,"9":10,"10":10,"11":10},"questions_total":{"0":20,"1":7,"2":8,"3":9,"4":11,"5":14,"6":7,"7":16,"8":8,"9":6,"10":10,"11":8},"tech_rating":{"0":15,"1":61,"2":11,"3":0,"4":12,"5":95,"6":0,"7":24,"8":47,"9":0,"10":0,"11":0}}