{"base_name":{"0":"\u0412\u0430-\u0431\u0430\u043d\u043a","1":"\u0410\u043b\u0442\u044b\u043d \u0410\u0441\u044b\u0440","2":"\u0427\u0451\u0440\u043d\u0430\u044f \u0436\u0435\u043c\u0447\u0443\u0436\u0438\u043d\u0430","3":"\u041f\u0430\u043f\u0438\u0440\u0443\u0441","4":"Infoabad","5":"\u041c\u0422\u0421","6":"\u041a\u0430\u0440\u0434\u0430\u043c\u043e\u043d","7":"\u041a\u0430\u043a \u0445\u043e\u0442\u0438\u0442\u0435","8":"\u041a\u0438\u043c","9":"Phantom","10":"\u0422\u0414\u0425"},"bonus_a":{"0":1536,"1":1118,"2":0,"3":11,"4":311,"5":1883,"6":0,"7":0,"8":0,"9":0,"10":0},"bonus_b":{"0":472,"1":270,"2":0,"3":119,"4":178,"5":595,"6":24,"7":0,"8":0,"9":0,"10":0},"current_name":{"0":"\u0412\u0430-\u0431\u0430\u043d\u043a","1":"\u0410\u043b\u0442\u044b\u043d \u0410\u0441\u044b\u0440","2":"\u0427\u0451\u0440\u043d\u0430\u044f \u0436\u0435\u043c\u0447\u0443\u0436\u0438\u043d\u0430","3":"\u041f\u0430\u043f\u0438\u0440\u0443\u0441","4":"Infoabad","5":"\u041c\u0422\u0421","6":"\u041a\u0430\u0440\u0434\u0430\u043c\u043e\u043d","7":"\u041a\u0430\u043a \u0445\u043e\u0442\u0438\u0442\u0435","8":"\u041a\u0438\u043c","9":"Phantom","10":"\u0422\u0414\u0425"},"d_bonus_a":{"0":1536,"1":1118,"2":0,"3":11,"4":311,"5":1883,"6":0,"7":0,"8":0,"9":0,"10":0},"d_bonus_b":{"0":472,"1":270,"2":0,"3":119,"4":178,"5":595,"6":24,"7":0,"8":0,"9":0,"10":0},"d_diff_bonus":{"0":-61,"1":0,"2":0,"3":-30,"4":59,"5":125,"6":0,"7":0,"8":0,"9":0,"10":0},"diff_bonus":{"0":-61,"1":0,"2":0,"3":-30,"4":59,"5":125,"6":0,"7":0,"8":0,"9":0,"10":0},"idteam":{"0":1223,"1":2318,"2":8121,"3":42045,"4":46867,"5":53485,"6":58188,"7":58189,"8":58190,"9":58191,"10":58192},"included_in_rating":{"0":1,"1":1,"2":1,"3":1,"4":1,"5":1,"6":1,"7":1,"8":1,"9":1,"10":1},"mask":{"0":1.011000001e+59,"1":1.011010111e+59,"2":1.0100001e+57,"3":1.010000001e+59,"4":1.00000001e+59,"5":1.011e+59,"6":1.01000001e+59,"7":1.00001e+59,"8":1e+32,"9":1.00000001e+59,"10":1e+59},"position":{"0":2.0,"1":3.0,"2":8.5,"3":5.0,"4":4.0,"5":1.0,"6":6.0,"7":7.0,"8":11.0,"9":8.5,"10":10.0},"predicted_position":{"0":1,"1":3,"2":9,"3":4,"4":5,"5":2,"6":6,"7":9,"8":9,"9":9,"10":9},"questions_total":{"0":26,"1":21,"2":5,"3":16,"4":21,"5":31,"6":8,"7":6,"8":3,"9":5,"10":4},"tech_rating":{"0":3047,"1":1536,"2":0,"3":1002,"4":911,"5":2856,"6":203,"7":0,"8":0,"9":0,"10":0}}