{"base_name":{"0":"16 \u0442\u043e\u043d\u043d","1":"\u0425\u0438\u043c\u0435\u0440\u0430","2":"\u0417\u0435\u043b\u0435\u043d\u043e\u0433\u0440\u0430\u0434-43","3":"\u041a\u043e\u043d\u0446\u0435\u043f\u0442\u0443\u0430\u043b\u044c\u043d\u044b\u0439 \u0440\u0435\u0441\u043f\u0435\u043a\u0442","4":"\u0427\u0430\u0439\u043d\u0438\u043a \u0432\u0438\u043d\u0430","5":"\u0421\u043b\u043e\u0432\u043e \u0438 \u0434\u0435\u043b\u043e","6":"\u0421\u0442\u043e\u043b\u0438\u0447\u043d\u0430\u044f","7":"\u041a\u043b\u044e\u043a\u0432\u0430","8":"Venceremos","9":"\u041e\u043f\u0435\u0440\u0435\u0436\u0430\u044f \u043c\u044b\u0441\u043b\u0438","10":"\u041a\u0430\u0442\u043c\u0430\u043d\u0434\u0443"},"bonus_a":{"0":2283,"1":2290,"2":1570,"3":2269,"4":1886,"5":965,"6":2243,"7":0,"8":2191,"9":2089,"10":0},"bonus_b":{"0":1139,"1":1185,"2":269,"3":1066,"4":430,"5":196,"6":978,"7":92,"8":822,"9":684,"10":20},"current_name":{"0":"16 \u0442\u043e\u043d\u043d","1":"\u0425\u0438\u043c\u0435\u0440\u0430","2":"\u0417\u0435\u043b\u0435\u043d\u043e\u0433\u0440\u0430\u0434-43","3":"\u041a\u043e\u043d\u0446\u0435\u043f\u0442\u0443\u0430\u043b\u044c\u043d\u044b\u0439 \u0440\u0435\u0441\u043f\u0435\u043a\u0442","4":"\u0427\u0430\u0439\u043d\u0438\u043a \u0432\u0438\u043d\u0430","5":"\u0421\u043b\u043e\u0432\u043e \u0438 \u0434\u0435\u043b\u043e","6":"\u0421\u0442\u043e\u043b\u0438\u0447\u043d\u0430\u044f","7":"\u041a\u043b\u044e\u043a\u0432\u0430","8":"Venceremos","9":"\u041e\u043f\u0435\u0440\u0435\u0436\u0430\u044f \u043c\u044b\u0441\u043b\u0438","10":"\u041a\u0430\u0442\u043c\u0430\u043d\u0434\u0443"},"d_bonus_a":{"0":2283,"1":2290,"2":1570,"3":2269,"4":1886,"5":965,"6":2243,"7":144,"8":2191,"9":2089,"10":0},"d_bonus_b":{"0":1139,"1":1185,"2":269,"3":1066,"4":430,"5":196,"6":978,"7":92,"8":822,"9":684,"10":20},"d_diff_bonus":{"0":83,"1":58,"2":73,"3":-52,"4":162,"5":-117,"6":6,"7":0,"8":4,"9":2,"10":0},"diff_bonus":{"0":83,"1":58,"2":73,"3":-52,"4":162,"5":-117,"6":6,"7":0,"8":4,"9":2,"10":0},"idteam":{"0":23,"1":222,"2":2237,"3":3960,"4":4243,"5":4246,"6":5150,"7":27021,"8":42375,"9":43002,"10":52157},"included_in_rating":{"0":1,"1":1,"2":1,"3":1,"4":1,"5":1,"6":1,"7":1,"8":1,"9":1,"10":1},"mask":{"0":1.101010101e+71,"1":1.111110101e+71,"2":1.0101001e+68,"3":1.10001011e+71,"4":1.001110101e+71,"5":1.000000101e+71,"6":1.001110101e+71,"7":1.00000011e+71,"8":1.0111001e+71,"9":1.001010101e+71,"10":1.01e+66},"position":{"0":2,"1":1,"2":8,"3":3,"4":7,"5":9,"6":4,"7":10,"8":5,"9":6,"10":11},"predicted_position":{"0":3,"1":2,"2":9,"3":1,"4":8,"5":7,"6":4,"7":10,"8":5,"9":6,"10":11},"questions_total":{"0":42,"1":42,"2":29,"3":41,"4":29,"5":28,"6":41,"7":23,"8":36,"9":32,"10":15},"tech_rating":{"0":4868,"1":5110,"2":1263,"3":5196,"4":1446,"5":2495,"6":4787,"7":693,"8":4048,"9":3955,"10":169}}