{"base_name":{"0":"Alta vista","1":"\u0412\u043e\u0432\u0430 \u0438 \u043c\u0435\u0434\u0432\u0435\u0434\u044c","2":"\u0413\u0432\u0430\u0440\u0434\u0438\u044f","3":"\u041c\u0413\u0422\u0423 - \u041c\u0438\u043a\u0441\u0442","4":"\u041d\u043e \u044d\u0442\u043e \u043d\u0435 \u0442\u043e\u0447\u043d\u043e","5":"\u042d\u0442\u043e \u0432\u0430\u043c \u043d\u0435 \u044d\u0442\u043e","6":"\u041c\u0413\u0422\u0423 - \u0417\u043e\u0432 \u0441\u043e\u0432","7":"\u041c\u044b \u043d\u0435 \u0437\u043d\u0430\u0435\u043c","8":"\u0410\u043d\u043d\u0438\u0433\u0438\u043b\u044f\u0446\u0438\u044f","9":"\u041c\u0413\u0422\u0423 - \u041b\u0435\u0433\u0438\u043e\u043d\u0435\u0440\u044b","10":"\u0424\u043e\u043d\u0434 \u0431\u043e\u0440\u044c\u0431\u044b \u0441 \u041a\u043e\u043d\u0444\u0443\u0446\u0438\u0435\u043c"},"bonus_a":{"0":1525,"1":0,"2":0,"3":0,"4":0,"5":86,"6":270,"7":1,"8":645,"9":0,"10":0},"bonus_b":{"0":901,"1":538,"2":1232,"3":1046,"4":1232,"5":46,"6":262,"7":17,"8":369,"9":697,"10":188},"current_name":{"0":"Alta vista","1":"\u0412\u043e\u0432\u0430 \u0438 \u043c\u0435\u0434\u0432\u0435\u0434\u044c","2":"Gabella Gaming","3":"\u041c\u0413\u0422\u0423 - \u041c\u0438\u043a\u0441\u0442","4":"\u0422\u043e\u043d\u043a\u0430\u044f \u0434\u0443\u0448\u0435\u0432\u043d\u0430\u044f \u043e\u0440\u0433\u0430\u043d\u0438\u0437\u0430\u0446\u0438\u044f","5":"\u042d\u0442\u043e \u0432\u0430\u043c \u043d\u0435 \u044d\u0442\u043e","6":"\u041c\u0413\u0422\u0423 - \u0417\u043e\u0432 \u0441\u043e\u0432","7":"\u041c\u044b \u043d\u0435 \u0437\u043d\u0430\u0435\u043c","8":"\u0410\u043d\u043d\u0438\u0433\u0438\u043b\u044f\u0446\u0438\u044f","9":"\u041c\u0413\u0422\u0423 - \u041b\u0435\u0433\u0438\u043e\u043d\u0435\u0440\u044b","10":"\u0424\u043e\u043d\u0434 \u0431\u043e\u0440\u044c\u0431\u044b \u0441 \u041a\u043e\u043d\u0444\u0443\u0446\u0438\u0435\u043c"},"d_bonus_a":{"0":1525,"1":1111,"2":2139,"3":1887,"4":2139,"5":86,"6":270,"7":1,"8":645,"9":1354,"10":171},"d_bonus_b":{"0":901,"1":538,"2":1232,"3":1046,"4":1232,"5":46,"6":262,"7":17,"8":369,"9":697,"10":188},"d_diff_bonus":{"0":105,"1":1,"2":-15,"3":4,"4":50,"5":0,"6":0,"7":0,"8":1,"9":-50,"10":0},"diff_bonus":{"0":105,"1":1,"2":-15,"3":4,"4":50,"5":0,"6":0,"7":0,"8":1,"9":-50,"10":0},"idteam":{"0":1337,"1":39018,"2":45367,"3":47297,"4":48762,"5":50747,"6":51584,"7":53707,"8":54889,"9":55270,"10":58461},"included_in_rating":{"0":1,"1":0,"2":0,"3":0,"4":0,"5":1,"6":1,"7":1,"8":1,"9":0,"10":1},"mask":{"0":1.011101101e+35,"1":1.10110011e+34,"2":1.111111111e+35,"3":1.111111111e+35,"4":1.11011111e+34,"5":1.001e+31,"6":1.11111101e+34,"7":1.01e+22,"8":1.111011e+34,"9":1.01111111e+34,"10":1.111000101e+35},"position":{"0":4.0,"1":6.0,"2":1.5,"3":3.0,"4":1.5,"5":10.0,"6":8.0,"7":11.0,"8":7.0,"9":5.0,"10":9.0},"predicted_position":{"0":5,"1":6,"2":1,"3":3,"4":2,"5":10,"6":8,"7":11,"8":7,"9":4,"10":9},"questions_total":{"0":22,"1":19,"2":28,"3":24,"4":28,"5":5,"6":14,"7":3,"8":18,"9":21,"10":11},"tech_rating":{"0":3636,"1":3000,"2":6313,"3":5058,"4":5299,"5":318,"6":1424,"7":148,"8":2022,"9":4686,"10":1396}}