{"base_name":{"0":"\u0421\u0430\u0448\u0430 \u0438 \u043c\u0435\u0434\u0432\u0435\u0434\u0438","1":"\u0412\u0435\u0441\u0442\u0438\u043c\u043e","2":"\u0422\u043e\u0440\u043c\u043e\u0437\u0430","3":"42","4":"\u0421\u0443\u0431\u0431\u043e\u0442\u0430 13","5":"\u0412\u0435\u0440\u0435\u0442\u0435\u043d\u043e","6":"\u0410\u0431\u0437\u0430\u0446","7":"\u0412\u043f\u0435\u0440\u0451\u0434","8":"\u041e\u0440\u0435\u0445","9":"\u041e\u0434\u043d\u0430\u043a\u043e","10":"\u041a\u0443\u0437\u0438\u043d\u0430\u0442\u0440\u0430","11":"\u0421\u043e\u0432\u0445\u043e\u0437 \u041f\u043e\u0431\u0435\u0434\u0430","12":"\u0427\u0417","13":"BBQ in the Park"},"bonus_a":{"0":1980,"1":2233,"2":1678,"3":2064,"4":2286,"5":2277,"6":2177,"7":1856,"8":0,"9":1265,"10":2262,"11":2137,"12":972,"13":1435},"bonus_b":{"0":555,"1":767,"2":430,"3":597,"4":1136,"5":992,"6":686,"7":497,"8":122,"9":275,"10":898,"11":644,"12":214,"13":365},"current_name":{"0":"\u0421\u0430\u0448\u0430 \u0438 \u043c\u0435\u0434\u0432\u0435\u0434\u0438","1":"\u0412\u0435\u0441\u0442\u0438\u043c\u043e","2":"\u0422\u043e\u0440\u043c\u043e\u0437\u0430","3":"42","4":"\u0421\u0443\u0431\u0431\u043e\u0442\u0430 13","5":"\u0412\u0435\u0440\u0435\u0442\u0435\u043d\u043e","6":"\u0410\u0431\u0437\u0430\u0446","7":"\u0412\u043f\u0435\u0440\u0451\u0434","8":"\u041e\u0440\u0435\u0445","9":"\u041e\u0434\u043d\u0430\u043a\u043e","10":"\u041a\u0443\u0437\u0438\u043d\u0430\u0442\u0440\u0430","11":"\u0421\u043e\u0432\u0445\u043e\u0437 \u041f\u043e\u0431\u0435\u0434\u0430","12":"\u0427\u0417","13":"BBQ in the Park"},"d_bonus_a":{"0":1980,"1":2233,"2":1678,"3":2064,"4":2286,"5":2277,"6":2177,"7":1856,"8":0,"9":1265,"10":2262,"11":2137,"12":972,"13":1435},"d_bonus_b":{"0":555,"1":767,"2":430,"3":597,"4":1136,"5":992,"6":686,"7":497,"8":122,"9":275,"10":898,"11":644,"12":214,"13":365},"d_diff_bonus":{"0":127,"1":3,"2":-33,"3":-22,"4":154,"5":101,"6":2,"7":-49,"8":0,"9":0,"10":-114,"11":91,"12":0,"13":1},"diff_bonus":{"0":127,"1":3,"2":-33,"3":-22,"4":154,"5":101,"6":2,"7":-49,"8":0,"9":0,"10":-114,"11":91,"12":0,"13":1},"idteam":{"0":271,"1":365,"2":446,"3":645,"4":1733,"5":1966,"6":5242,"7":37690,"8":37821,"9":38639,"10":38917,"11":40400,"12":45633,"13":51471},"included_in_rating":{"0":1,"1":1,"2":0,"3":1,"4":1,"5":1,"6":1,"7":1,"8":0,"9":1,"10":1,"11":1,"12":1,"13":1},"mask":{"0":1.10001011e+59,"1":1.000011011e+74,"2":1.1100001e+69,"3":1.001000001e+70,"4":1.001110101e+74,"5":1.00111001e+74,"6":1.001011e+74,"7":1.000000101e+74,"8":1.00000011e+59,"9":1.000000001e+71,"10":1.10011001e+74,"11":1.001011e+74,"12":1.000001001e+67,"13":1.00101001e+74},"position":{"0":8,"1":4,"2":10,"3":7,"4":1,"5":2,"6":5,"7":9,"8":14,"9":12,"10":3,"11":6,"12":13,"13":11},"predicted_position":{"0":10,"1":4,"2":9,"3":6,"4":2,"5":3,"6":5,"7":7,"8":14,"9":12,"10":1,"11":8,"12":13,"13":11},"questions_total":{"0":32,"1":40,"2":29,"3":33,"4":52,"5":46,"6":39,"7":30,"8":16,"9":23,"10":45,"11":34,"12":18,"13":24},"tech_rating":{"0":2116,"1":3626,"2":2407,"3":2955,"4":4637,"5":4395,"6":3106,"7":2727,"8":1043,"9":1435,"10":5464,"11":2616,"12":1304,"13":1942}}