{"base_name":{"0":"\u0414\u0432\u0438\u043d","1":"\u041d\u0435\u043c\u0435\u0437\u0438\u0441","2":"\u041d\u0423\u0418\u0425","3":"\u0411\u0435\u043b\u044b\u0435 \u0438 \u043f\u0443\u0448\u0438\u0441\u0442\u044b\u0435","4":"\u042d\u0444\u0444\u0435\u043a\u0442 \u041f\u0430\u0443\u043b\u0438","5":"Whiplash","6":"\u041f\u0441\u0438\u0445\u0435\u044f","7":"\u041e\u0440\u0444\u0435\u0439","8":"Cult.am","9":"\u0410\u0440\u0430\u0433\u0430\u0441\u0442"},"bonus_a":{"0":0,"1":0,"2":2047,"3":179,"4":1664,"5":1075,"6":179,"7":1664,"8":0,"9":2230},"bonus_b":{"0":576,"1":916,"2":748,"3":162,"4":460,"5":286,"6":162,"7":460,"8":77,"9":1140},"current_name":{"0":"\u041f\u0435\u0440\u0435\u0414\u0432\u0438\u043d","1":"\u041d\u0435\u043c\u0435\u0437\u0438\u0441","2":"\u041d\u0423\u0418\u0425","3":"\u0411\u0435\u043b\u044b\u0435 \u0438 \u043f\u0443\u0448\u0438\u0441\u0442\u044b\u0435","4":"\u042d\u0444\u0444\u0435\u043a\u0442 \u041f\u0430\u0443\u043b\u0438","5":"Whiplash","6":"\u041f\u0441\u0438\u0445\u0435\u044f","7":"\u041e\u0440\u0444\u0435\u0439","8":"Cult.am","9":"16\u041a \u0438 \u0447\u0435\u0442\u044b\u0440\u0435 \u044e\u043d\u0433\u0438"},"d_bonus_a":{"0":1956,"1":2166,"2":2047,"3":179,"4":1664,"5":1075,"6":179,"7":1664,"8":0,"9":2230},"d_bonus_b":{"0":576,"1":916,"2":748,"3":162,"4":460,"5":286,"6":162,"7":460,"8":77,"9":1140},"d_diff_bonus":{"0":-168,"1":335,"2":3,"3":-13,"4":-57,"5":0,"6":85,"7":-20,"8":-30,"9":10},"diff_bonus":{"0":-168,"1":335,"2":3,"3":-13,"4":-57,"5":0,"6":85,"7":-20,"8":-30,"9":10},"idteam":{"0":1025,"1":3301,"2":5141,"3":28354,"4":38400,"5":38816,"6":42358,"7":51169,"8":54853,"9":56664},"included_in_rating":{"0":0,"1":1,"2":1,"3":1,"4":1,"5":1,"6":1,"7":1,"8":0,"9":1},"mask":{"0":1.111011011e+35,"1":1.110100111e+34,"2":1.011101101e+34,"3":1.101000001e+33,"4":1.00101101e+35,"5":1.01101011e+35,"6":1.01011e+35,"7":1.0110101e+35,"8":1.01011e+34,"9":1.111110111e+35},"position":{"0":4.0,"1":2.0,"2":3.0,"3":8.5,"4":5.5,"5":7.0,"6":8.5,"7":5.5,"8":10.0,"9":1.0},"predicted_position":{"0":2,"1":6,"2":3,"3":8,"4":4,"5":7,"6":10,"7":5,"8":9,"9":1},"questions_total":{"0":16,"1":18,"2":17,"3":6,"4":12,"5":11,"6":6,"7":12,"8":5,"9":23},"tech_rating":{"0":4599,"1":2342,"2":3903,"3":1006,"4":2766,"5":1633,"6":657,"7":2470,"8":828,"9":5783}}