{"base_name":{"0":"SMS","1":"\u0422\u0430\u0439\u0431\u0440\u0435\u0439\u043a","2":"\u0416\u0416","3":"\u041a\u0438\u041c","4":"\u0419\u041e\u0416","5":"\u041a\u043e\u0440\u043e\u043b\u0435\u0432\u044b \u041a\u0443\u0431\u044b \u0438 \u043f\u0440\u0435\u0437\u0438\u0434\u0435\u043d\u0442 \u041f\u0430\u0440\u0430\u0433\u0432\u0430\u044f","6":"\u041c\u044b\u0441\u043b\u0435\u043d\u043d\u0430\u044f \u044d\u043a\u0441\u0433\u0443\u043c\u0430\u0446\u0438\u044f","7":"\u041f\u043ec\u0442\u043e\u0440\u043e\u043d\u043d\u0438\u043c \u0412"},"bonus_a":{"0":0,"1":0,"2":466,"3":304,"4":0,"5":0,"6":0,"7":0},"bonus_b":{"0":80,"1":0,"2":155,"3":105,"4":3,"5":8,"6":51,"7":0},"current_name":{"0":"SMS","1":"\u0422\u0430\u0439\u0431\u0440\u0435\u0439\u043a","2":"\u0416\u0416","3":"\u041a\u0438\u041c","4":"\u0419\u041e\u0416","5":"\u041a\u043e\u0440\u043e\u043b\u0435\u0432\u044b \u041a\u0443\u0431\u044b \u0438 \u043f\u0440\u0435\u0437\u0438\u0434\u0435\u043d\u0442 \u041f\u0430\u0440\u0430\u0433\u0432\u0430\u044f","6":"\u041c\u044b\u0441\u043b\u0435\u043d\u043d\u0430\u044f \u044d\u043a\u0441\u0433\u0443\u043c\u0430\u0446\u0438\u044f","7":"\u041f\u043ec\u0442\u043e\u0440\u043e\u043d\u043d\u0438\u043c \u0412"},"d_bonus_a":{"0":0,"1":0,"2":466,"3":304,"4":0,"5":0,"6":0,"7":0},"d_bonus_b":{"0":80,"1":0,"2":155,"3":105,"4":3,"5":8,"6":51,"7":0},"d_diff_bonus":{"0":29,"1":-4,"2":75,"3":0,"4":0,"5":-74,"6":51,"7":0},"diff_bonus":{"0":29,"1":-4,"2":75,"3":0,"4":0,"5":-74,"6":51,"7":0},"idteam":{"0":5679,"1":5699,"2":5713,"3":5714,"4":56040,"5":58536,"6":58537,"7":58538},"included_in_rating":{"0":1,"1":0,"2":1,"3":1,"4":1,"5":1,"6":1,"7":1},"mask":{"0":1.101100011e+35,"1":1.000011e+31,"2":1.011110011e+35,"3":1.111100011e+35,"4":1.010010001e+34,"5":1.011001e+33,"6":1.0010001e+33,"7":1.01010001e+33},"position":{"0":3.0,"1":7.5,"2":1.0,"3":2.0,"4":6.0,"5":5.0,"6":4.0,"7":7.5},"predicted_position":{"0":4.0,"1":5.0,"2":3.0,"3":2.0,"4":6.0,"5":1.0,"6":7.5,"7":7.5},"questions_total":{"0":19,"1":12,"2":25,"3":23,"4":13,"5":15,"6":16,"7":12},"tech_rating":{"0":401,"1":51,"2":465,"3":546,"4":28,"5":872,"6":0,"7":0}}