{"base_name":{"0":"\u041a\u0430\u043a-\u0442\u043e \u0442\u0430\u043a","1":"\u0422\u0451\u043c\u043d\u044b\u0439 \u043b\u0435\u0441","2":"\u0412\u0435\u0434\u0443\u043d\u044b","3":"Allerlei","4":"\u0410\u043d\u0430\u0445\u043e\u0440\u0435\u0442","5":"\u0410\u0434\u0430\u043c\u0430\u043d\u0442\u0430\u043d","6":"\u0416\u043c\u0443\u0440\u043a\u0438","7":"\u0419\u043e\u0442\u0430 \u041a\u0438\u043b\u044f","8":"\u041a\u0430\u0437\u0438\u043c\u0435\u0436\u0441\u043a\u0438\u0439 \u0426\u0435\u043d\u0442\u0440\u0430\u043b","9":"\u0414\u0443\u0431\u043b\u044c \u0412.","10":"\u0420\u0430\u0434\u0438\u043e \u0421\u0432\u043e\u0431\u043e\u0434\u0430","11":"\u041c\u0438\u043c\u043e","12":"Fat Polar Fox"},"bonus_a":{"0":1775,"1":0,"2":471,"3":0,"4":1625,"5":0,"6":2091,"7":0,"8":0,"9":0,"10":0,"11":0,"12":0},"bonus_b":{"0":598,"1":810,"2":208,"3":714,"4":492,"5":50,"6":887,"7":928,"8":372,"9":208,"10":15,"11":4,"12":70},"current_name":{"0":"\u041a\u0430\u043a-\u0442\u043e \u0442\u0430\u043a","1":"\u0422\u0451\u043c\u043d\u044b\u0435 \u043a\u0443\u0441\u0442\u044b","2":"\u0412\u0435\u0434\u0443\u043d\u044b","3":"Allerlei","4":"\u0410\u043d\u0430\u0445\u043e\u0440\u0435\u0442","5":"\u0410\u0434\u0430\u043c\u0430\u043d\u0442\u0430\u043d","6":"\u0416\u043c\u0443\u0440\u043a\u0438","7":"\u0419\u043e\u0442\u0430 \u041a\u0438\u043b\u044f","8":"\u0421\u0431\u043e\u0440\u043d\u0430\u044f \u0412\u0430\u0440\u0448\u0430\u0432\u0441\u043a\u043e\u0439 \u041f\u0440\u0430\u0433\u0438","9":"\u0414\u0443\u0431\u043b\u044c \u0412.","10":"\u0420\u0430\u0434\u0438\u043e \u0421\u0432\u043e\u0431\u043e\u0434\u0430","11":"\u041c\u0438\u043c\u043e","12":"Fat Polar Fox"},"d_bonus_a":{"0":1775,"1":1998,"2":471,"3":1902,"4":1625,"5":0,"6":2091,"7":2164,"8":1348,"9":471,"10":0,"11":0,"12":0},"d_bonus_b":{"0":598,"1":810,"2":208,"3":714,"4":492,"5":50,"6":887,"7":928,"8":372,"9":208,"10":15,"11":4,"12":70},"d_diff_bonus":{"0":108,"1":100,"2":-82,"3":-45,"4":231,"5":-10,"6":-16,"7":46,"8":219,"9":-195,"10":11,"11":-6,"12":20},"diff_bonus":{"0":108,"1":100,"2":-82,"3":-45,"4":231,"5":-10,"6":-16,"7":46,"8":219,"9":-195,"10":11,"11":-6,"12":20},"idteam":{"0":4130,"1":6790,"2":38682,"3":43151,"4":43515,"5":46827,"6":51253,"7":54151,"8":56079,"9":58755,"10":58756,"11":58757,"12":58761},"included_in_rating":{"0":1,"1":0,"2":1,"3":0,"4":1,"5":0,"6":1,"7":0,"8":1,"9":0,"10":1,"11":1,"12":1},"mask":{"0":1.10001111e+58,"1":1.101110001e+55,"2":1.01e+52,"3":1.101100001e+55,"4":1.0000001e+59,"5":1.011e+54,"6":1.10001111e+59,"7":1.110110111e+59,"8":1.0011e+55,"9":1.0001111e+58,"10":1.0100011e+59,"11":1.00001e+39,"12":1.000000001e+59},"position":{"0":5.0,"1":3.0,"2":8.5,"3":4.0,"4":6.0,"5":11.0,"6":2.0,"7":1.0,"8":7.0,"9":8.5,"10":12.0,"11":13.0,"12":10.0},"predicted_position":{"0":6,"1":4,"2":7,"3":3,"4":8,"5":10,"6":1,"7":2,"8":9,"9":5,"10":13,"11":12,"12":11},"questions_total":{"0":21,"1":25,"2":12,"3":24,"4":17,"5":9,"6":28,"7":31,"8":15,"9":12,"10":8,"11":4,"12":11},"tech_rating":{"0":2610,"1":3544,"2":2063,"3":3878,"4":1583,"5":380,"6":4138,"7":4119,"8":1019,"9":3010,"10":33,"11":108,"12":366}}