{"base_name":{"0":"\u0411\u044b\u0441\u0442\u0440\u044b\u0439 \u043d\u0435\u0439\u0442\u0440\u043e\u043d","1":"\u0422\u043e\u0436\u0435 \u0432\u0430\u0440\u0438\u0430\u043d\u0442","2":"\u0411\u044b\u0441\u0442\u0440\u044b\u0435 \u0431\u043e\u0431\u0440\u044b","3":"\u0421\u0442\u0440\u0435\u043b\u044b \u0410\u0444\u0438\u043d\u044b","4":"\u041d\u0430\u0432\u0438\u0433\u0430\u0442\u043e\u0440","5":"\u0412\u0441\u043f\u043e\u043c\u043d\u0438\u0442\u044c \u0432\u0441\u0451","6":"\u0421\u0424 \u041d\u0418\u041a\u0418\u042d\u0422","7":"Do It Again","8":"\u0422\u0440\u0438\u0430\u0434\u0430"},"bonus_a":{"0":1359,"1":1571,"2":1704,"3":1065,"4":282,"5":571,"6":5,"7":0,"8":5},"bonus_b":{"0":218,"1":277,"2":344,"3":159,"4":38,"5":87,"6":9,"7":2,"8":9},"current_name":{"0":"\u0411\u044b\u0441\u0442\u0440\u044b\u0439 \u043d\u0435\u0439\u0442\u0440\u043e\u043d","1":"\u0422\u043e\u0436\u0435 \u0432\u0430\u0440\u0438\u0430\u043d\u0442","2":"\u0411\u044b\u0441\u0442\u0440\u044b\u0435 \u0431\u043e\u0431\u0440\u044b","3":"\u0421\u0442\u0440\u0435\u043b\u044b \u0410\u0444\u0438\u043d\u044b","4":"\u041d\u0430\u0432\u0438\u0433\u0430\u0442\u043e\u0440","5":"\u0412\u0441\u043f\u043e\u043c\u043d\u0438\u0442\u044c \u0432\u0441\u0451","6":"\u0421\u0424 \u041d\u0418\u041a\u0418\u042d\u0422","7":"Do It Again","8":"\u0422\u0440\u0438\u0430\u0434\u0430"},"d_bonus_a":{"0":1359,"1":1571,"2":1704,"3":1065,"4":282,"5":571,"6":5,"7":0,"8":5},"d_bonus_b":{"0":218,"1":277,"2":344,"3":159,"4":38,"5":87,"6":9,"7":2,"8":9},"d_diff_bonus":{"0":-30,"1":-34,"2":127,"3":0,"4":0,"5":0,"6":7,"7":-6,"8":5},"diff_bonus":{"0":-30,"1":-34,"2":127,"3":0,"4":0,"5":0,"6":7,"7":-6,"8":5},"idteam":{"0":44834,"1":46312,"2":46313,"3":46826,"4":47267,"5":50883,"6":53651,"7":55213,"8":55439},"included_in_rating":{"0":1,"1":1,"2":1,"3":1,"4":1,"5":1,"6":1,"7":1,"8":1},"mask":{"0":1.010100011e+33,"1":1.00000001e+35,"2":1.010001e+35,"3":1e+35,"4":1.00000001e+35,"5":1.000001e+35,"6":1.11e+25,"7":10000.0,"8":1.00000001e+35},"position":{"0":3.0,"1":2.0,"2":1.0,"3":4.0,"4":6.0,"5":5.0,"6":7.5,"7":9.0,"8":7.5},"predicted_position":{"0":2,"1":1,"2":3,"3":4,"4":6,"5":5,"6":9,"7":7,"8":8},"questions_total":{"0":13,"1":14,"2":16,"3":10,"4":5,"5":7,"6":4,"7":1,"8":4},"tech_rating":{"0":1438,"1":1755,"2":1180,"3":987,"4":267,"5":582,"6":14,"7":93,"8":27}}