{"base_name":{"0":"\u0417\u0435\u043b\u0451\u043d\u044b\u0439 \u0442\u0440\u0430\u043c\u0432\u0430\u0439","1":"\u041e\u0430\u0437\u0438\u0441","2":"\u041a\u0430\u0440\u0442 \u0431\u043b\u0430\u043d\u0448","3":"Pokerface","4":"Savage","5":"Alterego","6":"\u041d\u0430\u0441\u043c\u0430\u0440\u043a\u0443","7":"\u0424\u0438\u0437\u0438\u043a\u0438 \u0438 \u041b\u0438\u0440\u0438\u043a\u0438"},"bonus_a":{"0":2190,"1":988,"2":1926,"3":2260,"4":2235,"5":2102,"6":1592,"7":39},"bonus_b":{"0":741,"1":317,"2":595,"3":869,"4":784,"5":664,"6":496,"7":43},"current_name":{"0":"\u0417\u0435\u043b\u0451\u043d\u044b\u0439 \u0442\u0440\u0430\u043c\u0432\u0430\u0439","1":"\u041e\u0430\u0437\u0438\u0441","2":"\u041a\u0430\u0440\u0442 \u0431\u043b\u0430\u043d\u0448","3":"Pokerface","4":"Savage","5":"Alterego","6":"\u041d\u0430\u0441\u043c\u0430\u0440\u043a\u0443","7":"\u0424\u0438\u0437\u0438\u043a\u0438 \u0438 \u041b\u0438\u0440\u0438\u043a\u0438"},"d_bonus_a":{"0":2190,"1":988,"2":1926,"3":2260,"4":2235,"5":2102,"6":1592,"7":39},"d_bonus_b":{"0":741,"1":317,"2":595,"3":869,"4":784,"5":664,"6":496,"7":43},"d_diff_bonus":{"0":-19,"1":-173,"2":280,"3":133,"4":-40,"5":71,"6":1,"7":0},"diff_bonus":{"0":-19,"1":-173,"2":280,"3":133,"4":-40,"5":71,"6":1,"7":0},"idteam":{"0":405,"1":2765,"2":6178,"3":42252,"4":42558,"5":44533,"6":51543,"7":52088},"included_in_rating":{"0":1,"1":1,"2":1,"3":1,"4":1,"5":1,"6":1,"7":1},"mask":{"0":1.100110101e+62,"1":1.010000011e+62,"2":1.111111e+53,"3":1.111010011e+63,"4":1.010111011e+62,"5":1.100001e+62,"6":1.000000011e+62,"7":1.011000001e+52},"position":{"0":3,"1":7,"2":5,"3":1,"4":2,"5":4,"6":6,"7":8},"predicted_position":{"0":2,"1":4,"2":7,"3":3,"4":1,"5":5,"6":6,"7":8},"questions_total":{"0":33,"1":20,"2":27,"3":35,"4":35,"5":26,"6":23,"7":10},"tech_rating":{"0":3529,"1":3130,"2":2527,"3":3497,"4":4076,"5":2971,"6":2880,"7":367}}