{"base_name":{"0":"Acord","1":"\u041a\u043e\u043c\u0430\u043d\u0434\u0430 \u0410\u043b\u0445\u0430\u0437\u043e\u0432\u0430","2":"\u041a\u0430\u0440\u0442 \u0431\u043b\u0430\u043d\u0448","3":"H5N1","4":"Nabucodonosor","5":"Pokerface","6":"Draft","7":"Google-Moogle","8":"Al K Pony","9":"Gladivs","10":"Marvel","11":"Expecta Patronum","12":"2B","13":"In Quatro","14":"Melchior","15":"Society","16":"42","17":"Glimmers of Intelligence"},"bonus_a":{"0":0,"1":1742,"2":2010,"3":269,"4":2148,"5":1331,"6":0,"7":2222,"8":0,"9":0,"10":0,"11":0,"12":0,"13":0,"14":0,"15":0,"16":0,"17":0},"bonus_b":{"0":33,"1":524,"2":607,"3":174,"4":656,"5":415,"6":253,"7":988,"8":0,"9":1,"10":0,"11":0,"12":0,"13":0,"14":0,"15":0,"16":0,"17":0},"current_name":{"0":"Acord","1":"Echipa lui Alhazov","2":"Carte Blanche","3":"H5N1","4":"Nabucodonosor","5":"Pokerface","6":"Draft","7":"Google-Moogle","8":"Al K Pony","9":"Gladivs","10":"Marvel","11":"Expecta Patronum","12":"2B","13":"In Quatro","14":"Melchior","15":"Society","16":"42","17":"Glimmers of Intelligence"},"d_bonus_a":{"0":0,"1":1742,"2":2010,"3":269,"4":2148,"5":1331,"6":904,"7":2222,"8":0,"9":0,"10":0,"11":0,"12":0,"13":0,"14":0,"15":0,"16":0,"17":0},"d_bonus_b":{"0":33,"1":524,"2":607,"3":174,"4":656,"5":415,"6":253,"7":988,"8":0,"9":1,"10":0,"11":0,"12":0,"13":0,"14":0,"15":0,"16":0,"17":0},"d_diff_bonus":{"0":-71,"1":-231,"2":2,"3":141,"4":134,"5":-120,"6":0,"7":580,"8":-1,"9":1,"10":0,"11":0,"12":0,"13":0,"14":0,"15":0,"16":0,"17":0},"diff_bonus":{"0":-71,"1":-231,"2":2,"3":141,"4":134,"5":-120,"6":0,"7":580,"8":-1,"9":1,"10":0,"11":0,"12":0,"13":0,"14":0,"15":0,"16":0,"17":0},"idteam":{"0":3190,"1":3465,"2":6178,"3":7512,"4":28458,"5":42252,"6":44523,"7":44524,"8":54304,"9":58654,"10":58655,"11":58656,"12":58657,"13":58658,"14":58659,"15":58660,"16":58661,"17":58665},"included_in_rating":{"0":1,"1":1,"2":1,"3":1,"4":1,"5":1,"6":0,"7":1,"8":1,"9":1,"10":1,"11":1,"12":1,"13":1,"14":1,"15":1,"16":1,"17":1},"mask":{"0":1.0111101e+58,"1":1.0111011e+58,"2":1.0101111e+58,"3":1.0101111e+58,"4":1.0101111e+58,"5":1.01111111e+58,"6":1.00011011e+58,"7":1.010111111e+58,"8":1.0101101e+58,"9":1.10101101e+59,"10":1.00011e+30,"11":1.11001e+56,"12":1.00011e+58,"13":1.1e+54,"14":1.0111e+58,"15":1.0001e+58,"16":1.0101001e+58,"17":1.0101e+58},"position":{"0":8.0,"1":4.0,"2":3.0,"3":7.0,"4":2.0,"5":5.0,"6":6.0,"7":1.0,"8":11.0,"9":9.0,"10":18.0,"11":14.0,"12":12.0,"13":15.5,"14":10.0,"15":17.0,"16":13.0,"17":15.5},"predicted_position":{"0":7.0,"1":1.0,"2":3.0,"3":8.0,"4":4.0,"5":2.0,"6":6.0,"7":5.0,"8":9.0,"9":10.0,"10":14.5,"11":14.5,"12":14.5,"13":14.5,"14":14.5,"15":14.5,"16":14.5,"17":14.5},"questions_total":{"0":25,"1":34,"2":34,"3":26,"4":35,"5":31,"6":27,"7":37,"8":14,"9":20,"10":3,"11":9,"12":13,"13":7,"14":15,"15":6,"16":12,"17":7},"tech_rating":{"0":1331,"1":5595,"2":2926,"3":281,"4":2684,"5":2991,"6":1412,"7":2445,"8":5,"9":1,"10":0,"11":0,"12":0,"13":0,"14":0,"15":0,"16":0,"17":0}}