{"base_name":{"0":"\u041f\u0440\u043e\u0447\u0435\u0440\u043a","1":"\u041c\u0435\u0445\u0430\u043d\u0438\u0437\u043c \u0440\u0435\u0430\u043a\u0446\u0438\u0438","2":"Doing a Bradbury","3":"Talk-n-text","4":"\u0410\u043b\u0435\u043a\u0441\u0430\u043d\u0434\u0440 \u0428\u0430\u0439\u043a\u0438\u043d","5":"\u0418\u043d\u0442\u0435\u0433\u0440\u0430\u043b\u044c\u043d\u044b\u0439 \u0438\u043d\u0441\u0430\u0439\u0442"},"bonus_a":{"0":1633,"1":2049,"2":0,"3":775,"4":338,"5":0},"bonus_b":{"0":742,"1":1223,"2":1223,"3":333,"4":144,"5":554},"current_name":{"0":"\u041f\u0440\u043e\u0447\u0435\u0440\u043a","1":"\u041c\u0435\u0445\u0430\u043d\u0438\u0437\u043c \u0440\u0435\u0430\u043a\u0446\u0438\u0438","2":"Doing a Bradbury","3":"Talk-n-text","4":"\u0410\u043b\u0435\u043a\u0441\u0430\u043d\u0434\u0440 \u0428\u0430\u0439\u043a\u0438\u043d","5":"\u0418\u043d\u0442\u0435\u0433\u0440\u0430\u043b\u044c\u043d\u044b\u0439 \u0438\u043d\u0441\u0430\u0439\u0442"},"d_bonus_a":{"0":1633,"1":2049,"2":2049,"3":775,"4":338,"5":1185},"d_bonus_b":{"0":742,"1":1223,"2":1223,"3":333,"4":144,"5":554},"d_diff_bonus":{"0":191,"1":-50,"2":139,"3":1,"4":0,"5":-92},"diff_bonus":{"0":191,"1":-50,"2":139,"3":1,"4":0,"5":-92},"idteam":{"0":2823,"1":3133,"2":44196,"3":48455,"4":50705,"5":51259},"included_in_rating":{"0":1,"1":1,"2":0,"3":1,"4":1,"5":0},"mask":{"0":1.110111001e+28,"1":1.110001111e+34,"2":1.00101111e+34,"3":1.00000001e+34,"4":1.110110001e+27,"5":1.000001111e+34},"position":{"0":3.0,"1":1.5,"2":1.5,"3":5.0,"4":6.0,"5":4.0},"predicted_position":{"0":4,"1":1,"2":2,"3":5,"4":6,"5":3},"questions_total":{"0":18,"1":24,"2":24,"3":9,"4":8,"5":16},"tech_rating":{"0":3282,"1":6780,"2":6151,"3":2211,"4":1222,"5":3948}}