{"base_name":{"0":"Teen Spirit","1":"\u0421\u0438\u0433\u043c\u0430 \u041e\u043c\u0435\u0433\u0430 \u0414\u0435\u043b\u044c\u0442\u0430","2":"\u0418\u0435\u0440\u0415\u0445\u043e\u043d","3":"Venceremos","4":"75D","5":"\u0423\u0434\u0438\u0432\u043b\u0451\u043d\u043d\u044b\u0435 \u0441\u043e\u043b\u043d\u0446\u0435\u043c","6":"\u0411\u0435\u0437 \u0420\u0430\u0437\u043d\u0438\u0446\u044b"},"bonus_a":{"0":1365,"1":2168,"2":860,"3":0,"4":0,"5":0,"6":0},"bonus_b":{"0":488,"1":892,"2":235,"3":977,"4":809,"5":636,"6":711},"current_name":{"0":"Teen Spirit","1":"\u0421\u0438\u0433\u043c\u0430 \u041e\u043c\u0435\u0433\u0430 \u0414\u0435\u043b\u044c\u0442\u0430","2":"\u0418\u0435\u0440\u0415\u0445\u043e\u043d","3":"\u042f \u0431\u0435\u0441\u043a\u043e\u043d\u0435\u0447\u043d\u044b\u0439 \u043b\u043e\u0441\u043e\u0441\u044c","4":"75D","5":"\u0423\u0434\u0438\u0432\u043b\u0451\u043d\u043d\u044b\u0435 \u0441\u043e\u043b\u043d\u0446\u0435\u043c","6":"\u0411\u0435\u0437 \u0420\u0430\u0437\u043d\u0438\u0446\u044b"},"d_bonus_a":{"0":1365,"1":2168,"2":860,"3":2230,"4":2053,"5":1625,"6":1833},"d_bonus_b":{"0":488,"1":892,"2":235,"3":977,"4":809,"5":636,"6":711},"d_diff_bonus":{"0":1,"1":261,"2":0,"3":6,"4":-38,"5":-36,"6":-46},"diff_bonus":{"0":1,"1":261,"2":0,"3":6,"4":-38,"5":-36,"6":-46},"idteam":{"0":2374,"1":8355,"2":38199,"3":42375,"4":59146,"5":59148,"6":59188},"included_in_rating":{"0":1,"1":1,"2":1,"3":0,"4":0,"5":0,"6":0},"mask":{"0":1.100010011e+43,"1":1.100110011e+43,"2":1.10001e+43,"3":1.111111011e+44,"4":1.11111011e+43,"5":1.10010111e+42,"6":1.100001011e+44},"position":{"0":6,"1":2,"2":7,"3":1,"4":3,"5":5,"6":4},"predicted_position":{"0":6,"1":5,"2":7,"3":1,"4":2,"5":4,"6":3},"questions_total":{"0":22,"1":32,"2":12,"3":34,"4":26,"5":23,"6":25},"tech_rating":{"0":3083,"1":3267,"2":1960,"3":4425,"4":4059,"5":3276,"6":3773}}