{"base_name":{"0":"\u0414\u0435\u0442\u0438 \u042d\u0439\u043b\u0435\u0440\u0430","1":"\u041c\u0438\u041c","2":"\u041d\u0430\u043d\u043e\u0442\u0440\u043e\u043b\u043b\u0438","3":"\u0425\u0430\u0439\u0432\u043c\u0430\u0439\u043d\u0434","4":"\u0422\u0430\u0439\u043d\u0430 \u043f\u0435\u0440\u0435\u0432\u0430\u043b\u0430 \u043a\u043e\u0442\u0438\u043a\u0430 \u0441 \u0431\u043e\u043a\u0443 \u043d\u0430 \u0431\u043e\u043a","5":"\u0425\u0438\u0442\u0440\u044b\u0439 \u0438\u0442\u0442\u0440\u0438\u0439"},"bonus_a":{"0":0,"1":1589,"2":324,"3":2149,"4":1859,"5":1129},"bonus_b":{"0":621,"1":350,"2":62,"3":932,"4":447,"5":251},"current_name":{"0":"\u0414\u0435\u0442\u0438 \u042d\u0439\u043b\u0435\u0440\u0430","1":"\u041c\u0438\u041c","2":"\u041d\u0430\u043d\u043e\u0442\u0440\u043e\u043b\u043b\u0438","3":"\u0425\u0430\u0439\u0432\u043c\u0430\u0439\u043d\u0434","4":"\u0422\u0430\u0439\u043d\u0430 \u043f\u0435\u0440\u0435\u0432\u0430\u043b\u0430 \u043a\u043e\u0442\u0438\u043a\u0430 \u0441 \u0431\u043e\u043a\u0443 \u043d\u0430 \u0431\u043e\u043a","5":"\u0425\u0438\u0442\u0440\u044b\u0439 \u0438\u0442\u0442\u0440\u0438\u0439"},"d_bonus_a":{"0":2001,"1":1589,"2":324,"3":2149,"4":1859,"5":1129},"d_bonus_b":{"0":621,"1":350,"2":62,"3":932,"4":447,"5":251},"d_diff_bonus":{"0":1,"1":100,"2":-193,"3":6,"4":98,"5":189},"diff_bonus":{"0":1,"1":100,"2":-193,"3":6,"4":98,"5":189},"idteam":{"0":8723,"1":8725,"2":28391,"3":38722,"4":45807,"5":53700},"included_in_rating":{"0":1,"1":1,"2":1,"3":1,"4":1,"5":1},"mask":{"0":1.111101101e+119,"1":1.01e+112,"2":1.010000111e+119,"3":1.101101111e+119,"4":1.000101111e+119,"5":1.0100111e+117},"position":{"0":2,"1":4,"2":6,"3":1,"4":3,"5":5},"predicted_position":{"0":2,"1":5,"2":3,"3":1,"4":4,"5":6},"questions_total":{"0":53,"1":36,"2":17,"3":74,"4":41,"5":24},"tech_rating":{"0":3350,"1":1857,"2":2291,"3":5233,"4":1890,"5":521}}