{"base_name":{"0":"\u0425\u043e\u0434 \u043a\u043e\u043d\u0451\u043c","1":"\u0425\u0430\u041b\u0435\u0440\u0430","2":"\u041c\u0413\u0422\u0423 - \u0424\u0430\u0431\u0440\u0438\u043a\u0430 \u043c\u044b\u0441\u043b\u0435\u0439","3":"\u041f\u0435\u043d\u044c","4":"\u041c\u0413\u0422\u0423 - \u041c\u043e\u0442\u044b\u0433\u0430","5":"\u0414\u0432\u0430 \u043f\u0430\u043b\u044c\u0446\u0430 \u0432 \u043d\u0451\u0431\u043e","6":"\u041c\u0413\u0422\u0423 - \u041b\u0435\u0433\u0438\u043e\u043d\u0435\u0440\u044b","7":"Joga bonito!","8":"\u0424\u043e\u043d\u0434 \u0431\u043e\u0440\u044c\u0431\u044b \u0441 \u041a\u043e\u043d\u0444\u0443\u0446\u0438\u0435\u043c","9":"Backing bread"},"bonus_a":{"0":1255,"1":2154,"2":0,"3":234,"4":1696,"5":2154,"6":0,"7":404,"8":0,"9":0},"bonus_b":{"0":588,"1":862,"2":744,"3":403,"4":684,"5":862,"6":212,"7":507,"8":862,"9":44},"current_name":{"0":"\u0425\u043e\u0434 \u043a\u043e\u043d\u0451\u043c","1":"\u0425\u0430\u041b\u0435\u0440\u0430","2":"\u041c\u0413\u0422\u0423 - \u0424\u0430\u0431\u0440\u0438\u043a\u0430 \u043c\u044b\u0441\u043b\u0435\u0439","3":"\u041f\u0435\u043d\u044c","4":"\u041c\u0413\u0422\u0423 - \u041c\u043e\u0442\u044b\u0433\u0430","5":"\u0414\u0432\u0430 \u043f\u0430\u043b\u044c\u0446\u0430 \u0432 \u043d\u0451\u0431\u043e","6":"\u041c\u0413\u0422\u0423 - \u041b\u0435\u0433\u0438\u043e\u043d\u0435\u0440\u044b","7":"Joga bonito!","8":"\u0424\u043e\u043d\u0434 \u0431\u043e\u0440\u044c\u0431\u044b \u0441 \u041a\u043e\u043d\u0444\u0443\u0446\u0438\u0435\u043c","9":"Backing bread"},"d_bonus_a":{"0":1255,"1":2154,"2":1946,"3":234,"4":1696,"5":2154,"6":0,"7":404,"8":2154,"9":0},"d_bonus_b":{"0":588,"1":862,"2":744,"3":403,"4":684,"5":862,"6":212,"7":507,"8":862,"9":44},"d_diff_bonus":{"0":1,"1":180,"2":-60,"3":1,"4":-44,"5":91,"6":-133,"7":148,"8":39,"9":0},"diff_bonus":{"0":1,"1":180,"2":-60,"3":1,"4":-44,"5":91,"6":-133,"7":148,"8":39,"9":0},"idteam":{"0":4988,"1":5249,"2":38164,"3":42264,"4":45470,"5":51249,"6":55270,"7":58453,"8":58461,"9":59843},"included_in_rating":{"0":1,"1":1,"2":1,"3":1,"4":1,"5":1,"6":0,"7":1,"8":0,"9":1},"mask":{"0":1.1000001e+44,"1":1.001011001e+43,"2":1.001110001e+43,"3":1.110001e+38,"4":1.010111001e+43,"5":1.1001011e+44,"6":1.000101e+43,"7":1.10011e+37,"8":1.10010111e+44,"9":1.0010001e+40},"position":{"0":6,"1":2,"2":4,"3":8,"4":5,"5":2,"6":9,"7":7,"8":2,"9":10},"predicted_position":{"0":6,"1":7,"2":1,"3":8,"4":2,"5":5,"6":4,"7":9,"8":3,"9":10},"questions_total":{"0":20,"1":23,"2":22,"3":14,"4":21,"5":23,"6":11,"7":16,"8":23,"9":10},"tech_rating":{"0":2778,"1":2539,"2":4626,"3":2466,"4":3887,"5":3243,"6":3335,"7":1576,"8":3457,"9":366}}