{"base_name":{"0":"\u0413\u0432\u0430\u0440\u0434\u0438\u044f","1":"\u041e\u043f\u044f\u0442\u044c \u0434\u0432\u043e\u0439\u043a\u0430","2":"\u0411\u0435\u0437 \u043f\u0430\u043d\u0438\u043a\u0438","3":"No Name","4":"The Challenger","5":"Guests","6":"\u0421\u043e\u0441\u0435\u0434\u0438 \u0441\u043f\u0440\u0430\u0432\u0430"},"bonus_a":{"0":1649,"1":0,"2":0,"3":0,"4":0,"5":0,"6":0},"bonus_b":{"0":1157,"1":364,"2":268,"3":268,"4":39,"5":111,"6":837},"current_name":{"0":"\u0413\u0432\u0430\u0440\u0434\u0438\u044f","1":"\u041e\u043f\u044f\u0442\u044c \u0434\u0432\u043e\u0439\u043a\u0430","2":"\u0411\u0435\u0437 \u043f\u0430\u043d\u0438\u043a\u0438","3":"No Name","4":"The Challenger","5":"Guests","6":"\u0421\u043e\u0441\u0435\u0434\u0438 \u0441\u043f\u0440\u0430\u0432\u0430"},"d_bonus_a":{"0":1649,"1":0,"2":0,"3":0,"4":0,"5":0,"6":0},"d_bonus_b":{"0":1157,"1":364,"2":268,"3":268,"4":39,"5":111,"6":837},"d_diff_bonus":{"0":11,"1":326,"2":35,"3":-48,"4":-132,"5":0,"6":4},"diff_bonus":{"0":11,"1":326,"2":35,"3":-48,"4":-132,"5":0,"6":4},"idteam":{"0":45367,"1":59456,"2":59460,"3":59464,"4":59465,"5":59466,"6":59473},"included_in_rating":{"0":1,"1":1,"2":0,"3":0,"4":0,"5":0,"6":0},"mask":{"0":1.111101101e+44,"1":1.101001e+44,"2":1.1001e+44,"3":1.110001e+44,"4":1.000100011e+29,"5":1.10100001e+44,"6":1.11111101e+44},"position":{"0":1.0,"1":3.0,"2":4.5,"3":4.5,"4":7.0,"5":6.0,"6":2.0},"predicted_position":{"0":1,"1":7,"2":5,"3":3,"4":4,"5":6,"6":2},"questions_total":{"0":35,"1":25,"2":16,"3":16,"4":7,"5":13,"6":33},"tech_rating":{"0":5976,"1":314,"2":1434,"3":1722,"4":1499,"5":739,"6":5302}}