{"base_name":{"0":"Terra Incognita","1":"\u0421\u0430\u043c\u043e\u0440\u0430\u0437\u0433\u0440\u0443\u0436\u0430\u044e\u0449\u0438\u0439\u0441\u044f \u043f\u043e\u043b\u0443\u0432\u0430\u0433\u043e\u043d","2":"White and nerdy","3":"All-in","4":"\u041c\u0413\u0422\u0423 - \u041c\u043e\u0442\u044b\u0433\u0430","5":"\u041f\u0438\u0440\u043e\u0436\u043e\u043a \u0441 \u043a\u0430\u043f\u0443\u0441\u0442\u043e\u0439","6":"\u041c\u0413\u0422\u0423 etc.","7":"\u0418\u043d\u0442\u0435\u0433\u0440\u0430\u043b\u044c\u043d\u044b\u0439 \u0438\u043d\u0441\u0430\u0439\u0442","8":"\u0410\u043d\u043d\u0438\u0433\u0438\u043b\u044f\u0446\u0438\u044f","9":"\u0428\u043e\u0441\u0441\u0435 \u042d\u043a\u043a\u043b\u0435\u0437\u0438\u0430\u0441\u0442\u043e\u0432"},"bonus_a":{"0":0,"1":980,"2":0,"3":0,"4":456,"5":0,"6":0,"7":0,"8":185,"9":0},"bonus_b":{"0":1065,"1":952,"2":1108,"3":735,"4":735,"5":480,"6":1007,"7":1204,"8":288,"9":860},"current_name":{"0":"Terra Incognita","1":"\u0421\u0430\u043c\u043e\u0440\u0430\u0437\u0433\u0440\u0443\u0436\u0430\u044e\u0449\u0438\u0439\u0441\u044f \u043f\u043e\u043b\u0443\u0432\u0430\u0433\u043e\u043d","2":"White and nerdy U23","3":"All-in","4":"\u041c\u0413\u0422\u0423 - \u041c\u043e\u0442\u044b\u0433\u0430","5":"\u041f\u0438\u0440\u043e\u0436\u043e\u043a \u0441 \u043a\u0430\u043f\u0443\u0441\u0442\u043e\u0439","6":"\u041c\u0413\u0422\u0423 etc.","7":"\u0418\u043d\u0442\u0435\u0433\u0440\u0430\u043b\u044c\u043d\u044b\u0439 \u0438\u043d\u0441\u0430\u0439\u0442","8":"\u0410\u043d\u043d\u0438\u0433\u0438\u043b\u044f\u0446\u0438\u044f","9":"\u0428\u043e\u0441\u0441\u0435 \u042d\u043a\u043a\u043b\u0435\u0437\u0438\u0430\u0441\u0442\u043e\u0432"},"d_bonus_a":{"0":1888,"1":980,"2":2083,"3":456,"4":456,"5":321,"6":1580,"7":2189,"8":185,"9":815},"d_bonus_b":{"0":1065,"1":952,"2":1108,"3":735,"4":735,"5":480,"6":1007,"7":1204,"8":288,"9":860},"d_diff_bonus":{"0":4,"1":142,"2":83,"3":-92,"4":-30,"5":1,"6":-46,"7":70,"8":0,"9":35},"diff_bonus":{"0":4,"1":142,"2":83,"3":-92,"4":-30,"5":1,"6":-46,"7":70,"8":0,"9":35},"idteam":{"0":6513,"1":37542,"2":40195,"3":40869,"4":45470,"5":47173,"6":48052,"7":51259,"8":54889,"9":59202},"included_in_rating":{"0":0,"1":1,"2":0,"3":1,"4":1,"5":1,"6":0,"7":1,"8":1,"9":0},"mask":{"0":1.111011e+35,"1":1.11011001e+34,"2":1.10011101e+34,"3":1.100111e+34,"4":1.100111001e+34,"5":1.10011e+34,"6":1.100111e+34,"7":1.1110111e+35,"8":1.10011e+34,"9":1.0110111e+35},"position":{"0":3.0,"1":5.0,"2":2.0,"3":7.5,"4":7.5,"5":9.0,"6":4.0,"7":1.0,"8":10.0,"9":6.0},"predicted_position":{"0":3,"1":8,"2":5,"3":2,"4":6,"5":9,"6":1,"7":4,"8":10,"9":7},"questions_total":{"0":22,"1":20,"2":24,"3":18,"4":18,"5":17,"6":21,"7":25,"8":13,"9":19},"tech_rating":{"0":4508,"1":3490,"2":4185,"3":4617,"4":3713,"5":2701,"6":5220,"7":4262,"8":2311,"9":3675}}