{"base_name":{"0":"\u0412\u044b\u043f\u044c","1":"\u042d\u0434\u0435\u043b\u044c\u0432\u0435\u0439\u0441","2":"\u0420\u0421\u041c","3":"\u041b\u044e\u043c\u043e\u0441","4":"\u0421\u0431\u043e\u0440\u043d\u0430\u044f \u0421\u0442\u0430\u0432\u0440\u043e\u043f\u043e\u043b\u044c\u0441\u043a\u043e\u0433\u043e \u043a\u0440\u0430\u044f","5":"\u0418\u043c\u043f\u0443\u043b\u044c\u0441 2"},"bonus_a":{"0":1338,"1":1817,"2":0,"3":0,"4":0,"5":207},"bonus_b":{"0":870,"1":1108,"2":264,"3":149,"4":623,"5":347},"current_name":{"0":"\u0412\u044b\u043f\u044c","1":"\u042d\u0434\u0435\u043b\u044c\u0432\u0435\u0439\u0441","2":"\u0420\u0421\u041c","3":"\u041b\u044e\u043c\u043e\u0441","4":"\u0421\u0431\u043e\u0440\u043d\u0430\u044f \u0421\u0442\u0430\u0432\u0440\u043e\u043f\u043e\u043b\u044c\u0441\u043a\u043e\u0433\u043e \u043a\u0440\u0430\u044f","5":"\u0418\u043c\u043f\u0443\u043b\u044c\u0441 2"},"d_bonus_a":{"0":1338,"1":1817,"2":30,"3":0,"4":391,"5":207},"d_bonus_b":{"0":870,"1":1108,"2":264,"3":149,"4":623,"5":347},"d_diff_bonus":{"0":5,"1":9,"2":0,"3":0,"4":1,"5":1},"diff_bonus":{"0":5,"1":9,"2":0,"3":0,"4":1,"5":1},"idteam":{"0":4228,"1":4405,"2":49419,"3":54414,"4":54861,"5":59872},"included_in_rating":{"0":1,"1":1,"2":1,"3":1,"4":1,"5":1},"mask":{"0":1.11111111e+44,"1":1.110101111e+43,"2":1.00001001e+42,"3":1.001011e+32,"4":1.101100111e+44,"5":1.0111111e+43},"position":{"0":2,"1":1,"2":5,"3":6,"4":3,"5":4},"predicted_position":{"0":2,"1":1,"2":5,"3":6,"4":3,"5":4},"questions_total":{"0":32,"1":34,"2":10,"3":7,"4":30,"5":24},"tech_rating":{"0":4503,"1":5426,"2":1532,"3":1199,"4":3621,"5":1732}}