{"base_name":{"0":"\u0417\u0435\u043b\u0451\u043d\u044b\u0439 \u0442\u0440\u0430\u043c\u0432\u0430\u0439","1":"\u041e\u0430\u0437\u0438\u0441","2":"Acord","3":"\u041a\u043e\u043c\u0430\u043d\u0434\u0430 \u0410\u043b\u0445\u0430\u0437\u043e\u0432\u0430","4":"\u041a\u0430\u0440\u0442 \u0431\u043b\u0430\u043d\u0448","5":"Nabucodonosor","6":"Pokerface","7":"Savage","8":"Alterego","9":"451","10":"\u041d\u0430\u0441\u043c\u0430\u0440\u043a\u0443"},"bonus_a":{"0":2273,"1":2004,"2":479,"3":2285,"4":2260,"5":2132,"6":2242,"7":2205,"8":1813,"9":1009,"10":1473},"bonus_b":{"0":1002,"1":626,"2":126,"3":1209,"4":890,"5":726,"6":840,"7":798,"8":544,"9":307,"10":443},"current_name":{"0":"\u0417\u0435\u043b\u0451\u043d\u044b\u0439 \u0442\u0440\u0430\u043c\u0432\u0430\u0439","1":"\u041e\u0430\u0437\u0438\u0441","2":"Acord","3":"\u041a\u043e\u043c\u0430\u043d\u0434\u0430 \u0410\u043b\u0445\u0430\u0437\u043e\u0432\u0430","4":"\u041a\u0430\u0440\u0442 \u0431\u043b\u0430\u043d\u0448","5":"Nabucodonosor","6":"Pokerface","7":"Savage","8":"Alterego","9":"451","10":"\u041d\u0430\u0441\u043c\u0430\u0440\u043a\u0443"},"d_bonus_a":{"0":2273,"1":2004,"2":479,"3":2285,"4":2260,"5":2132,"6":2242,"7":2205,"8":1813,"9":1009,"10":1473},"d_bonus_b":{"0":1002,"1":626,"2":126,"3":1209,"4":890,"5":726,"6":840,"7":798,"8":544,"9":307,"10":443},"d_diff_bonus":{"0":169,"1":185,"2":0,"3":13,"4":351,"5":3,"6":-21,"7":-98,"8":-126,"9":1,"10":-91},"diff_bonus":{"0":169,"1":185,"2":0,"3":13,"4":351,"5":3,"6":-21,"7":-98,"8":-126,"9":1,"10":-91},"idteam":{"0":405,"1":2765,"2":3190,"3":3465,"4":6178,"5":28458,"6":42252,"7":42558,"8":44533,"9":51411,"10":51543},"included_in_rating":{"0":1,"1":1,"2":1,"3":1,"4":1,"5":1,"6":1,"7":1,"8":1,"9":1,"10":1},"mask":{"0":1.010101e+70,"1":1.1010011e+71,"2":1.00011e+71,"3":1.001010101e+71,"4":1.1000101e+71,"5":1.0001101e+71,"6":1.101010101e+71,"7":1.1010101e+71,"8":1.0011101e+71,"9":1.00101e+71,"10":1.10111e+71},"position":{"0":2,"1":7,"2":11,"3":1,"4":3,"5":6,"6":4,"7":5,"8":8,"9":10,"10":9},"predicted_position":{"0":4,"1":9,"2":11,"3":1,"4":8,"5":6,"6":3,"7":2,"8":5,"9":10,"10":7},"questions_total":{"0":31,"1":29,"2":11,"3":46,"4":37,"5":32,"6":36,"7":38,"8":32,"9":25,"10":26},"tech_rating":{"0":3518,"1":2310,"2":1006,"3":5647,"4":2573,"5":3294,"6":3749,"7":4441,"8":3472,"9":1947,"10":2824}}