{"base_name":{"0":"\u042d\u043b\u043b\u0430\u0434\u0430","1":"\u042d\u0441\u043a\u0432\u0430\u0439\u0440\u044b","2":"555 \u043a\u0433","3":"\u041a\u043b\u0438\u043e","4":"Homo"},"bonus_a":{"0":1109,"1":1109,"2":0,"3":0,"4":0},"bonus_b":{"0":376,"1":376,"2":7,"3":0,"4":0},"current_name":{"0":"\u042d\u043b\u043b\u0430\u0434\u0430","1":"\u042d\u0441\u043a\u0432\u0430\u0439\u0440\u044b","2":"555 \u043a\u0433","3":"\u041a\u043b\u0438\u043e","4":"Homo"},"d_bonus_a":{"0":1109,"1":1109,"2":0,"3":0,"4":0},"d_bonus_b":{"0":376,"1":376,"2":7,"3":0,"4":0},"d_diff_bonus":{"0":38,"1":-18,"2":4,"3":-2,"4":0},"diff_bonus":{"0":38,"1":-18,"2":4,"3":-2,"4":0},"idteam":{"0":5209,"1":48041,"2":60916,"3":60917,"4":60918},"included_in_rating":{"0":1,"1":1,"2":1,"3":1,"4":0},"mask":{"0":1.101001101e+33,"1":1.001110001e+35,"2":1.00100001e+32,"3":1.00010001e+30,"4":1e+26},"position":{"0":1.5,"1":1.5,"2":3.0,"3":4.0,"4":5.0},"predicted_position":{"0":2.0,"1":1.0,"2":4.5,"3":3.0,"4":4.5},"questions_total":{"0":17,"1":17,"2":7,"3":4,"4":2},"tech_rating":{"0":2369,"1":2378,"2":0,"3":52,"4":0}}