{"base_name":{"0":"\u0420\u043e\u0434\u0435\u043e","1":"\u0428\u0430\u043d\u0445\u0430\u0439\u0444\u0441\u043a\u0438\u0439 \u0431\u0430\u0440\u0441","2":"\u0421\u0442\u0440\u0430\u0442\u0443\u043c","3":"\u042d\u0441\u043a\u0432\u0430\u0439\u0440\u044b","4":"\u041c\u0413\u0422\u0423 - \u0417\u043e\u0432 \u0441\u043e\u0432","5":"\u0410\u0432\u043e\u0441\u044c","6":"\u0418 \u0442\u0430\u043a \u0441\u043e\u0439\u0434\u0451\u0442 - 2"},"bonus_a":{"0":0,"1":981,"2":0,"3":981,"4":1475,"5":0,"6":0},"bonus_b":{"0":709,"1":402,"2":566,"3":402,"4":566,"5":215,"6":215},"current_name":{"0":"\u0420\u043e\u0434\u0435\u043e","1":"\u0428\u0430\u043d\u0445\u0430\u0439\u0444\u0441\u043a\u0438\u0439 \u0431\u0430\u0440\u0441","2":"\u0421\u0442\u0440\u0430\u0442\u0443\u043c","3":"\u042d\u0441\u043a\u0432\u0430\u0439\u0440\u044b","4":"\u041c\u0413\u0422\u0423 - \u0417\u043e\u0432 \u0441\u043e\u0432","5":"\u0410\u0432\u043e\u0441\u044c","6":"\u0418 \u0442\u0430\u043a \u0441\u043e\u0439\u0434\u0451\u0442 - 2"},"d_bonus_a":{"0":1780,"1":981,"2":1475,"3":981,"4":1475,"5":0,"6":0},"d_bonus_b":{"0":709,"1":402,"2":566,"3":402,"4":566,"5":215,"6":215},"d_diff_bonus":{"0":2,"1":70,"2":-13,"3":-10,"4":29,"5":25,"6":-37},"diff_bonus":{"0":2,"1":70,"2":-13,"3":-10,"4":29,"5":25,"6":-37},"idteam":{"0":7973,"1":38348,"2":46831,"3":48041,"4":51584,"5":57936,"6":59630},"included_in_rating":{"0":0,"1":1,"2":1,"3":1,"4":1,"5":0,"6":0},"mask":{"0":1.011111e+35,"1":1.010010101e+35,"2":1.0011111e+35,"3":1.111010011e+33,"4":1.011111e+35,"5":1.101000001e+33,"6":1.0010101e+35},"position":{"0":1.0,"1":4.5,"2":2.5,"3":4.5,"4":2.5,"5":6.5,"6":6.5},"predicted_position":{"0":1,"1":6,"2":2,"3":4,"4":3,"5":7,"6":5},"questions_total":{"0":18,"1":13,"2":17,"3":13,"4":17,"5":12,"6":12},"tech_rating":{"0":3251,"1":1478,"2":3000,"3":2145,"4":2359,"5":1355,"6":1877}}