{"base_name":{"0":"MIX","1":"\u041c\u041f\u0417\u0422","2":"\u0410\u043b\u044c\u0442\u0430\u0438\u0440","3":"\u042d\u0441\u043a\u0432\u0430\u0439\u0440\u044b","4":"\u041c\u0413\u0422\u0423 - \u0417\u043e\u0432 \u0441\u043e\u0432","5":"\u0424\u0424\u0424","6":"\u0410\u043d\u043d\u0438\u0433\u0438\u043b\u044f\u0446\u0438\u044f","7":"\u041f\u0438\u0440\u0430\u043c\u0438\u0434\u043a\u0430","8":"\u041c\u0413\u0422\u0423 - \u0422\u0438\u0442\u0430\u043d\u044b \u0440\u0435\u0441\u0442\u043b\u0438\u043d\u0433\u0430","9":"\u0411\u0421\u041c\u041f"},"bonus_a":{"0":778,"1":1703,"2":0,"3":778,"4":0,"5":0,"6":2064,"7":0,"8":0,"9":0},"bonus_b":{"0":519,"1":685,"2":297,"3":519,"4":685,"5":156,"6":852,"7":297,"8":64,"9":519},"current_name":{"0":"MIX","1":"\u041c\u041f\u0417\u0422","2":"\u0410\u043b\u044c\u0442\u0430\u0438\u0440","3":"\u042d\u0441\u043a\u0432\u0430\u0439\u0440\u044b","4":"\u041c\u0413\u0422\u0423 - \u0417\u043e\u0432 \u0441\u043e\u0432","5":"\u0424\u0424\u0424","6":"\u0410\u043d\u043d\u0438\u0433\u0438\u043b\u044f\u0446\u0438\u044f","7":"\u041f\u0438\u0440\u0430\u043c\u0438\u0434\u043a\u0430","8":"\u041c\u0413\u0422\u0423 - \u0422\u0438\u0442\u0430\u043d\u044b \u0440\u0435\u0441\u0442\u043b\u0438\u043d\u0433\u0430","9":"\u0411\u0421\u041c\u041f"},"d_bonus_a":{"0":778,"1":1703,"2":0,"3":778,"4":1703,"5":0,"6":2064,"7":0,"8":0,"9":778},"d_bonus_b":{"0":519,"1":685,"2":297,"3":519,"4":685,"5":156,"6":852,"7":297,"8":64,"9":519},"d_diff_bonus":{"0":-54,"1":84,"2":-85,"3":182,"4":-41,"5":46,"6":139,"7":22,"8":-88,"9":91},"diff_bonus":{"0":-54,"1":84,"2":-85,"3":182,"4":-41,"5":46,"6":139,"7":22,"8":-88,"9":91},"idteam":{"0":3219,"1":7579,"2":42509,"3":48041,"4":51584,"5":52619,"6":54889,"7":59529,"8":59930,"9":61920},"included_in_rating":{"0":1,"1":1,"2":1,"3":1,"4":0,"5":1,"6":1,"7":1,"8":1,"9":0},"mask":{"0":1.010111001e+34,"1":1.11001011e+35,"2":1.100101e+34,"3":1.1100111e+35,"4":1.0110101e+35,"5":1.1000111e+35,"6":1.11001011e+35,"7":1.100101e+34,"8":1.0100101e+35,"9":1.001010001e+33},"position":{"0":5.0,"1":2.5,"2":7.5,"3":5.0,"4":2.5,"5":9.0,"6":1.0,"7":7.5,"8":10.0,"9":5.0},"predicted_position":{"0":2,"1":5,"2":3,"3":9,"4":1,"5":10,"6":4,"7":8,"8":6,"9":7},"questions_total":{"0":16,"1":17,"2":15,"3":16,"4":17,"5":12,"6":19,"7":15,"8":9,"9":16},"tech_rating":{"0":3386,"1":2524,"2":2805,"3":1000,"4":3923,"5":522,"6":2580,"7":1430,"8":1997,"9":1714}}