{"base_name":{"0":"\u0420\u043e\u0434\u0435\u043e","1":"\u0428\u0430\u043d\u0445\u0430\u0439\u0444\u0441\u043a\u0438\u0439 \u0431\u0430\u0440\u0441","2":"\u0423\u043c\u0430 \u043d\u0435 \u043d\u0430\u0434\u043e","3":"\u041d\u0422\u0426","4":"\u041c\u0413\u0422\u0423 - \u041c\u043e\u0442\u044b\u0433\u0430","5":"\u0411\u0435\u0440\u043c\u0443\u0434\u044b","6":"\u0410\u0432\u043e\u0441\u044c","7":"\u041c\u0413\u0422\u0423 - \u041a\u0440\u0443\u0436\u043e\u043a \u0414\u0435\u0431\u0430\u044f","8":"\u0411\u044e\u0434\u0436\u0435\u0442"},"bonus_a":{"0":1471,"1":1697,"2":534,"3":1879,"4":0,"5":1471,"6":0,"7":0,"8":0},"bonus_b":{"0":565,"1":658,"2":297,"3":867,"4":379,"5":565,"6":724,"7":18,"8":184},"current_name":{"0":"\u0420\u043e\u0434\u0435\u043e","1":"\u0428\u0430\u043d\u0445\u0430\u0439\u0444\u0441\u043a\u0438\u0439 \u0431\u0430\u0440\u0441","2":"\u0423\u043c\u0430 \u043d\u0435 \u043d\u0430\u0434\u043e","3":"\u041d\u0422\u0426","4":"\u041c\u0413\u0422\u0423 - \u041b\u0451\u043b\u0438\u043a-\u042d\u0431\u043e\u043b\u0438\u043a","5":"\u0411\u0435\u0440\u043c\u0443\u0434\u044b","6":"\u0410\u0432\u043e\u0441\u044c","7":"\u041c\u0413\u0422\u0423 - \u041a\u0440\u0443\u0436\u043e\u043a \u0414\u0435\u0431\u0430\u044f","8":"\u0411\u044e\u0434\u0436\u0435\u0442"},"d_bonus_a":{"0":1471,"1":1697,"2":534,"3":1879,"4":938,"5":1471,"6":1762,"7":0,"8":0},"d_bonus_b":{"0":565,"1":658,"2":297,"3":867,"4":379,"5":565,"6":724,"7":18,"8":184},"d_diff_bonus":{"0":-9,"1":182,"2":-57,"3":107,"4":-122,"5":94,"6":2,"7":-42,"8":83},"diff_bonus":{"0":-9,"1":182,"2":-57,"3":107,"4":-122,"5":94,"6":2,"7":-42,"8":83},"idteam":{"0":7973,"1":38348,"2":40150,"3":42645,"4":45470,"5":49998,"6":57936,"7":60970,"8":64117},"included_in_rating":{"0":1,"1":1,"2":1,"3":1,"4":0,"5":1,"6":0,"7":1,"8":1},"mask":{"0":1.110110001e+33,"1":1.01101001e+34,"2":1.11e+33,"3":1.111101e+35,"4":1.101000011e+32,"5":1.1011e+34,"6":1.110110001e+33,"7":1e+31,"8":1.110000001e+33},"position":{"0":4.5,"1":3.0,"2":7.0,"3":1.0,"4":6.0,"5":4.5,"6":2.0,"7":9.0,"8":8.0},"predicted_position":{"0":4,"1":7,"2":5,"3":3,"4":1,"5":6,"6":2,"7":8,"8":9},"questions_total":{"0":15,"1":16,"2":11,"3":21,"4":13,"5":15,"6":17,"7":8,"8":10},"tech_rating":{"0":2739,"1":1648,"2":2695,"3":2854,"4":4049,"5":1850,"6":3175,"7":1407,"8":145}}