{"base_name":{"0":"Puzzle","1":"\u0422\u0440\u0435\u0432\u043e\u0436\u043d\u044b\u0435 \u043c\u044b\u0441\u043b\u0438","2":"\u0418\u0416 \u042e\u043f\u0438\u0442\u0435\u0440 5","3":"\u0411\u0440\u0430\u0442\u044c\u044f \u0411\u043b\u044e\u0437","4":"\u041c\u0443\u0434\u0440\u044b\u0439 \u0430\u0442\u043e\u043c","5":"\u0418\u0436\u043a\u0430\u0440"},"bonus_a":{"0":1840,"1":1016,"2":2066,"3":1499,"4":452,"5":0},"bonus_b":{"0":852,"1":606,"2":1006,"3":787,"4":316,"5":606},"current_name":{"0":"Puzzle","1":"\u0422\u0440\u0435\u0432\u043e\u0436\u043d\u044b\u0435 \u043c\u044b\u0441\u043b\u0438","2":"\u0418\u0416 \u042e\u043f\u0438\u0442\u0435\u0440 5","3":"\u0411\u0440\u0430\u0442\u044c\u044f \u0411\u043b\u044e\u0437","4":"\u041c\u0443\u0434\u0440\u044b\u0439 \u0430\u0442\u043e\u043c","5":"\u0418\u0436\u043a\u0430\u0440"},"d_bonus_a":{"0":1840,"1":1016,"2":2066,"3":1499,"4":452,"5":1016},"d_bonus_b":{"0":852,"1":606,"2":1006,"3":787,"4":316,"5":606},"d_diff_bonus":{"0":4,"1":73,"2":7,"3":3,"4":1,"5":-33},"diff_bonus":{"0":4,"1":73,"2":7,"3":3,"4":1,"5":-33},"idteam":{"0":2469,"1":41878,"2":48325,"3":52055,"4":53330,"5":58125},"included_in_rating":{"0":1,"1":1,"2":1,"3":1,"4":1,"5":1},"mask":{"0":1.11111011e+47,"1":1.111010111e+45,"2":1.111100101e+47,"3":1.1111101e+47,"4":1.01010101e+46,"5":1.101000101e+45},"position":{"0":2.0,"1":4.5,"2":1.0,"3":3.0,"4":6.0,"5":4.5},"predicted_position":{"0":2,"1":5,"2":1,"3":3,"4":6,"5":4},"questions_total":{"0":35,"1":29,"2":39,"3":33,"4":26,"5":29},"tech_rating":{"0":3810,"1":3134,"2":4826,"3":3736,"4":2631,"5":3395}}