{"base_name":{"0":"\u041c\u0430\u0440\u043a\u043b\u0430\u0440","1":"\u041f\u043e \u0441\u043f\u0440\u0430\u0432\u0435\u0434\u043b\u0438\u0432\u043e\u0441\u0442\u0438","2":"X-Com","3":"\u0414\u0436\u043e\u043d \u0421\u043d\u043e\u0443","4":"\u0412\u0435\u0434\u044c \u043d\u0435\u0434\u0430\u0440\u043e\u043c","5":"\u041a\u0440\u0438\u043f\u0442\u043e\u0432\u0430 \u041b\u044e\u0434\u0430","6":"\u041f\u0440\u0438\u0440\u043e\u0434\u0430 \u043d\u0430 \u043e\u0442\u0434\u044b\u0445\u0435"},"bonus_a":{"0":1896,"1":1234,"2":0,"3":0,"4":175,"5":0,"6":0},"bonus_b":{"0":1091,"1":826,"2":1091,"3":94,"4":615,"5":158,"6":283},"current_name":{"0":"\u041c\u0430\u0440\u043a\u043b\u0430\u0440","1":"\u041f\u043e \u0441\u043f\u0440\u0430\u0432\u0435\u0434\u043b\u0438\u0432\u043e\u0441\u0442\u0438","2":"X-Com","3":"\u0414\u0436\u043e\u043d \u0421\u043d\u043e\u0443","4":"\u0412\u0435\u0434\u044c \u043d\u0435\u0434\u0430\u0440\u043e\u043c","5":"\u041a\u0440\u0438\u043f\u0442\u043e\u0432\u0430 \u041b\u044e\u0434\u0430","6":"\u041f\u0440\u0438\u0440\u043e\u0434\u0430 \u043d\u0430 \u043e\u0442\u0434\u044b\u0445\u0435"},"d_bonus_a":{"0":1896,"1":1234,"2":1896,"3":0,"4":175,"5":0,"6":0},"d_bonus_b":{"0":1091,"1":826,"2":1091,"3":94,"4":615,"5":158,"6":283},"d_diff_bonus":{"0":274,"1":-84,"2":-36,"3":0,"4":2,"5":0,"6":0},"diff_bonus":{"0":274,"1":-84,"2":-36,"3":0,"4":2,"5":0,"6":0},"idteam":{"0":6088,"1":27075,"2":28154,"3":50225,"4":54774,"5":59531,"6":59533},"included_in_rating":{"0":1,"1":1,"2":1,"3":1,"4":1,"5":1,"6":1},"mask":{"0":1.111100001e+44,"1":1.111001011e+44,"2":1.111101011e+44,"3":1.110110001e+43,"4":1.101000001e+43,"5":1.111010001e+44,"6":1.111010011e+43},"position":{"0":1.5,"1":3.0,"2":1.5,"3":7.0,"4":4.0,"5":6.0,"6":5.0},"predicted_position":{"0":3,"1":2,"2":1,"3":7,"4":4,"5":6,"6":5},"questions_total":{"0":31,"1":30,"2":31,"3":17,"4":29,"5":18,"6":21},"tech_rating":{"0":4121,"1":4680,"2":5408,"3":744,"4":3766,"5":888,"6":1625}}