{"base_name":{"0":"\u0411\u041d","1":"\u0411\u0440\u0430\u0432\u043e \u0440\u0443\u043b\u044f!","2":"\u0428\u0435\u0441\u0442\u044c \u0431\u0435\u0437 \u043a\u043e\u0437\u044b\u0440\u044f","3":"Billie Bob Top","4":"\u041a\u042d\u041f","5":"\u0421\u0442\u0430\u043d\u0446\u0438\u044f \u041a\u0443\u0440\u0441\u043a\u0430\u044f","6":"\u0421\u0435\u0440\u043f \u0438 \u0421\u043e\u043b\u043e\u0434","7":"LN","8":"Memento Dory","9":"Team Tardis","10":"3+3","11":"Joseph B.","12":"1100","13":"\u0411\u043e\u0431\u0440\u043e\u043c\u0430\u0444\u0438\u044f"},"bonus_a":{"0":2242,"1":2096,"2":2192,"3":1617,"4":1105,"5":1912,"6":59,"7":0,"8":0,"9":0,"10":0,"11":0,"12":0,"13":0},"bonus_b":{"0":1119,"1":869,"2":1011,"3":565,"4":388,"5":656,"6":163,"7":0,"8":33,"9":33,"10":1,"11":0,"12":0,"13":163},"current_name":{"0":"\u0411\u041d","1":"\u0411\u0440\u0430\u0432\u043e \u0440\u0443\u043b\u044f!","2":"\u0428\u0435\u0441\u0442\u044c \u0431\u0435\u0437 \u043a\u043e\u0437\u044b\u0440\u044f","3":"Billie Bob Top","4":"\u041a\u042d\u041f","5":"\u0421\u0442\u0430\u043d\u0446\u0438\u044f \u041a\u0443\u0440\u0441\u043a\u0430\u044f","6":"\u0421\u0435\u0440\u043f \u0438 \u0421\u043e\u043b\u043e\u0434","7":"LN","8":"Memento Dory","9":"Team Tardis","10":"3+3","11":"Joseph B.","12":"1100","13":"\u0411\u043e\u0431\u0440\u043e\u043c\u0430\u0444\u0438\u044f"},"d_bonus_a":{"0":2242,"1":2096,"2":2192,"3":1617,"4":1105,"5":1912,"6":59,"7":0,"8":0,"9":0,"10":0,"11":0,"12":0,"13":59},"d_bonus_b":{"0":1119,"1":869,"2":1011,"3":565,"4":388,"5":656,"6":163,"7":0,"8":33,"9":33,"10":1,"11":0,"12":0,"13":163},"d_diff_bonus":{"0":118,"1":-120,"2":149,"3":-44,"4":1,"5":93,"6":-18,"7":-4,"8":-47,"9":-13,"10":1,"11":0,"12":-1,"13":163},"diff_bonus":{"0":118,"1":-120,"2":149,"3":-44,"4":1,"5":93,"6":-18,"7":-4,"8":-47,"9":-13,"10":1,"11":0,"12":-1,"13":163},"idteam":{"0":205,"1":4728,"2":6451,"3":39893,"4":43691,"5":45541,"6":50729,"7":54320,"8":55708,"9":59810,"10":60952,"11":60953,"12":60954,"13":60955},"included_in_rating":{"0":1,"1":1,"2":1,"3":1,"4":1,"5":1,"6":1,"7":0,"8":1,"9":1,"10":1,"11":1,"12":1,"13":0},"mask":{"0":1.1101111e+59,"1":1.010010001e+59,"2":1.0101101e+59,"3":1.100001011e+55,"4":1.000100011e+58,"5":1.10011e+59,"6":1.0001e+59,"7":1.001000001e+58,"8":1.000000001e+58,"9":1.1001e+59,"10":1.000001001e+58,"11":1e+21,"12":1.1011e+44,"13":1.01001e+52},"position":{"0":1.0,"1":3.0,"2":2.0,"3":5.0,"4":6.0,"5":4.0,"6":7.5,"7":12.5,"8":9.5,"9":9.5,"10":11.0,"11":14.0,"12":12.5,"13":7.5},"predicted_position":{"0":2.0,"1":1.0,"2":3.0,"3":4.0,"4":6.0,"5":5.0,"6":7.0,"7":10.0,"8":8.0,"9":9.0,"10":13.5,"11":13.5,"12":11.0,"13":12.0},"questions_total":{"0":32,"1":28,"2":30,"3":18,"4":16,"5":22,"6":15,"7":7,"8":10,"9":10,"10":8,"11":1,"12":7,"13":15},"tech_rating":{"0":4798,"1":5109,"2":4506,"3":3114,"4":2406,"5":3090,"6":1135,"7":58,"8":808,"9":451,"10":0,"11":0,"12":6,"13":1}}