{"base_name":{"0":"\u0421\u0435\u0440\u0431\u0441\u043a\u0438\u0439 \u043c\u0443\u043b\u044c\u0442\u0444\u0438\u043b\u044c\u043c","1":"\u041c\u0413\u0422\u0423 - \u041b\u0435\u0433\u0438\u043e\u043d\u0435\u0440\u044b","2":"Zzyzx Rd.","3":"\u0412\u0435\u043b\u0438\u043a\u0438\u0439 \u0413\u0440\u0435\u0442\u0446\u043a\u0438","4":"\u041f\u0435\u0433\u0433\u0438 \u0438 \u0434\u0443\u0434\u043e\u0447\u043d\u0438\u043a"},"bonus_a":{"0":0,"1":0,"2":517,"3":0,"4":517},"bonus_b":{"0":534,"1":283,"2":534,"3":854,"4":534},"current_name":{"0":"\u0421\u0435\u0440\u0431\u0441\u043a\u0438\u0439 \u043c\u0443\u043b\u044c\u0442\u0444\u0438\u043b\u044c\u043c","1":"\u041c\u0413\u0422\u0423 - \u041b\u0435\u0433\u0438\u043e\u043d\u0435\u0440\u044b","2":"ZZ-Topchik","3":"\u0412\u0442\u043e\u0440\u043e\u0439 \u0431\u043b\u0438\u043d \u043a\u043e\u043c\u043e\u043c","4":"\u041f\u0435\u0433\u0433\u0438 \u0438 \u0434\u0443\u0434\u043e\u0447\u043d\u0438\u043a"},"d_bonus_a":{"0":517,"1":0,"2":517,"3":1682,"4":517},"d_bonus_b":{"0":534,"1":283,"2":534,"3":854,"4":534},"d_diff_bonus":{"0":126,"1":-63,"2":-36,"3":2,"4":53},"diff_bonus":{"0":126,"1":-63,"2":-36,"3":2,"4":53},"idteam":{"0":53185,"1":55270,"2":55336,"3":55674,"4":58832},"included_in_rating":{"0":1,"1":0,"2":0,"3":0,"4":1},"mask":{"0":1.00010001e+31,"1":10000000000000000.0,"2":1.000000011e+25,"3":1.00000011e+31,"4":1.010000101e+23},"position":{"0":3,"1":5,"2":3,"3":1,"4":3},"predicted_position":{"0":5,"1":3,"2":2,"3":1,"4":4},"questions_total":{"0":7,"1":1,"2":7,"3":11,"4":7},"tech_rating":{"0":2346,"1":2658,"2":3426,"3":4266,"4":2388}}