{"base_name":{"0":"\u041f\u043e\u043b\u0438\u0442\u0435\u0445","1":"\u0424\u043e\u0442\u043e\u043d","2":"\u041d\u0435\u043e","3":"\u041a\u0412\u041d","4":"Gravity Falls","5":"\u041a\u043e\u0441\u043c\u043e\u0441","6":"\u0414\u0438\u043d\u0430\u043c\u0438\u043a\u0430","7":"\u041c\u0443\u0442\u0430\u0431\u043e\u0440","8":"\u042d\u0412\u0420","9":"Rebellion","10":"\u0428\u0413\u0423","11":"\u0428\u0413\u0423-\u044e\u043d\u0438\u043e\u0440\u044b","12":"Remix","13":"\u0417\u0412\u041f","14":"Alpha Plus","15":"\u0415\u0413\u041b\u0423","16":"\u0415\u0424\u0423-2"},"bonus_a":{"0":0,"1":0,"2":0,"3":0,"4":0,"5":0,"6":0,"7":0,"8":0,"9":0,"10":0,"11":0,"12":0,"13":0,"14":0,"15":0,"16":0},"bonus_b":{"0":402,"1":0,"2":0,"3":88,"4":127,"5":2,"6":0,"7":10,"8":283,"9":7,"10":0,"11":0,"12":0,"13":0,"14":0,"15":0,"16":0},"current_name":{"0":"\u041f\u043e\u043b\u0438\u0442\u0435\u0445","1":"\u0424\u043e\u0442\u043e\u043d","2":"\u041d\u0435\u043e","3":"\u041a\u0412\u041d","4":"\u0420\u0410\u0423-20","5":"\u041a\u043e\u0441\u043c\u043e\u0441","6":"\u0414\u0438\u043d\u0430\u043c\u0438\u043a\u0430","7":"\u041c\u0443\u0442\u0430\u0431\u043e\u0440","8":"\u0420\u0410\u0423-69","9":"NAVI","10":"\u0428\u0413\u0423","11":"\u0428\u0413\u0423-\u044e\u043d\u0438\u043e\u0440\u044b","12":"Remix","13":"\u0417\u0412\u041f","14":"Alpha Plus","15":"\u0415\u0413\u041b\u0423","16":"\u0415\u0424\u0423-2"},"d_bonus_a":{"0":608,"1":0,"2":0,"3":0,"4":0,"5":0,"6":0,"7":0,"8":0,"9":0,"10":0,"11":0,"12":0,"13":0,"14":0,"15":0,"16":0},"d_bonus_b":{"0":402,"1":0,"2":0,"3":88,"4":127,"5":2,"6":0,"7":10,"8":283,"9":7,"10":0,"11":0,"12":0,"13":0,"14":0,"15":0,"16":0},"d_diff_bonus":{"0":80,"1":0,"2":-64,"3":78,"4":39,"5":2,"6":0,"7":3,"8":-60,"9":7,"10":0,"11":0,"12":0,"13":0,"14":0,"15":-1,"16":0},"diff_bonus":{"0":80,"1":0,"2":-64,"3":78,"4":39,"5":2,"6":0,"7":3,"8":-60,"9":7,"10":0,"11":0,"12":0,"13":0,"14":0,"15":-1,"16":0},"idteam":{"0":8865,"1":38437,"2":43508,"3":47500,"4":56137,"5":56935,"6":56940,"7":58347,"8":58607,"9":59878,"10":61149,"11":61150,"12":61163,"13":61165,"14":61166,"15":61167,"16":61168},"included_in_rating":{"0":1,"1":1,"2":1,"3":0,"4":0,"5":1,"6":1,"7":1,"8":0,"9":1,"10":1,"11":1,"12":1,"13":1,"14":1,"15":0,"16":1},"mask":{"0":1.011101101e+34,"1":1.01100001e+34,"2":1.100000001e+31,"3":1.01110101e+34,"4":1.00111e+35,"5":1.01010001e+32,"6":1.010100001e+24,"7":1.0111001e+34,"8":1.110110111e+35,"9":1.001001e+34,"10":1e+32,"11":1.1e+32,"12":1.00000001e+32,"13":1.00010001e+32,"14":1.101e+34,"15":1.010001011e+24,"16":1.01e+32},"position":{"0":1,"1":10,"2":12,"3":4,"4":3,"5":7,"6":16,"7":5,"8":2,"9":6,"10":8,"11":14,"12":13,"13":11,"14":9,"15":15,"16":17},"predicted_position":{"0":2,"1":13,"2":3,"3":5,"4":4,"5":13,"6":13,"7":6,"8":1,"9":8,"10":13,"11":13,"12":13,"13":13,"14":13,"15":7,"16":13},"questions_total":{"0":28,"1":9,"2":9,"3":17,"4":17,"5":12,"6":6,"7":14,"8":25,"9":13,"10":11,"11":8,"12":8,"13":9,"14":10,"15":8,"16":6},"tech_rating":{"0":1831,"1":0,"2":692,"3":58,"4":688,"5":0,"6":0,"7":49,"8":2167,"9":3,"10":0,"11":0,"12":0,"13":0,"14":0,"15":13,"16":0}}