{"base_name":{"0":"\u0423\u044d\u043b\u043b\u0441 \u0424\u0430\u0440\u0433\u043e","1":"\u0410 \u043a\u0442\u043e \u043a\u0440\u0430\u0439\u043d\u0438\u0439?","2":"\u041a\u043e\u043b\u0435\u0441\u043e \u043e\u0431\u043e\u0440\u0437\u0435\u043d\u0438\u044f","3":"\u041c\u0451\u0440\u0442\u0432\u044b\u0435 \u0434\u0443\u0448\u0438","4":"\u0410\u0441\u0444\u043e\u0434\u0435\u043b\u0438","5":"\u041c\u0435\u043b\u044c\u043f\u043e\u043c\u0435\u043d\u0447\u0430","6":"Fata te","7":"\u041d\u043e\u0435\u0432 \u043a\u043e\u0432\u0447\u0435\u0433","8":"\u0427\u0435\u043b\u043e\u0432\u0435\u043a \u0438\u0437 \u041a\u0435\u043c\u0435\u0440\u043e\u0432\u043e","9":"\u0423\u043c\u0435\u0440\u0435\u043d\u043d\u044b\u0439 \u043a\u043b\u0438\u043c\u0430\u0442"},"bonus_a":{"0":682,"1":0,"2":0,"3":0,"4":0,"5":0,"6":0,"7":0,"8":0,"9":0},"bonus_b":{"0":376,"1":163,"2":49,"3":49,"4":3,"5":687,"6":73,"7":1,"8":9,"9":3},"current_name":{"0":"\u0423\u044d\u043b\u043b\u0441 \u0424\u0430\u0440\u0433\u043e","1":"\u0410 \u043a\u0442\u043e \u043a\u0440\u0430\u0439\u043d\u0438\u0439?","2":"\u041a\u043e\u043b\u0435\u0441\u043e \u043e\u0431\u043e\u0440\u0437\u0435\u043d\u0438\u044f","3":"\u041c\u0451\u0440\u0442\u0432\u044b\u0435 \u0434\u0443\u0448\u0438","4":"\u0410\u0441\u0444\u043e\u0434\u0435\u043b\u0438","5":"\u041c\u0435\u043b\u044c\u043f\u043e\u043c\u0435\u043d\u0447\u0430","6":"Fata te","7":"\u041d\u043e\u0435\u0432 \u043a\u043e\u0432\u0447\u0435\u0433","8":"\u0427\u0435\u043b\u043e\u0432\u0435\u043a \u0438\u0437 \u041a\u0435\u043c\u0435\u0440\u043e\u0432\u043e","9":"\u0423\u043c\u0435\u0440\u0435\u043d\u043d\u044b\u0439 \u043a\u043b\u0438\u043c\u0430\u0442"},"d_bonus_a":{"0":682,"1":454,"2":0,"3":0,"4":0,"5":1311,"6":0,"7":0,"8":0,"9":0},"d_bonus_b":{"0":376,"1":163,"2":49,"3":49,"4":3,"5":687,"6":73,"7":1,"8":9,"9":3},"d_diff_bonus":{"0":1,"1":0,"2":48,"3":10,"4":2,"5":2,"6":0,"7":-29,"8":0,"9":-1},"diff_bonus":{"0":1,"1":0,"2":48,"3":10,"4":2,"5":2,"6":0,"7":-29,"8":0,"9":-1},"idteam":{"0":48997,"1":53029,"2":54419,"3":56424,"4":59667,"5":59730,"6":60561,"7":60562,"8":61866,"9":62472},"included_in_rating":{"0":1,"1":1,"2":1,"3":1,"4":1,"5":0,"6":1,"7":1,"8":0,"9":1},"mask":{"0":1.000011101e+138,"1":1.000011e+138,"2":1.0001e+120,"3":1.00000011e+127,"4":1.100001e+120,"5":1.010011e+133,"6":1.01001e+133,"7":1e+108,"8":1.000000001e+71,"9":1e+30},"position":{"0":2.0,"1":3.0,"2":5.5,"3":5.5,"4":8.5,"5":1.0,"6":4.0,"7":10.0,"8":7.0,"9":8.5},"predicted_position":{"0":2.0,"1":3.0,"2":9.5,"3":6.0,"4":9.5,"5":1.0,"6":4.0,"7":5.0,"8":7.0,"9":8.0},"questions_total":{"0":64,"1":41,"2":19,"3":19,"4":5,"5":67,"6":30,"7":1,"8":8,"9":5},"tech_rating":{"0":2365,"1":1012,"2":7,"3":278,"4":7,"5":4004,"6":349,"7":319,"8":48,"9":37}}