{"base_name":{"0":"28-\u044f \u043f\u0440\u043e\u0431\u043b\u0435\u043c\u0430 \u0413\u0438\u043b\u044c\u0431\u0435\u0440\u0442\u0430","1":"\u041f\u043e\u0442\u043e\u043c \u043f\u0440\u0438\u0434\u0443\u043c\u0430\u0435\u043c","2":"\u041c\u0430\u043d\u0442\u0438\u0441\u0441\u0430","3":"\u0417\u0443\u0431\u044b \u0421\u0443\u0430\u0440\u0435\u0441\u0430","4":"\u0414\u0435\u0441\u043a\u0430\u0442\u044c","5":"\u0414\u0430\u043b\u044c\u0448\u0435 \u0443\u0436\u0435","6":"\u0412\u0435\u0447\u0451\u0440\u043a\u0430","7":"\u041a\u043e\u043c\u0430\u043d\u0434\u0430 \u0438\u043c\u0435\u043d\u0438 \u0421.\u0412. \u041a\u0443\u043d\u044c\u0449\u0438\u043a\u043e\u0432\u0430","8":"\u041a\u043b\u044b\u043a \u043c\u0443\u0440\u0430\u0432\u044c\u0435\u0434\u0430"},"bonus_a":{"0":2172,"1":2231,"2":0,"3":1872,"4":2068,"5":0,"6":1540,"7":0,"8":0},"bonus_b":{"0":864,"1":987,"2":206,"3":593,"4":754,"5":495,"6":557,"7":3,"8":396},"current_name":{"0":"28-\u044f \u043f\u0440\u043e\u0431\u043b\u0435\u043c\u0430 \u0413\u0438\u043b\u044c\u0431\u0435\u0440\u0442\u0430","1":"\u041f\u043e\u0442\u043e\u043c \u043f\u0440\u0438\u0434\u0443\u043c\u0430\u0435\u043c","2":"\u041c\u0430\u043d\u0442\u0438\u0441\u0441\u0430","3":"\u0417\u0443\u0431\u044b \u0421\u0443\u0430\u0440\u0435\u0441\u0430","4":"\u0414\u0435\u0441\u043a\u0430\u0442\u044c","5":"\u0414\u0430\u043b\u044c\u0448\u0435 \u0443\u0436\u0435","6":"\u0412\u0435\u0447\u0451\u0440\u043a\u0430","7":"\u041a\u043e\u043c\u0430\u043d\u0434\u0430 \u0438\u043c\u0435\u043d\u0438 \u0421.\u0412. \u041a\u0443\u043d\u044c\u0449\u0438\u043a\u043e\u0432\u0430","8":"\u041a\u043b\u044b\u043a \u043c\u0443\u0440\u0430\u0432\u044c\u0435\u0434\u0430"},"d_bonus_a":{"0":2172,"1":2231,"2":0,"3":1872,"4":2068,"5":900,"6":1540,"7":0,"8":0},"d_bonus_b":{"0":864,"1":987,"2":206,"3":593,"4":754,"5":495,"6":557,"7":3,"8":396},"d_diff_bonus":{"0":114,"1":7,"2":-95,"3":-134,"4":200,"5":1,"6":-16,"7":0,"8":191},"diff_bonus":{"0":114,"1":7,"2":-95,"3":-134,"4":200,"5":1,"6":-16,"7":0,"8":191},"idteam":{"0":1392,"1":3198,"2":5723,"3":6856,"4":42158,"5":52143,"6":57896,"7":59927,"8":60040},"included_in_rating":{"0":1,"1":1,"2":1,"3":1,"4":1,"5":1,"6":1,"7":1,"8":1},"mask":{"0":1.110100011e+35,"1":1.110111111e+35,"2":1.10100011e+34,"3":1.011111111e+33,"4":1.111110011e+35,"5":1.011001101e+33,"6":1.011011111e+33,"7":1.01000101e+32,"8":1.111000111e+33},"position":{"0":2,"1":1,"2":8,"3":4,"4":3,"5":6,"6":5,"7":9,"8":7},"predicted_position":{"0":3,"1":1,"2":7,"3":2,"4":5,"5":6,"6":4,"7":9,"8":8},"questions_total":{"0":24,"1":28,"2":16,"3":20,"4":22,"5":19,"6":20,"7":6,"8":18},"tech_rating":{"0":3804,"1":4618,"2":2432,"3":4046,"4":2574,"5":2476,"6":2618,"7":21,"8":1704}}