{"base_name":{"0":"\u0412\u043e\u043b\u0448\u0435\u0431\u043d\u044b\u0435 \u0437\u0432\u0451\u0437\u0434\u044b 7","1":"\u041f\u043b\u043e\u0442\u0438\u043d\u0430 \u041a\u0430\u043d\u0434\u0435\u043b\u0430\u043a\u0438","2":"\u041d\u0435\u0435\u0441\u0442\u0435\u0441\u0442\u0432\u0435\u043d\u043d\u044b\u0439 \u043e\u0442\u0431\u043e\u0440","3":"\u0410\u043f\u0441\u043d\u044b","4":"\u041a\u0443\u0434\u0440\u044f\u0432\u0447\u0438\u043a \u0438 \u0412\u0430\u0445\u0440\u0438\u0432\u043a\u0430","5":"\u0422\u0430\u0440\u0448\u0438\u0448"},"bonus_a":{"0":1267,"1":0,"2":0,"3":134,"4":268,"5":0},"bonus_b":{"0":875,"1":61,"2":167,"3":415,"4":673,"5":123},"current_name":{"0":"\u0412\u043e\u043b\u0448\u0435\u0431\u043d\u044b\u0435 \u0437\u0432\u0451\u0437\u0434\u044b 7","1":"\u041f\u043b\u043e\u0442\u0438\u043d\u0430 \u041a\u0430\u043d\u0434\u0435\u043b\u0430\u043a\u0438","2":"\u041d\u0435\u0435\u0441\u0442\u0435\u0441\u0442\u0432\u0435\u043d\u043d\u044b\u0439 \u043e\u0442\u0431\u043e\u0440","3":"\u0410\u043f\u0441\u043d\u044b","4":"\u041a\u0443\u0434\u0440\u044f\u0432\u0447\u0438\u043a \u0438 \u0412\u0430\u0445\u0440\u0438\u0432\u043a\u0430","5":"\u0422\u0430\u0440\u0448\u0438\u0448"},"d_bonus_a":{"0":1267,"1":0,"2":0,"3":134,"4":268,"5":0},"d_bonus_b":{"0":875,"1":61,"2":167,"3":415,"4":673,"5":123},"d_diff_bonus":{"0":5,"1":0,"2":44,"3":-128,"4":260,"5":-22},"diff_bonus":{"0":5,"1":0,"2":44,"3":-128,"4":260,"5":-22},"idteam":{"0":42538,"1":48625,"2":52940,"3":54373,"4":59419,"5":59422},"included_in_rating":{"0":1,"1":1,"2":1,"3":1,"4":1,"5":1},"mask":{"0":1.011110111e+70,"1":1.10000001e+69,"2":1e+62,"3":1.101010101e+68,"4":1.01000111e+70,"5":1.011e+59},"position":{"0":1,"1":6,"2":4,"3":3,"4":2,"5":5},"predicted_position":{"0":1,"1":6,"2":5,"3":2,"4":3,"5":4},"questions_total":{"0":27,"1":6,"2":9,"3":22,"4":24,"5":8},"tech_rating":{"0":4484,"1":509,"2":769,"3":3884,"4":2759,"5":880}}