{"base_name":{"0":"\u0421\u043d\u043e\u0432\u0430","1":"\u041f\u0440\u0438\u043c\u0430\u0442\u044b","2":"\u0413\u0438\u0434\u0440\u043e\u044e \u043a\u043e\u043d\u0442\u0440\u044b \u0443\u0431\u0438\u0442 \u0427\u0430\u0443\u0448\u0435\u0441\u043a\u0443","3":"\u041c\u0430\u043c\u043e\u043d\u0442\u043b\u043e\u0448\u0435\u0447\u043a\u0430","4":"\u041d\u0435\u0432\u0438\u0434\u0430\u043b\u044c","5":"\u041d\u043e \u044d\u0442\u043e \u043d\u0435 \u0442\u043e\u0447\u043d\u043e","6":"\u0421\u0438\u043b\u043e\u0432\u043e\u0439 \u044d\u043b\u0435\u043c\u0435\u043d\u0442 \u0431\u0430\u043c\u043f\u0435\u0440\u0430","7":"\u0410\u043d\u043d\u0438\u0433\u0438\u043b\u044f\u0446\u0438\u044f","8":"\u041c\u0413\u0422\u0423 - \u041b\u0435\u0433\u0438\u043e\u043d\u0435\u0440\u044b","9":"\u0424\u043e\u0440\u043c\u0443\u043b\u0430 409"},"bonus_a":{"0":1862,"1":2035,"2":2193,"3":463,"4":463,"5":0,"6":0,"7":1185,"8":0,"9":1630},"bonus_b":{"0":876,"1":968,"2":1295,"3":540,"4":540,"5":344,"6":968,"7":704,"8":95,"9":818},"current_name":{"0":"\u0413\u0443\u0431\u044b \u0413\u0435\u0431\u044b","1":"\u041f\u0440\u0438\u043c\u0430\u0442\u044b","2":"\u0413\u0438\u0434\u0440\u043e\u044e \u043a\u043e\u043d\u0442\u0440\u044b \u0443\u0431\u0438\u0442 \u0427\u0430\u0443\u0448\u0435\u0441\u043a\u0443","3":"\u041c\u0430\u043c\u043e\u043d\u0442\u043b\u043e\u0448\u0435\u0447\u043a\u0430","4":"\u041d\u0435\u0432\u0438\u0434\u0430\u043b\u044c","5":"\u041a\u043e\u043d\u0434\u0443\u043a\u0442\u043e\u0440 \u043f\u043e\u043d\u0438\u043c\u0430\u0435\u0442","6":"\u0421\u0438\u043b\u043e\u0432\u043e\u0439 \u044d\u043b\u0435\u043c\u0435\u043d\u0442 \u0431\u0430\u043c\u043f\u0435\u0440\u0430","7":"\u0410\u043d\u043d\u0438\u0433\u0438\u043b\u044f\u0446\u0438\u044f","8":"\u041c\u0413\u0422\u0423 - \u041b\u0435\u0433\u0438\u043e\u043d\u0435\u0440\u044b","9":"\u0424\u043e\u0440\u043c\u0443\u043b\u0430 409"},"d_bonus_a":{"0":1862,"1":2035,"2":2193,"3":463,"4":463,"5":8,"6":2035,"7":1185,"8":0,"9":1630},"d_bonus_b":{"0":876,"1":968,"2":1295,"3":540,"4":540,"5":344,"6":968,"7":704,"8":95,"9":818},"d_diff_bonus":{"0":-12,"1":49,"2":8,"3":-41,"4":223,"5":-118,"6":-6,"7":182,"8":-101,"9":120},"diff_bonus":{"0":-12,"1":49,"2":8,"3":-41,"4":223,"5":-118,"6":-6,"7":182,"8":-101,"9":120},"idteam":{"0":1799,"1":3149,"2":41366,"3":43300,"4":43422,"5":48762,"6":49682,"7":54889,"8":55270,"9":57997},"included_in_rating":{"0":1,"1":1,"2":1,"3":1,"4":1,"5":0,"6":1,"7":1,"8":0,"9":1},"mask":{"0":1.10101e+44,"1":1.101001e+44,"2":1.111011e+44,"3":1.101011e+44,"4":1.001e+44,"5":1.0101e+44,"6":1.010011001e+44,"7":1.1100011e+44,"8":1.10001e+44,"9":1.110011e+44},"position":{"0":4.0,"1":2.5,"2":1.0,"3":7.5,"4":7.5,"5":9.0,"6":2.5,"7":6.0,"8":10.0,"9":5.0},"predicted_position":{"0":3,"1":4,"2":1,"3":6,"4":10,"5":5,"6":2,"7":9,"8":8,"9":7},"questions_total":{"0":18,"1":19,"2":25,"3":13,"4":13,"5":11,"6":19,"7":14,"8":9,"9":17},"tech_rating":{"0":3976,"1":3775,"2":6406,"3":3333,"4":770,"5":3759,"6":4347,"7":2393,"8":2618,"9":2703}}