{"base_name":{"0":"\u0414\u0435\u0442\u0438 \u042d\u0439\u043b\u0435\u0440\u0430","1":"\u0411\u043e\u0434\u0440\u044f\u0447\u043a\u043e\u043c","2":"\u0425\u0430\u0439\u0432\u043c\u0430\u0439\u043d\u0434","3":"\u0411\u0430\u043d\u044f \u0438 \u043f\u0440\u0443\u0434","4":"\u0425\u0438\u0442\u0440\u044b\u0439 \u0438\u0442\u0442\u0440\u0438\u0439","5":"\u0414\u0432\u0443\u0437\u043d\u0430\u0447\u043d\u044b\u0439 ICQ"},"bonus_a":{"0":1418,"1":412,"2":0,"3":0,"4":0,"5":0},"bonus_b":{"0":727,"1":359,"2":1023,"3":15,"4":359,"5":95},"current_name":{"0":"\u0414\u0435\u0442\u0438 \u042d\u0439\u043b\u0435\u0440\u0430","1":"\u0411\u043e\u0434\u0440\u044f\u0447\u043a\u043e\u043c","2":"\u0425\u0430\u0439\u0432\u043c\u0430\u0439\u043d\u0434","3":"Dictum Factum","4":"\u0425\u0438\u0442\u0440\u044b\u0439 \u0438\u0442\u0442\u0440\u0438\u0439","5":"\u0414\u0432\u0443\u0437\u043d\u0430\u0447\u043d\u044b\u0439 ICQ"},"d_bonus_a":{"0":1418,"1":412,"2":1850,"3":0,"4":412,"5":0},"d_bonus_b":{"0":727,"1":359,"2":1023,"3":15,"4":359,"5":95},"d_diff_bonus":{"0":3,"1":-77,"2":7,"3":-40,"4":156,"5":80},"diff_bonus":{"0":3,"1":-77,"2":7,"3":-40,"4":156,"5":80},"idteam":{"0":8723,"1":28103,"2":38722,"3":48419,"4":53700,"5":62058},"included_in_rating":{"0":1,"1":1,"2":1,"3":0,"4":0,"5":0},"mask":{"0":1.000010111e+22,"1":1.000110001e+22,"2":1.00001011e+22,"3":1.000001e+17,"4":1.00100001e+25,"5":1.001e+25},"position":{"0":2.0,"1":3.5,"2":1.0,"3":6.0,"4":3.5,"5":5.0},"predicted_position":{"0":2,"1":3,"2":1,"3":5,"4":4,"5":6},"questions_total":{"0":11,"1":9,"2":13,"3":4,"4":9,"5":5},"tech_rating":{"0":3825,"1":3349,"2":5360,"3":714,"4":1270,"5":122}}