{"base_name":{"0":"\u0411\u0440\u044e\u0441\u0441\u0435\u043b\u044c\u0441\u043a\u0438\u0435","1":"\u041c\u044b","2":"\u041c\u0438\u0441\u0442\u0435\u0440\u0438\u044f","3":"\u041f\u0438 \u043a\u0432\u0430\u0434\u0440\u0430\u0442","4":"7Hz","5":"DimTeam","6":"\u041f\u0430\u0445\u0442\u0430\u043a\u043e\u0440","7":"18+","8":"\u0411\u0438\u0441","9":"Budlight","10":"Metal X","11":"6 \u0441\u0442\u0443\u043b\u044c\u0435\u0432","12":"\u041f\u0430\u0440\u0430\u0434\u043e\u043a\u0441","13":"\u0422\u043e\u0447\u043a\u0430 \u0437\u0440\u0435\u043d\u0438\u044f","14":"\u041a\u0432\u0430\u0434\u0440\u0443\u043c"},"bonus_a":{"0":0,"1":2184,"2":2239,"3":0,"4":2023,"5":1660,"6":2023,"7":0,"8":353,"9":1013,"10":0,"11":0,"12":0,"13":1351,"14":0},"bonus_b":{"0":96,"1":861,"2":1003,"3":421,"4":721,"5":588,"6":721,"7":247,"8":315,"9":352,"10":38,"11":59,"12":142,"13":389,"14":142},"current_name":{"0":"\u0411\u0440\u044e\u0441\u0441\u0435\u043b\u044c\u0441\u043a\u0438\u0435","1":"\u041c\u044b","2":"\u041c\u0438\u0441\u0442\u0435\u0440\u0438\u044f","3":"\u041f\u0438 \u043a\u0432\u0430\u0434\u0440\u0430\u0442","4":"7Hz","5":"DimTeam","6":"\u041f\u0430\u0445\u0442\u0430\u043a\u043e\u0440","7":"18+","8":"\u0411\u0438\u0441","9":"Budlight","10":"Metal X","11":"6 \u0441\u0442\u0443\u043b\u044c\u0435\u0432","12":"\u041f\u0430\u0440\u0430\u0434\u043e\u043a\u0441","13":"\u0422\u043e\u0447\u043a\u0430 \u0437\u0440\u0435\u043d\u0438\u044f","14":"\u041a\u0432\u0430\u0434\u0440\u0443\u043c"},"d_bonus_a":{"0":0,"1":2184,"2":2239,"3":1541,"4":2023,"5":1660,"6":2023,"7":62,"8":353,"9":1013,"10":0,"11":0,"12":0,"13":1351,"14":0},"d_bonus_b":{"0":96,"1":861,"2":1003,"3":421,"4":721,"5":588,"6":721,"7":247,"8":315,"9":352,"10":38,"11":59,"12":142,"13":389,"14":142},"d_diff_bonus":{"0":-34,"1":4,"2":7,"3":1,"4":-11,"5":-51,"6":136,"7":-34,"8":-18,"9":-18,"10":0,"11":0,"12":46,"13":270,"14":-53},"diff_bonus":{"0":-34,"1":4,"2":7,"3":1,"4":-11,"5":-51,"6":136,"7":-34,"8":-18,"9":-18,"10":0,"11":0,"12":46,"13":270,"14":-53},"idteam":{"0":815,"1":2462,"2":2909,"3":4146,"4":4156,"5":5858,"6":28587,"7":35826,"8":45419,"9":48054,"10":50198,"11":54015,"12":58044,"13":58382,"14":59513},"included_in_rating":{"0":1,"1":1,"2":1,"3":1,"4":1,"5":1,"6":1,"7":1,"8":1,"9":1,"10":1,"11":1,"12":1,"13":1,"14":1},"mask":{"0":1.0000001e+89,"1":1.11011011e+89,"2":1.111110101e+89,"3":1.1000001e+89,"4":1.011100101e+89,"5":1.101000111e+88,"6":1.110110001e+89,"7":1.010101e+88,"8":1.110110001e+89,"9":1.000001e+88,"10":1.01e+88,"11":1.011e+77,"12":1.00101e+79,"13":1.00001001e+87,"14":1.1e+88},"position":{"0":13.0,"1":2.0,"2":1.0,"3":6.0,"4":3.5,"5":5.0,"6":3.5,"7":10.0,"8":9.0,"9":8.0,"10":15.0,"11":14.0,"12":11.5,"13":7.0,"14":11.5},"predicted_position":{"0":11,"1":2,"2":1,"3":6,"4":3,"5":4,"6":5,"7":9,"8":8,"9":7,"10":15,"11":14,"12":13,"13":12,"14":10},"questions_total":{"0":19,"1":53,"2":54,"3":32,"4":47,"5":41,"6":47,"7":26,"8":27,"9":30,"10":17,"11":18,"12":20,"13":31,"14":20},"tech_rating":{"0":832,"1":3950,"2":4639,"3":1837,"4":3249,"5":3234,"6":3063,"7":1553,"8":1577,"9":1722,"10":306,"11":322,"12":540,"13":584,"14":1339}}