{"base_name":{"0":"\u0412\u0441\u043f\u043e\u043c\u043d\u0438\u0442\u044c \u0432\u0441\u0451","1":"\u042d\u043d\u0435\u0440\u0433\u0438\u044f","2":"\u041f\u043e\u043c\u043e\u0440\u044b","3":"\u041d\u0435 \u043f\u043e\u0434\u0430\u0440\u043e\u043a","4":"\u0421\u0431\u043e\u0440\u043d\u0430\u044f \u0411\u0440\u0430\u0437\u0438\u043b\u0438\u0438","5":"\u041b\u0430\u043d\u0433\u043e\u043b\u044c\u0435\u0440\u044b","6":"\u0412\u0438\u043d\u0442\u0430\u0436","7":"444","8":"\u041d\u0430\u0443\u0433\u0430\u0434"},"bonus_a":{"0":1995,"1":506,"2":1566,"3":0,"4":1995,"5":1566,"6":0,"7":2161,"8":0},"bonus_b":{"0":705,"1":453,"2":563,"3":258,"4":705,"5":563,"6":453,"7":831,"8":258},"current_name":{"0":"\u0412\u0441\u043f\u043e\u043c\u043d\u0438\u0442\u044c \u0432\u0441\u0451","1":"\u042d\u043d\u0435\u0440\u0433\u0438\u044f","2":"\u041f\u043e\u043c\u043e\u0440\u044b","3":"\u041d\u0435 \u043f\u043e\u0434\u0430\u0440\u043e\u043a","4":"\u0421\u0431\u043e\u0440\u043d\u0430\u044f \u0411\u0440\u0430\u0437\u0438\u043b\u0438\u0438","5":"\u041b\u0430\u043d\u0433\u043e\u043b\u044c\u0435\u0440\u044b","6":"\u0412\u0438\u043d\u0442\u0430\u0436","7":"444","8":"\u041d\u0430\u0443\u0433\u0430\u0434"},"d_bonus_a":{"0":1995,"1":506,"2":1566,"3":0,"4":1995,"5":1566,"6":506,"7":2161,"8":0},"d_bonus_b":{"0":705,"1":453,"2":563,"3":258,"4":705,"5":563,"6":453,"7":831,"8":258},"d_diff_bonus":{"0":-27,"1":-62,"2":-39,"3":-29,"4":223,"5":19,"6":34,"7":4,"8":59},"diff_bonus":{"0":-27,"1":-62,"2":-39,"3":-29,"4":223,"5":19,"6":34,"7":4,"8":59},"idteam":{"0":263,"1":338,"2":725,"3":3500,"4":27392,"5":37728,"6":47089,"7":55735,"8":57147},"included_in_rating":{"0":1,"1":1,"2":1,"3":1,"4":1,"5":1,"6":0,"7":1,"8":1},"mask":{"0":1.01101001e+40,"1":1.0101101e+25,"2":1.00101001e+25,"3":1e+35,"4":1.01001e+37,"5":1.00100101e+38,"6":1.00000001e+38,"7":1.000000011e+44,"8":1.001000001e+24},"position":{"0":2.5,"1":6.5,"2":4.5,"3":8.5,"4":2.5,"5":4.5,"6":6.5,"7":1.0,"8":8.5},"predicted_position":{"0":2,"1":4,"2":3,"3":8,"4":6,"5":5,"6":7,"7":1,"8":9},"questions_total":{"0":15,"1":12,"2":13,"3":10,"4":15,"5":13,"6":12,"7":18,"8":10},"tech_rating":{"0":3612,"1":2497,"2":2899,"3":1767,"4":2243,"5":2474,"6":2135,"7":3663,"8":1621}}