{"base_name":{"0":"\u0412\u0441\u043f\u043e\u043c\u043d\u0438\u0442\u044c \u0432\u0441\u0451","1":"\u042d\u043d\u0435\u0440\u0433\u0438\u044f","2":"\u041f\u043e\u043c\u043e\u0440\u044b","3":"\u041d\u0435 \u043f\u043e\u0434\u0430\u0440\u043e\u043a","4":"\u0421\u0431\u043e\u0440\u043d\u0430\u044f \u0411\u0440\u0430\u0437\u0438\u043b\u0438\u0438","5":"\u041b\u0430\u043d\u0433\u043e\u043b\u044c\u0435\u0440\u044b","6":"\u0412\u0438\u043d\u0442\u0430\u0436","7":"444","8":"\u041d\u0430\u0443\u0433\u0430\u0434"},"bonus_a":{"0":1864,"1":874,"2":1468,"3":2060,"4":0,"5":565,"6":0,"7":2166,"8":1864},"bonus_b":{"0":725,"1":512,"2":564,"3":848,"4":241,"5":449,"6":368,"7":898,"8":725},"current_name":{"0":"\u0412\u0441\u043f\u043e\u043c\u043d\u0438\u0442\u044c \u0432\u0441\u0451","1":"\u042d\u043d\u0435\u0440\u0433\u0438\u044f","2":"\u041f\u043e\u043c\u043e\u0440\u044b","3":"\u041d\u0435 \u043f\u043e\u0434\u0430\u0440\u043e\u043a","4":"\u0421\u0431\u043e\u0440\u043d\u0430\u044f \u0411\u0440\u0430\u0437\u0438\u043b\u0438\u0438","5":"\u041b\u0430\u043d\u0433\u043e\u043b\u044c\u0435\u0440\u044b","6":"\u0412\u0438\u043d\u0442\u0430\u0436","7":"444","8":"\u041d\u0430\u0443\u0433\u0430\u0434"},"d_bonus_a":{"0":1864,"1":874,"2":1468,"3":2060,"4":0,"5":565,"6":0,"7":2166,"8":1864},"d_bonus_b":{"0":725,"1":512,"2":564,"3":848,"4":241,"5":449,"6":368,"7":898,"8":725},"d_diff_bonus":{"0":-59,"1":-25,"2":-100,"3":484,"4":-104,"5":-31,"6":-156,"7":5,"8":487},"diff_bonus":{"0":-59,"1":-25,"2":-100,"3":484,"4":-104,"5":-31,"6":-156,"7":5,"8":487},"idteam":{"0":263,"1":338,"2":725,"3":3500,"4":27392,"5":37728,"6":47089,"7":55735,"8":57147},"included_in_rating":{"0":1,"1":1,"2":1,"3":1,"4":1,"5":1,"6":0,"7":1,"8":1},"mask":{"0":1.0101001e+40,"1":1.000111011e+44,"2":1.10001001e+41,"3":1.11001011e+41,"4":1.00011001e+29,"5":1.110100111e+28,"6":1.000100011e+29,"7":1.01011101e+44,"8":1.111000001e+42},"position":{"0":3.5,"1":6.0,"2":5.0,"3":2.0,"4":9.0,"5":7.0,"6":8.0,"7":1.0,"8":3.5},"predicted_position":{"0":2,"1":5,"2":3,"3":8,"4":7,"5":6,"6":4,"7":1,"8":9},"questions_total":{"0":22,"1":20,"2":21,"3":26,"4":13,"5":17,"6":14,"7":27,"8":22},"tech_rating":{"0":3762,"1":2494,"2":3466,"3":2007,"4":2150,"5":2325,"6":3233,"7":3838,"8":1951}}