{"base_name":{"0":"\u0412\u0441\u043f\u043e\u043c\u043d\u0438\u0442\u044c \u0432\u0441\u0451","1":"\u042d\u043d\u0435\u0440\u0433\u0438\u044f","2":"\u041f\u043e\u043c\u043e\u0440\u044b","3":"\u041d\u0435 \u043f\u043e\u0434\u0430\u0440\u043e\u043a","4":"\u0421\u0431\u043e\u0440\u043d\u0430\u044f \u0411\u0440\u0430\u0437\u0438\u043b\u0438\u0438","5":"\u041b\u0430\u043d\u0433\u043e\u043b\u044c\u0435\u0440\u044b","6":"\u0412\u0438\u043d\u0442\u0430\u0436","7":"444","8":"\u041d\u0430\u0443\u0433\u0430\u0434"},"bonus_a":{"0":732,"1":2161,"2":1995,"3":0,"4":140,"5":1995,"6":0,"7":140,"8":1735},"bonus_b":{"0":472,"1":882,"2":731,"3":220,"4":376,"5":731,"6":529,"7":376,"8":575},"current_name":{"0":"\u0412\u0441\u043f\u043e\u043c\u043d\u0438\u0442\u044c \u0432\u0441\u0451","1":"\u042d\u043d\u0435\u0440\u0433\u0438\u044f","2":"\u041f\u043e\u043c\u043e\u0440\u044b","3":"\u041d\u0435 \u043f\u043e\u0434\u0430\u0440\u043e\u043a","4":"\u0421\u0431\u043e\u0440\u043d\u0430\u044f \u0411\u0440\u0430\u0437\u0438\u043b\u0438\u0438","5":"\u041b\u0430\u043d\u0433\u043e\u043b\u044c\u0435\u0440\u044b","6":"\u0412\u0438\u043d\u0442\u0430\u0436","7":"444","8":"\u041d\u0430\u0443\u0433\u0430\u0434"},"d_bonus_a":{"0":732,"1":2161,"2":1995,"3":0,"4":140,"5":1995,"6":1397,"7":140,"8":1735},"d_bonus_b":{"0":472,"1":882,"2":731,"3":220,"4":376,"5":731,"6":529,"7":376,"8":575},"d_diff_bonus":{"0":-204,"1":312,"2":-13,"3":-57,"4":-47,"5":205,"6":113,"7":-161,"8":357},"diff_bonus":{"0":-204,"1":312,"2":-13,"3":-57,"4":-47,"5":205,"6":113,"7":-161,"8":357},"idteam":{"0":263,"1":338,"2":725,"3":3500,"4":27392,"5":37728,"6":47089,"7":55735,"8":57147},"included_in_rating":{"0":1,"1":1,"2":1,"3":1,"4":1,"5":1,"6":0,"7":1,"8":1},"mask":{"0":1.11001001e+29,"1":1.1000011e+43,"2":1.110001e+43,"3":1.000001e+28,"4":1.000011001e+42,"5":1.0001011e+43,"6":1.11001001e+44,"7":1.11000101e+28,"8":1.0100001e+43},"position":{"0":6.0,"1":1.0,"2":2.5,"3":9.0,"4":7.5,"5":2.5,"6":5.0,"7":7.5,"8":4.0},"predicted_position":{"0":1,"1":4,"2":2,"3":8,"4":6,"5":5,"6":7,"7":3,"8":9},"questions_total":{"0":17,"1":27,"2":21,"3":15,"4":16,"5":21,"6":18,"7":16,"8":20},"tech_rating":{"0":4026,"1":2490,"2":3316,"3":1799,"4":2116,"5":2357,"6":2008,"7":3310,"8":1769}}