{"base_name":{"0":"\u0412 \u0448\u0442\u0430\u043d\u0430\u0445","1":"\u0424\u0411\u041a","2":"Black floyd","3":"\u0411\u043e\u043b\u044c\u0448\u043e\u0439 \u043f\u0440\u043e\u0438\u0433\u0440\u044b\u0432\u0430\u0442\u0435\u043b\u044c","4":"\u041a\u043e\u043d\u044c \u041f\u0451\u0442\u0440"},"bonus_a":{"0":0,"1":0,"2":0,"3":0,"4":0},"bonus_b":{"0":54,"1":0,"2":0,"3":54,"4":0},"current_name":{"0":"\u0412 \u0448\u0442\u0430\u043d\u0430\u0445","1":"\u0424\u0411\u041a","2":"\u041a\u043e\u043c\u043f\u0440\u043e\u043c\u0430\u0442 \u043d\u0435 \u043d\u0443\u0436\u0435\u043d","3":"\u0411\u043e\u043b\u044c\u0448\u043e\u0439 \u043f\u0440\u043e\u0438\u0433\u0440\u044b\u0432\u0430\u0442\u0435\u043b\u044c","4":"\u041a\u043e\u043d\u044c \u041f\u0451\u0442\u0440"},"d_bonus_a":{"0":0,"1":0,"2":0,"3":0,"4":0},"d_bonus_b":{"0":54,"1":0,"2":0,"3":54,"4":0},"d_diff_bonus":{"0":-27,"1":0,"2":0,"3":54,"4":0},"diff_bonus":{"0":-27,"1":0,"2":0,"3":54,"4":0},"idteam":{"0":59628,"1":61121,"2":61250,"3":61251,"4":61252},"included_in_rating":{"0":1,"1":1,"2":1,"3":1,"4":1},"mask":{"0":1.11001101e+35,"1":1.11001e+35,"2":1.11001001e+35,"3":1.11101001e+35,"4":1.11001001e+35},"position":{"0":1.5,"1":3.0,"2":4.5,"3":1.5,"4":4.5},"predicted_position":{"0":1.0,"1":3.5,"2":3.5,"3":3.5,"4":3.5},"questions_total":{"0":22,"1":16,"2":12,"3":22,"4":12},"tech_rating":{"0":884,"1":0,"2":0,"3":0,"4":0}}