{"base_name":{"0":"brains.cpp","1":"\u041a\u0430\u043f\u0438\u0431\u0430\u0440\u0430","2":"\u0413\u0435\u043d\u043e\u043c \u041d\u044c\u044e\u0442\u043e\u043d\u0430","3":"\u041a\u0432\u0430\u0441\u043d\u043e\u0439 \u043b\u0438\u0431\u0435\u0440\u0430\u043b\u0438\u0437\u043c","4":"\u04152\u04152","5":"Little Italy","6":"\u041c\u0430\u043a\u0441\u0438\u043c\u0443\u043c 2","7":"Ah-ni-ghi-to","8":"\u0419\u0415\u0420"},"bonus_a":{"0":148,"1":288,"2":0,"3":0,"4":0,"5":0,"6":0,"7":0,"8":0},"bonus_b":{"0":57,"1":252,"2":3,"3":30,"4":3,"5":8,"6":0,"7":1,"8":1},"current_name":{"0":"\u041e\u0441\u043d\u043e\u0432\u044b \u043a\u0435\u043a\u0431\u0435\u0440\u043d\u0435\u0442\u0438\u043a\u0438","1":"\u041a\u0430\u043f\u0438\u0431\u0430\u0440\u0430","2":"\u041d\u0430\u0448 \u043e\u0442\u0432\u0435\u0442 \u0441\u044a\u0435\u043b\u0430 \u043b\u0430\u0441\u0442\u043e\u0447\u043a\u0430","3":"\u041a\u0432\u0430\u0441\u043d\u043e\u0439 \u043b\u0438\u0431\u0435\u0440\u0430\u043b\u0438\u0437\u043c","4":"\u04152\u04152","5":"Little Italy","6":"\u041c\u0430\u043a\u0441\u0438\u043c\u0443\u043c 2","7":"Ah-ni-ghi-to","8":"\u0419\u0415\u0420"},"d_bonus_a":{"0":148,"1":288,"2":0,"3":0,"4":0,"5":0,"6":0,"7":0,"8":0},"d_bonus_b":{"0":57,"1":252,"2":3,"3":30,"4":3,"5":8,"6":0,"7":1,"8":1},"d_diff_bonus":{"0":55,"1":222,"2":2,"3":-111,"4":0,"5":-25,"6":0,"7":-4,"8":1},"diff_bonus":{"0":55,"1":222,"2":2,"3":-111,"4":0,"5":-25,"6":0,"7":-4,"8":1},"idteam":{"0":54166,"1":54193,"2":54207,"3":54256,"4":60183,"5":61159,"6":63312,"7":63313,"8":63314},"included_in_rating":{"0":1,"1":1,"2":0,"3":0,"4":1,"5":1,"6":1,"7":1,"8":1},"mask":{"0":1.011010111e+35,"1":1.111110111e+35,"2":1.01100101e+35,"3":1.001010111e+35,"4":1.0001011e+34,"5":1.101110011e+31,"6":1.000010001e+28,"7":1.000000101e+35,"8":1.00001001e+35},"position":{"0":2.0,"1":1.0,"2":5.5,"3":3.0,"4":5.5,"5":4.0,"6":9.0,"7":7.5,"8":7.5},"predicted_position":{"0":6.0,"1":3.0,"2":7.0,"3":1.0,"4":5.0,"5":2.0,"6":8.5,"7":4.0,"8":8.5},"questions_total":{"0":19,"1":26,"2":15,"3":18,"4":15,"5":17,"6":10,"7":12,"8":12},"tech_rating":{"0":10,"1":211,"2":5,"3":1795,"4":16,"5":335,"6":0,"7":52,"8":0}}