{"base_name":{"0":"\u0421\u043d\u043e\u0432\u0430","1":"\u0420\u043e\u0434\u0435\u043e","2":"\u0428\u0430\u043d\u0445\u0430\u0439\u0444\u0441\u043a\u0438\u0439 \u0431\u0430\u0440\u0441","3":"\u041d\u043e \u044d\u0442\u043e \u043d\u0435 \u0442\u043e\u0447\u043d\u043e","4":"\u042d\u0442\u043e \u0432\u0430\u043c \u043d\u0435 \u044d\u0442\u043e","5":"\u041c\u044b \u043d\u0435 \u0437\u043d\u0430\u0435\u043c","6":"\u041a\u0432\u0430\u0434\u0440\u0430\u0442\u0443\u0440\u0430 \u0442\u0443\u0440\u0430","7":"\u041c\u0413\u0422\u0423 - \u041c\u0430\u0448\u0438\u043d\u0430 \u0425\u0430\u0439\u043f\u0430"},"bonus_a":{"0":0,"1":1262,"2":1523,"3":0,"4":1,"5":0,"6":560,"7":0},"bonus_b":{"0":900,"1":675,"2":778,"3":461,"4":74,"5":43,"6":461,"7":253},"current_name":{"0":"\u0424\u0438\u0437\u0438\u043a\u0430\u043d\u044c \u0438 \u0445\u0438\u043c\u0438\u043a\u0430\u043d\u044c \u0438\u043d\u0441\u0442\u0438\u0442\u0443\u0442\u043e\u0441\u044c","1":"\u0420\u043e\u0434\u0435\u043e","2":"\u0428\u0430\u043d\u0445\u0430\u0439\u0444\u0441\u043a\u0438\u0439 \u0431\u0430\u0440\u0441","3":"\u041a\u043e\u043d\u0434\u0443\u043a\u0442\u043e\u0440 \u043d\u0435 \u0432\u044a\u0435\u0437\u0436\u0430\u0435\u0442","4":"\u042d\u0442\u043e \u0432\u0430\u043c \u043d\u0435 \u044d\u0442\u043e","5":"\u041c\u044b \u043d\u0435 \u0437\u043d\u0430\u0435\u043c","6":"\u041a\u0432\u0430\u0434\u0440\u0430\u0442\u0443\u0440\u0430 \u0442\u0443\u0440\u0430","7":"\u041c\u0413\u0422\u0423 - \u041c\u0430\u0448\u0438\u043d\u0430 \u0425\u0430\u0439\u043f\u0430"},"d_bonus_a":{"0":1675,"1":1262,"2":1523,"3":560,"4":1,"5":0,"6":560,"7":86},"d_bonus_b":{"0":900,"1":675,"2":778,"3":461,"4":74,"5":43,"6":461,"7":253},"d_diff_bonus":{"0":115,"1":138,"2":264,"3":-79,"4":0,"5":0,"6":-15,"7":-162},"diff_bonus":{"0":115,"1":138,"2":264,"3":-79,"4":0,"5":0,"6":-15,"7":-162},"idteam":{"0":1799,"1":7973,"2":38348,"3":48762,"4":50747,"5":53707,"6":55580,"7":59482},"included_in_rating":{"0":0,"1":1,"2":1,"3":0,"4":1,"5":1,"6":1,"7":0},"mask":{"0":1.001101e+35,"1":1.0001e+32,"2":1.00001e+35,"3":1.101000001e+32,"4":1.0000001e+34,"5":1.001e+22,"6":1.10000001e+35,"7":1.000110001e+35},"position":{"0":1.0,"1":3.0,"2":2.0,"3":4.5,"4":7.0,"5":8.0,"6":4.5,"7":6.0},"predicted_position":{"0":3,"1":5,"2":6,"3":2,"4":7,"5":8,"6":4,"7":1},"questions_total":{"0":21,"1":14,"2":16,"3":12,"4":5,"5":3,"6":12,"7":11},"tech_rating":{"0":3371,"1":2235,"2":1757,"3":3587,"4":429,"5":350,"6":2611,"7":4154}}