{"base_name":{"0":"\u0418\u0435\u0440\u043e\u0433\u043b\u0438\u0444","1":"\u041d\u043e \u044d\u0442\u043e \u043d\u0435 \u0442\u043e\u0447\u043d\u043e","2":"\u042d\u0442\u043e \u0432\u0430\u043c \u043d\u0435 \u044d\u0442\u043e","3":"\u041c\u044b \u043d\u0435 \u0437\u043d\u0430\u0435\u043c","4":"\u041c\u0413\u0422\u0423 - \u041b\u0435\u0433\u0438\u043e\u043d\u0435\u0440\u044b","5":"\u041c\u0430\u0446\u0430","6":"\u041b\u044e\u0431\u0438\u0442\u0435\u043b\u0438 \u0447\u0430\u0439\u043a\u0430","7":"\u041d\u0435\u0444\u043e\u0440\u043c\u0430\u043b\u044c\u043d\u0430\u044f \u043a\u0438\u0431\u0438\u0442\u043a\u0430","8":"\u0421\u0431\u0440\u043e\u0434","9":"\u0411\u044e\u0434\u0436\u0435\u0442"},"bonus_a":{"0":468,"1":0,"2":0,"3":0,"4":0,"5":1610,"6":0,"7":0,"8":1,"9":0},"bonus_b":{"0":647,"1":647,"2":24,"3":24,"4":421,"5":935,"6":0,"7":867,"8":237,"9":69},"current_name":{"0":"\u0418\u0435\u0440\u043e\u0433\u043b\u0438\u0444","1":"\u0421\u0442\u0440\u0430\u0434\u0430\u043d\u0438\u044f \u044e\u043d\u043e\u0433\u043e \u043a\u043e\u043d\u0434\u0443\u043a\u0442\u043e\u0440\u0430","2":"\u042d\u0442\u043e \u0432\u0430\u043c \u043d\u0435 \u044d\u0442\u043e","3":"\u041c\u044b \u043d\u0435 \u0437\u043d\u0430\u0435\u043c","4":"\u041c\u0413\u0422\u0423 - \u041b\u0435\u0433\u0438\u043e\u043d\u0435\u0440\u044b","5":"\u041c\u0430\u0446\u0430","6":"\u041b\u044e\u0431\u0438\u0442\u0435\u043b\u0438 \u0447\u0430\u0439\u043a\u0430","7":"\u041d\u0435\u0444\u043e\u0440\u043c\u0430\u043b\u044c\u043d\u0430\u044f \u043a\u0438\u0431\u0438\u0442\u043a\u0430","8":"\u0421\u0431\u0440\u043e\u0434","9":"\u0411\u044e\u0434\u0436\u0435\u0442"},"d_bonus_a":{"0":468,"1":468,"2":0,"3":0,"4":86,"5":1610,"6":0,"7":945,"8":1,"9":0},"d_bonus_b":{"0":647,"1":647,"2":24,"3":24,"4":421,"5":935,"6":0,"7":867,"8":237,"9":69},"d_diff_bonus":{"0":52,"1":-54,"2":-12,"3":-5,"4":-128,"5":96,"6":-1,"7":226,"8":0,"9":35},"diff_bonus":{"0":52,"1":-54,"2":-12,"3":-5,"4":-128,"5":96,"6":-1,"7":226,"8":0,"9":35},"idteam":{"0":28471,"1":48762,"2":50747,"3":53707,"4":55270,"5":55627,"6":56359,"7":59004,"8":59316,"9":64117},"included_in_rating":{"0":1,"1":0,"2":1,"3":1,"4":0,"5":1,"6":1,"7":0,"8":1,"9":1},"mask":{"0":1.01110001e+35,"1":1.101101001e+35,"2":1e+34,"3":1.000000101e+30,"4":1.111100101e+34,"5":1.111111101e+34,"6":100000000000.0,"7":1.11101111e+34,"8":1.10100011e+32,"9":1.011e+34},"position":{"0":3.5,"1":3.5,"2":8.5,"3":8.5,"4":5.0,"5":1.0,"6":10.0,"7":2.0,"8":6.0,"9":7.0},"predicted_position":{"0":4,"1":2,"2":7,"3":8,"4":1,"5":3,"6":9,"7":5,"8":6,"9":10},"questions_total":{"0":16,"1":16,"2":4,"3":4,"4":14,"5":24,"6":1,"7":20,"8":9,"9":7},"tech_rating":{"0":2716,"1":4008,"2":385,"3":331,"4":4073,"5":3874,"6":33,"7":2460,"8":1645,"9":0}}