{"base_name":{"0":"\u0412\u0430-\u0431\u0430\u043d\u043a","1":"\u0410\u043b\u0442\u044b\u043d \u0410\u0441\u044b\u0440","2":"\u041f\u0430\u043f\u0438\u0440\u0443\u0441","3":"Infoabad","4":"\u041c\u0422\u0421","5":"\u041a\u0430\u043a \u0445\u043e\u0442\u0438\u0442\u0435","6":"\u0414\u0435\u0442\u0438 \u043a\u0430\u043f\u0438\u0442\u0430\u043d\u0430 \u041c\u043e\u0440\u0433\u0430\u043d\u0430","7":"\u041f\u0430\u043d\u0434\u0430","8":"Monkas","9":"\u041a\u0430\u0440\u0430\u043a\u0443\u043c"},"bonus_a":{"0":1876,"1":1088,"2":131,"3":0,"4":1521,"5":0,"6":0,"7":0,"8":0,"9":0},"bonus_b":{"0":696,"1":334,"2":228,"3":228,"4":559,"5":3,"6":86,"7":1,"8":0,"9":1},"current_name":{"0":"\u0412\u0430-\u0431\u0430\u043d\u043a","1":"\u0410\u043b\u0442\u044b\u043d \u0410\u0441\u044b\u0440","2":"\u041f\u0430\u043f\u0438\u0440\u0443\u0441","3":"Infoabad","4":"\u041c\u0422\u0421","5":"\u041a\u0430\u043a \u0445\u043e\u0442\u0438\u0442\u0435","6":"\u0414\u0435\u0442\u0438 \u043a\u0430\u043f\u0438\u0442\u0430\u043d\u0430 \u041c\u043e\u0440\u0433\u0430\u043d\u0430","7":"\u0421\u0422\u0420\u0421\u041e\u0428","8":"Monkas","9":"\u041a\u0430\u0440\u0430\u043a\u0443\u043c"},"d_bonus_a":{"0":1876,"1":1088,"2":131,"3":131,"4":1521,"5":0,"6":0,"7":0,"8":0,"9":0},"d_bonus_b":{"0":696,"1":334,"2":228,"3":228,"4":559,"5":3,"6":86,"7":1,"8":0,"9":1},"d_diff_bonus":{"0":3,"1":1,"2":34,"3":-17,"4":2,"5":2,"6":0,"7":-1,"8":0,"9":1},"diff_bonus":{"0":3,"1":1,"2":34,"3":-17,"4":2,"5":2,"6":0,"7":-1,"8":0,"9":1},"idteam":{"0":1223,"1":2318,"2":42045,"3":46867,"4":53485,"5":58189,"6":58394,"7":62403,"8":64187,"9":64188},"included_in_rating":{"0":1,"1":1,"2":1,"3":1,"4":1,"5":1,"6":1,"7":1,"8":1,"9":1},"mask":{"0":1.11011101e+58,"1":1.0001101e+58,"2":1.11101101e+59,"3":1.001011e+59,"4":1.11111111e+59,"5":1.000010001e+59,"6":1.0001e+54,"7":1e+54,"8":1000000000000000.0,"9":1e+54},"position":{"0":1.0,"1":3.0,"2":4.5,"3":4.5,"4":2.0,"5":7.0,"6":6.0,"7":8.5,"8":10.0,"9":8.5},"predicted_position":{"0":1,"1":3,"2":5,"3":4,"4":2,"5":8,"6":6,"7":7,"8":10,"9":9},"questions_total":{"0":34,"1":16,"2":15,"3":15,"4":28,"5":5,"6":10,"7":2,"8":1,"9":2},"tech_rating":{"0":3376,"1":1647,"2":1226,"3":1338,"4":3174,"5":9,"6":683,"7":18,"8":0,"9":1}}