{"base_name":{"0":"\u042d\u043c\u0441\u0438-\u042d\u043c\u0441\u0438","1":"\u0421\u0442\u043e\u043b\u0438\u0447\u043d\u044b\u0435 \u043b\u043e\u0431\u0441\u0442\u0435\u0440\u044b","2":"\u0414\u0435\u0442\u0438 \u043a\u0430\u043f\u0438\u0442\u0430\u043d\u0430 \u0412\u0440\u0443\u043d\u0433\u0435\u043b\u044f","3":"Primus inter pares","4":"\u041c\u044b-6","5":"\u0401\u043b\u043a\u0438 \u043d\u0430 \u0433\u043e\u0440\u043a\u0435","6":"\u041a\u0438\u0440\u0430 \u041a\u043e\u0440\u043f\u0438","7":"\u041f\u0430\u0445\u043e\u043c \u041f\u0438\u0445\u0430\u0439","8":"Ctrl+F","9":"\u041e\u0442\u043d\u044f\u0442\u044c \u0438 \u043f\u043e\u0434\u0435\u043b\u0438\u0442\u044c","10":"\u0414\u0435\u0440\u0435\u0432\u043d\u044f \u0417\u0435\u0440\u043d\u0430"},"bonus_a":{"0":1717,"1":618,"2":1329,"3":214,"4":1945,"5":0,"6":1717,"7":2121,"8":0,"9":1010,"10":0},"bonus_b":{"0":496,"1":264,"2":414,"3":152,"4":695,"5":30,"6":496,"7":1390,"8":0,"9":344,"10":0},"current_name":{"0":"\u042d\u043c\u0441\u0438-\u042d\u043c\u0441\u0438","1":"\u0421\u0442\u043e\u043b\u0438\u0447\u043d\u044b\u0435 \u043b\u043e\u0431\u0441\u0442\u0435\u0440\u044b","2":"\u0414\u0435\u0442\u0438 \u043a\u0430\u043f\u0438\u0442\u0430\u043d\u0430 \u0412\u0440\u0443\u043d\u0433\u0435\u043b\u044f","3":"Primus inter pares","4":"\u041c\u044b-6","5":"\u0401\u043b\u043a\u0438 \u043d\u0430 \u0433\u043e\u0440\u043a\u0435","6":"\u041a\u0438\u0440\u0430 \u041a\u043e\u0440\u043f\u0438","7":"\u041f\u0430\u0445\u043e\u043c \u041f\u0438\u0445\u0430\u0439","8":"Ctrl+F","9":"\u041e\u0442\u043d\u044f\u0442\u044c \u0438 \u043f\u043e\u0434\u0435\u043b\u0438\u0442\u044c","10":"\u0414\u0435\u0440\u0435\u0432\u043d\u044f \u0417\u0435\u0440\u043d\u0430"},"d_bonus_a":{"0":1717,"1":618,"2":1329,"3":214,"4":1945,"5":0,"6":1717,"7":2121,"8":0,"9":1010,"10":0},"d_bonus_b":{"0":496,"1":264,"2":414,"3":152,"4":695,"5":30,"6":496,"7":1390,"8":0,"9":344,"10":0},"d_diff_bonus":{"0":-20,"1":-75,"2":-19,"3":0,"4":3,"5":0,"6":153,"7":22,"8":0,"9":81,"10":0},"diff_bonus":{"0":-20,"1":-75,"2":-19,"3":0,"4":3,"5":0,"6":153,"7":22,"8":0,"9":81,"10":0},"idteam":{"0":129,"1":130,"2":133,"3":3522,"4":3950,"5":10401,"6":41538,"7":42483,"8":53148,"9":58400,"10":62623},"included_in_rating":{"0":1,"1":1,"2":1,"3":1,"4":1,"5":1,"6":1,"7":1,"8":1,"9":1,"10":1},"mask":{"0":1.110110111e+44,"1":1.100110101e+44,"2":1.1001101e+44,"3":1.101001011e+40,"4":1.100110111e+44,"5":1.10000001e+44,"6":1.100010111e+44,"7":1.110110111e+44,"8":1.0001e+43,"9":1.110110101e+44,"10":1.000100001e+32},"position":{"0":3.5,"1":7.0,"2":5.0,"3":8.0,"4":2.0,"5":9.0,"6":3.5,"7":1.0,"8":10.5,"9":6.0,"10":10.5},"predicted_position":{"0":3,"1":5,"2":4,"3":8,"4":2,"5":9,"6":6,"7":1,"8":10,"9":7,"10":11},"questions_total":{"0":26,"1":21,"2":25,"3":17,"4":30,"5":12,"6":26,"7":37,"8":8,"9":22,"10":8},"tech_rating":{"0":2494,"1":1944,"2":1985,"3":1100,"4":3423,"5":243,"6":1705,"7":8369,"8":2,"9":1512,"10":0}}