{"base_name":{"0":"\u0417\u0435\u043b\u0451\u043d\u044b\u0439 \u0442\u0440\u0430\u043c\u0432\u0430\u0439","1":"\u041e\u0430\u0437\u0438\u0441","2":"Nabucodonosor","3":"Pokerface","4":"\u0411\u0435\u0437 \u0440\u0430\u0437\u043d\u0438\u0446\u044b","5":"Savage","6":"Alterego","7":"451","8":"\u0417\u0430\u0439\u0447\u0430\u0442\u043a\u0438 \u0440\u0430\u0437\u0443\u043c\u0430"},"bonus_a":{"0":2183,"1":553,"2":1131,"3":2089,"4":0,"5":0,"6":1642,"7":1918,"8":150},"bonus_b":{"0":946,"1":355,"2":489,"3":862,"4":43,"5":1034,"6":646,"7":782,"8":90},"current_name":{"0":"\u0417\u0435\u043b\u0451\u043d\u044b\u0439 \u0442\u0440\u0430\u043c\u0432\u0430\u0439","1":"\u041e\u0430\u0437\u0438\u0441","2":"Nabucodonosor","3":"Pokerface","4":"\u0411\u0435\u0437 \u0440\u0430\u0437\u043d\u0438\u0446\u044b","5":"Savage","6":"Alterego","7":"451","8":"\u0417\u0430\u0439\u0447\u0430\u0442\u043a\u0438 \u0440\u0430\u0437\u0443\u043c\u0430"},"d_bonus_a":{"0":2183,"1":553,"2":1131,"3":2089,"4":0,"5":2231,"6":1642,"7":1918,"8":150},"d_bonus_b":{"0":946,"1":355,"2":489,"3":862,"4":43,"5":1034,"6":646,"7":782,"8":90},"d_diff_bonus":{"0":6,"1":1,"2":-78,"3":4,"4":-24,"5":5,"6":-66,"7":296,"8":47},"diff_bonus":{"0":6,"1":1,"2":-78,"3":4,"4":-24,"5":5,"6":-66,"7":296,"8":47},"idteam":{"0":405,"1":2765,"2":28458,"3":42252,"4":42255,"5":42558,"6":44533,"7":51411,"8":64249},"included_in_rating":{"0":1,"1":1,"2":1,"3":1,"4":1,"5":1,"6":1,"7":1,"8":1},"mask":{"0":1.010110001e+63,"1":1.1e+68,"2":1.00110101e+71,"3":1.01110011e+71,"4":1.01000011e+70,"5":1.011110111e+71,"6":1.00100001e+71,"7":1.00100001e+71,"8":1.001001e+71},"position":{"0":2,"1":7,"2":6,"3":3,"4":9,"5":1,"6":5,"7":4,"8":8},"predicted_position":{"0":2,"1":7,"2":5,"3":3,"4":8,"5":1,"6":4,"7":6,"8":9},"questions_total":{"0":36,"1":21,"2":26,"3":34,"4":17,"5":41,"6":28,"7":27,"8":16},"tech_rating":{"0":4134,"1":2491,"2":3222,"3":3778,"4":551,"5":4506,"6":3686,"7":2497,"8":347}}