{"base_name":{"0":"\u0414\u0435\u0442\u0438 \u042d\u0439\u043b\u0435\u0440\u0430","1":"\u0422\u0430\u0439\u043d\u0430 \u043f\u0435\u0440\u0435\u0432\u0430\u043b\u0430 \u043a\u043e\u0442\u0438\u043a\u0430 \u0441 \u0431\u043e\u043a\u0443 \u043d\u0430 \u0431\u043e\u043a","2":"\u041a\u043e\u0442 \u042d\u043f\u0438\u0434\u043e\u0442","3":"\u0420\u043e\u0437\u0430 \u0432\u0435\u0442\u0440\u043e\u0432","4":"\u041a\u041b\u0422\u041d\u041d","5":"\u041f\u043e\u0434\u0443\u0448\u043a\u0430 \u041c\u0430\u043b\u0435\u0432\u0438\u0447\u0430","6":"\u0414\u0430, \u044d\u0442\u043e \u0436\u0451\u0441\u0442\u043a\u043e","7":"\u0423\u043e\u0442\u0441 \u0410\u043f\u043e\u0432","8":"\u041f\u0435\u043b\u044c\u043c\u0435\u0448\u043a\u0438 \u0414\u0435\u043c\u0435\u0448\u043a\u0438","9":"\u0415\u043c\u0435\u043b\u044c\u044f\u043d\u043e\u0432\u0446\u044b"},"bonus_a":{"0":1692,"1":1102,"2":704,"3":1449,"4":1987,"5":0,"6":0,"7":0,"8":0,"9":0},"bonus_b":{"0":811,"1":575,"2":431,"3":701,"4":944,"5":0,"6":0,"7":0,"8":163,"9":0},"current_name":{"0":"\u0414\u0435\u0442\u0438 \u042d\u0439\u043b\u0435\u0440\u0430","1":"\u0422\u0430\u0439\u043d\u0430 \u043f\u0435\u0440\u0435\u0432\u0430\u043b\u0430 \u043a\u043e\u0442\u0438\u043a\u0430 \u0441 \u0431\u043e\u043a\u0443 \u043d\u0430 \u0431\u043e\u043a","2":"\u041a\u043e\u0442 \u042d\u043f\u0438\u0434\u043e\u0442","3":"\u0420\u043e\u0437\u0430 \u0432\u0435\u0442\u0440\u043e\u0432","4":"\u041a\u041b\u0422\u041d\u041d","5":"\u041f\u043e\u0434\u0443\u0448\u043a\u0430 \u041c\u0430\u043b\u0435\u0432\u0438\u0447\u0430","6":"\u0414\u0430, \u044d\u0442\u043e \u0436\u0451\u0441\u0442\u043a\u043e","7":"\u041e\u0442\u0440\u044f\u0434 \u043f\u0440\u0438\u043c\u0430\u0442\u044b","8":"\u0415\u0433\u043e \u0448\u0430\u0440 \u043e\u0440\u0430\u043b","9":"\u0415\u043c\u0435\u043b\u044c\u044f\u043d\u043e\u0432\u0446\u044b"},"d_bonus_a":{"0":1692,"1":1102,"2":704,"3":1449,"4":1987,"5":0,"6":0,"7":0,"8":210,"9":0},"d_bonus_b":{"0":811,"1":575,"2":431,"3":701,"4":944,"5":0,"6":0,"7":0,"8":163,"9":0},"d_diff_bonus":{"0":-63,"1":146,"2":269,"3":3,"4":139,"5":0,"6":0,"7":0,"8":-206,"9":0},"diff_bonus":{"0":-63,"1":146,"2":269,"3":3,"4":139,"5":0,"6":0,"7":0,"8":-206,"9":0},"idteam":{"0":8723,"1":45807,"2":48364,"3":48985,"4":52023,"5":53738,"6":63901,"7":64107,"8":64537,"9":64869},"included_in_rating":{"0":1,"1":1,"2":1,"3":1,"4":1,"5":1,"6":1,"7":0,"8":0,"9":0},"mask":{"0":1.11010111e+89,"1":1.1010011e+88,"2":1.10011101e+89,"3":1.10110111e+88,"4":1.11011011e+89,"5":1.0011111e+88,"6":1.001e+88,"7":1.0010011e+88,"8":1.0011011e+88,"9":1.0011001e+88},"position":{"0":2,"1":4,"2":5,"3":3,"4":1,"5":7,"6":9,"7":8,"8":6,"9":10},"predicted_position":{"0":1.0,"1":5.0,"2":6.0,"3":3.0,"4":2.0,"5":7.0,"6":8.0,"7":9.5,"8":4.0,"9":9.5},"questions_total":{"0":75,"1":67,"2":57,"3":73,"4":76,"5":32,"6":16,"7":23,"8":51,"9":13},"tech_rating":{"0":4327,"1":2806,"2":1304,"3":3319,"4":3697,"5":2,"6":1,"7":0,"8":2889,"9":0}}