{"base_name":{"0":"\u0411\u0440\u043e\u043d\u0435\u043f\u043e\u0435\u0437\u0434 \u0438\u0437 \u0420\u043e\u043c\u0430\u0448\u043a\u043e\u0432\u043e","1":"\u041a\u0417\u044a","2":"Non-Sense","3":"\u041a\u0430\u0442\u0430\u0440\u0441\u0438\u0441","4":"\u0422\u0435\u043e\u0440\u0438\u044f \u0447\u0438\u0441\u0442\u044b\u0445 \u043e\u0436\u0438\u0434\u0430\u043d\u0438\u0439","5":"\u041a\u043e\u043c\u0430\u043d\u0434\u0430 \u0411\u043e\u0440\u0430\u0442\u0430 \u0421\u0430\u0433\u0434\u0438\u0435\u0432\u0430","6":"Alt-15","7":"\u0421\u0431\u043e\u0440\u043d\u0430\u044f \u041a\u043e\u0441\u043c\u0438\u0447\u0435\u0441\u043a\u0438\u0439 \u041c\u0443\u0441\u043e\u0440"},"bonus_a":{"0":0,"1":1881,"2":1490,"3":571,"4":2084,"5":0,"6":0,"7":0},"bonus_b":{"0":708,"1":1059,"2":1000,"3":857,"4":1115,"5":413,"6":163,"7":945},"current_name":{"0":"\u0411\u0440\u043e\u043d\u0435\u043f\u043e\u0435\u0437\u0434 \u0438\u0437 \u0420\u043e\u043c\u0430\u0448\u043a\u043e\u0432\u043e","1":"\u041a\u0417\u044a","2":"Non-Sense","3":"\u041a\u0430\u0442\u0430\u0440\u0441\u0438\u0441","4":"\u0422\u0435\u043e\u0440\u0438\u044f \u0447\u0438\u0441\u0442\u044b\u0445 \u043e\u0436\u0438\u0434\u0430\u043d\u0438\u0439","5":"\u041a\u043e\u043c\u0430\u043d\u0434\u0430 \u0411\u043e\u0440\u0430\u0442\u0430 \u0421\u0430\u0433\u0434\u0438\u0435\u0432\u0430","6":"Alt-15","7":"\u0421\u0431\u043e\u0440\u043d\u0430\u044f \u041a\u043e\u0441\u043c\u0438\u0447\u0435\u0441\u043a\u0438\u0439 \u041c\u0443\u0441\u043e\u0440"},"d_bonus_a":{"0":0,"1":1881,"2":1490,"3":571,"4":2084,"5":0,"6":0,"7":904},"d_bonus_b":{"0":708,"1":1059,"2":1000,"3":857,"4":1115,"5":413,"6":163,"7":945},"d_diff_bonus":{"0":-72,"1":359,"2":7,"3":299,"4":10,"5":-265,"6":0,"7":-51},"diff_bonus":{"0":-72,"1":359,"2":7,"3":299,"4":10,"5":-265,"6":0,"7":-51},"idteam":{"0":3425,"1":4789,"2":5517,"3":44726,"4":54476,"5":58077,"6":62070,"7":65179},"included_in_rating":{"0":0,"1":1,"2":1,"3":1,"4":1,"5":1,"6":1,"7":0},"mask":{"0":1.1e+86,"1":1.00101001e+87,"2":1.110001e+87,"3":1.000101e+87,"4":1.0101001e+89,"5":1.01e+89,"6":1e+75,"7":1.010000001e+85},"position":{"0":6,"1":2,"2":3,"3":5,"4":1,"5":7,"6":8,"7":4},"predicted_position":{"0":5,"1":6,"2":3,"3":7,"4":1,"5":4,"6":8,"7":2},"questions_total":{"0":37,"1":45,"2":44,"3":41,"4":48,"5":34,"6":15,"7":43},"tech_rating":{"0":4036,"1":4025,"2":4235,"3":2662,"4":4698,"5":4144,"6":1312,"7":4491}}